{
  "record": {
    "obs_mode": "full",
    "train_scenario": "nominal_high_load_shock_load_low_load_temperature_drop_cold_winter",
    "test_scenario": "low_load",
    "algo": "sac",
    "reward_config": "safety_first",
    "seed": 789,
    "reward_mean": 0.5544234215992627,
    "reward_std": 0.0,
    "ch4_avg": 1338.9394886217974,
    "ch4_std": 0.0,
    "violation_rate": 0.0,
    "violation_rate_std": 0.0,
    "vfa_cvar95": 0.0,
    "vfa_worst_episode": 0.0,
    "overall_score": 0.8383026259185842,
    "score_worst": 0.8383026259185842,
    "score_cvar95": -0.8383026259185842,
    "terminated_rate": 0.0,
    "ph_mean": 7.17400755172599,
    "vfa_max_mean": 0.15446551685753018,
    "n_episodes": 10
  },
  "raw": {
    "reward_mean": 0.5544234215992627,
    "reward_std": 0.0,
    "ch4_avg": 1338.9394886217974,
    "ch4_std": 0.0,
    "violation_rate": 0.0,
    "violation_rate_std": 0.0,
    "vfa_cvar95": 0.0,
    "vfa_worst_episode": 0.0,
    "overall_score": 0.8383026259185842,
    "score_worst": 0.8383026259185842,
    "score_cvar95": -0.8383026259185842,
    "terminated_rate": 0.0,
    "ph_mean": 7.17400755172599,
    "vfa_max_mean": 0.15446551685753018,
    "n_episodes": 10
  }
}