{
  "record": {
    "obs_mode": "full",
    "train_scenario": "nominal_high_load_shock_load_low_load_temperature_drop_cold_winter",
    "test_scenario": "nominal",
    "algo": "sac",
    "reward_config": "safety_first",
    "seed": 123,
    "reward_mean": 0.7167462285489516,
    "reward_std": 0.0,
    "ch4_avg": 1707.646611857885,
    "ch4_std": 0.0,
    "violation_rate": 0.0,
    "violation_rate_std": 0.0,
    "vfa_cvar95": 0.0,
    "vfa_worst_episode": 0.0,
    "overall_score": 0.9265224248360736,
    "score_worst": 0.9265224248360735,
    "score_cvar95": -0.9265224248360735,
    "terminated_rate": 0.0,
    "ph_mean": 7.224694466097385,
    "vfa_max_mean": 0.18035719159067365,
    "n_episodes": 10
  },
  "raw": {
    "reward_mean": 0.7167462285489516,
    "reward_std": 0.0,
    "ch4_avg": 1707.646611857885,
    "ch4_std": 0.0,
    "violation_rate": 0.0,
    "violation_rate_std": 0.0,
    "vfa_cvar95": 0.0,
    "vfa_worst_episode": 0.0,
    "overall_score": 0.9265224248360736,
    "score_worst": 0.9265224248360735,
    "score_cvar95": -0.9265224248360735,
    "terminated_rate": 0.0,
    "ph_mean": 7.224694466097385,
    "vfa_max_mean": 0.18035719159067365,
    "n_episodes": 10
  }
}