{
  "record": {
    "obs_mode": "simple",
    "train_scenario": "nominal_high_load_shock_load_low_load_temperature_drop_cold_winter",
    "test_scenario": "nominal",
    "algo": "sac",
    "reward_config": "safety_first",
    "seed": 456,
    "reward_mean": 0.740854666645302,
    "reward_std": 1.1702778228589004e-16,
    "ch4_avg": 1733.1930099308252,
    "ch4_std": 0.0,
    "violation_rate": 0.0,
    "violation_rate_std": 0.0,
    "vfa_cvar95": 0.0,
    "vfa_worst_episode": 0.0,
    "overall_score": 0.925208072697034,
    "score_worst": 0.9252080726970339,
    "score_cvar95": -0.9252080726970339,
    "terminated_rate": 0.0,
    "ph_mean": 7.226545730537016,
    "vfa_max_mean": 0.19023023541248135,
    "n_episodes": 10
  },
  "raw": {
    "reward_mean": 0.740854666645302,
    "reward_std": 1.1702778228589004e-16,
    "ch4_avg": 1733.1930099308252,
    "ch4_std": 0.0,
    "violation_rate": 0.0,
    "violation_rate_std": 0.0,
    "vfa_cvar95": 0.0,
    "vfa_worst_episode": 0.0,
    "overall_score": 0.925208072697034,
    "score_worst": 0.9252080726970339,
    "score_cvar95": -0.9252080726970339,
    "terminated_rate": 0.0,
    "ph_mean": 7.226545730537016,
    "vfa_max_mean": 0.19023023541248135,
    "n_episodes": 10
  }
}