{
  "record": {
    "obs_mode": "simple",
    "train_scenario": "nominal_high_load_shock_load_low_load_temperature_drop_cold_winter",
    "test_scenario": "temperature_drop",
    "algo": "sac",
    "reward_config": "safety_first",
    "seed": 789,
    "reward_mean": 0.7741001775584611,
    "reward_std": 0.0,
    "ch4_avg": 1869.382729020234,
    "ch4_std": 2.396728981215028e-13,
    "violation_rate": 0.020840569642236885,
    "violation_rate_std": 3.657118196434064e-18,
    "vfa_cvar95": 0.02084056964223689,
    "vfa_worst_episode": 0.02084056964223689,
    "overall_score": 0.9427762043399485,
    "score_worst": 0.9427762043399485,
    "score_cvar95": -0.9427762043399485,
    "terminated_rate": 0.0,
    "ph_mean": 7.224824574993727,
    "vfa_max_mean": 0.2144796821788642,
    "n_episodes": 10
  },
  "raw": {
    "reward_mean": 0.7741001775584611,
    "reward_std": 0.0,
    "ch4_avg": 1869.382729020234,
    "ch4_std": 2.396728981215028e-13,
    "violation_rate": 0.020840569642236885,
    "violation_rate_std": 3.657118196434064e-18,
    "vfa_cvar95": 0.02084056964223689,
    "vfa_worst_episode": 0.02084056964223689,
    "overall_score": 0.9427762043399485,
    "score_worst": 0.9427762043399485,
    "score_cvar95": -0.9427762043399485,
    "terminated_rate": 0.0,
    "ph_mean": 7.224824574993727,
    "vfa_max_mean": 0.2144796821788642,
    "n_episodes": 10
  }
}