{
  "record": {
    "obs_mode": "simple",
    "train_scenario": "nominal_high_load_shock_load_low_load_temperature_drop_cold_winter",
    "test_scenario": "shock_load",
    "algo": "sac",
    "reward_config": "safety_first",
    "seed": 456,
    "reward_mean": 0.7405302353433159,
    "reward_std": 1.1702778228589004e-16,
    "ch4_avg": 1732.3035972312214,
    "ch4_std": 2.396728981215028e-13,
    "violation_rate": 0.0,
    "violation_rate_std": 0.0,
    "vfa_cvar95": 0.0,
    "vfa_worst_episode": 0.0,
    "overall_score": 0.9249659855851377,
    "score_worst": 0.9249659855851378,
    "score_cvar95": -0.9249659855851378,
    "terminated_rate": 0.0,
    "ph_mean": 7.2269171309953135,
    "vfa_max_mean": 0.1893225654444928,
    "n_episodes": 10
  },
  "raw": {
    "reward_mean": 0.7405302353433159,
    "reward_std": 1.1702778228589004e-16,
    "ch4_avg": 1732.3035972312214,
    "ch4_std": 2.396728981215028e-13,
    "violation_rate": 0.0,
    "violation_rate_std": 0.0,
    "vfa_cvar95": 0.0,
    "vfa_worst_episode": 0.0,
    "overall_score": 0.9249659855851377,
    "score_worst": 0.9249659855851378,
    "score_cvar95": -0.9249659855851378,
    "terminated_rate": 0.0,
    "ph_mean": 7.2269171309953135,
    "vfa_max_mean": 0.1893225654444928,
    "n_episodes": 10
  }
}