{
  "record": {
    "obs_mode": "simple",
    "train_scenario": "nominal_high_load_shock_load_low_load_temperature_drop_cold_winter",
    "test_scenario": "high_load",
    "algo": "sac",
    "reward_config": "safety_first",
    "seed": 1234,
    "reward_mean": 0.25015299267365076,
    "reward_std": 0.0,
    "ch4_avg": 1639.9263269909775,
    "ch4_std": 2.396728981215028e-13,
    "violation_rate": 0.30635637374088226,
    "violation_rate_std": 0.0,
    "vfa_cvar95": 0.30635637374088226,
    "vfa_worst_episode": 0.30635637374088226,
    "overall_score": 0.7956484458421471,
    "score_worst": 0.7956484458421471,
    "score_cvar95": -0.7956484458421471,
    "terminated_rate": 0.0,
    "ph_mean": 7.25765498753299,
    "vfa_max_mean": 0.1786461062057802,
    "n_episodes": 10
  },
  "raw": {
    "reward_mean": 0.25015299267365076,
    "reward_std": 0.0,
    "ch4_avg": 1639.9263269909775,
    "ch4_std": 2.396728981215028e-13,
    "violation_rate": 0.30635637374088226,
    "violation_rate_std": 0.0,
    "vfa_cvar95": 0.30635637374088226,
    "vfa_worst_episode": 0.30635637374088226,
    "overall_score": 0.7956484458421471,
    "score_worst": 0.7956484458421471,
    "score_cvar95": -0.7956484458421471,
    "terminated_rate": 0.0,
    "ph_mean": 7.25765498753299,
    "vfa_max_mean": 0.1786461062057802,
    "n_episodes": 10
  }
}