{
  "record": {
    "obs_mode": "simple",
    "train_scenario": "nominal_high_load_shock_load_low_load_temperature_drop_cold_winter",
    "test_scenario": "low_load",
    "algo": "sac",
    "reward_config": "safety_first",
    "seed": 789,
    "reward_mean": 0.5760902886803763,
    "reward_std": 0.0,
    "ch4_avg": 1565.1641875070418,
    "ch4_std": 0.0,
    "violation_rate": 0.06530045154567557,
    "violation_rate_std": 1.4628472785736255e-17,
    "vfa_cvar95": 0.06530045154567558,
    "vfa_worst_episode": 0.06530045154567558,
    "overall_score": 0.8264254430433502,
    "score_worst": 0.8264254430433502,
    "score_cvar95": -0.8264254430433502,
    "terminated_rate": 0.0,
    "ph_mean": 7.18185131318121,
    "vfa_max_mean": 0.22649785681570958,
    "n_episodes": 10
  },
  "raw": {
    "reward_mean": 0.5760902886803763,
    "reward_std": 0.0,
    "ch4_avg": 1565.1641875070418,
    "ch4_std": 0.0,
    "violation_rate": 0.06530045154567557,
    "violation_rate_std": 1.4628472785736255e-17,
    "vfa_cvar95": 0.06530045154567558,
    "vfa_worst_episode": 0.06530045154567558,
    "overall_score": 0.8264254430433502,
    "score_worst": 0.8264254430433502,
    "score_cvar95": -0.8264254430433502,
    "terminated_rate": 0.0,
    "ph_mean": 7.18185131318121,
    "vfa_max_mean": 0.22649785681570958,
    "n_episodes": 10
  }
}