{
  "record": {
    "obs_mode": "simple",
    "train_scenario": "nominal_high_load_shock_load_low_load_temperature_drop_cold_winter",
    "test_scenario": "low_load",
    "algo": "sac",
    "reward_config": "safety_first",
    "seed": 456,
    "reward_mean": 0.4082161490331093,
    "reward_std": 0.0,
    "ch4_avg": 957.7681062894583,
    "ch4_std": 2.396728981215028e-13,
    "violation_rate": 0.0,
    "violation_rate_std": 0.0,
    "vfa_cvar95": 0.0,
    "vfa_worst_episode": 0.0,
    "overall_score": 0.6497898668806927,
    "score_worst": 0.6497898668806927,
    "score_cvar95": -0.6497898668806927,
    "terminated_rate": 0.0,
    "ph_mean": 7.198628799024765,
    "vfa_max_mean": 0.17095168093930763,
    "n_episodes": 10
  },
  "raw": {
    "reward_mean": 0.4082161490331093,
    "reward_std": 0.0,
    "ch4_avg": 957.7681062894583,
    "ch4_std": 2.396728981215028e-13,
    "violation_rate": 0.0,
    "violation_rate_std": 0.0,
    "vfa_cvar95": 0.0,
    "vfa_worst_episode": 0.0,
    "overall_score": 0.6497898668806927,
    "score_worst": 0.6497898668806927,
    "score_cvar95": -0.6497898668806927,
    "terminated_rate": 0.0,
    "ph_mean": 7.198628799024765,
    "vfa_max_mean": 0.17095168093930763,
    "n_episodes": 10
  }
}