{
  "record": {
    "obs_mode": "full",
    "train_scenario": "nominal_high_load_shock_load_low_load_temperature_drop_cold_winter",
    "test_scenario": "shock_load",
    "algo": "sac",
    "reward_config": "safety_first",
    "seed": 456,
    "reward_mean": 0.7671403033538173,
    "reward_std": 1.1702778228589004e-16,
    "ch4_avg": 1768.5682085179028,
    "ch4_std": 2.396728981215028e-13,
    "violation_rate": 0.0,
    "violation_rate_std": 0.0,
    "vfa_cvar95": 0.0,
    "vfa_worst_episode": 0.0,
    "overall_score": 0.9220004810075799,
    "score_worst": 0.9220004810075801,
    "score_cvar95": -0.9220004810075801,
    "terminated_rate": 0.0,
    "ph_mean": 7.239259402521529,
    "vfa_max_mean": 0.1902056411065995,
    "n_episodes": 10
  },
  "raw": {
    "reward_mean": 0.7671403033538173,
    "reward_std": 1.1702778228589004e-16,
    "ch4_avg": 1768.5682085179028,
    "ch4_std": 2.396728981215028e-13,
    "violation_rate": 0.0,
    "violation_rate_std": 0.0,
    "vfa_cvar95": 0.0,
    "vfa_worst_episode": 0.0,
    "overall_score": 0.9220004810075799,
    "score_worst": 0.9220004810075801,
    "score_cvar95": -0.9220004810075801,
    "terminated_rate": 0.0,
    "ph_mean": 7.239259402521529,
    "vfa_max_mean": 0.1902056411065995,
    "n_episodes": 10
  }
}