{
  "record": {
    "obs_mode": "full",
    "train_scenario": "nominal_high_load_shock_load_low_load_temperature_drop_cold_winter",
    "test_scenario": "temperature_drop",
    "algo": "sac",
    "reward_config": "safety_first",
    "seed": 456,
    "reward_mean": 0.7651912625689905,
    "reward_std": 0.0,
    "ch4_avg": 1762.460548096225,
    "ch4_std": 2.396728981215028e-13,
    "violation_rate": 0.0,
    "violation_rate_std": 0.0,
    "vfa_cvar95": 0.0,
    "vfa_worst_episode": 0.0,
    "overall_score": 0.9202231886371719,
    "score_worst": 0.9202231886371719,
    "score_cvar95": -0.9202231886371719,
    "terminated_rate": 0.0,
    "ph_mean": 7.2391535341418605,
    "vfa_max_mean": 0.19075155685532394,
    "n_episodes": 10
  },
  "raw": {
    "reward_mean": 0.7651912625689905,
    "reward_std": 0.0,
    "ch4_avg": 1762.460548096225,
    "ch4_std": 2.396728981215028e-13,
    "violation_rate": 0.0,
    "violation_rate_std": 0.0,
    "vfa_cvar95": 0.0,
    "vfa_worst_episode": 0.0,
    "overall_score": 0.9202231886371719,
    "score_worst": 0.9202231886371719,
    "score_cvar95": -0.9202231886371719,
    "terminated_rate": 0.0,
    "ph_mean": 7.2391535341418605,
    "vfa_max_mean": 0.19075155685532394,
    "n_episodes": 10
  }
}