{
  "record": {
    "obs_mode": "simple",
    "train_scenario": "nominal_high_load_shock_load_low_load_temperature_drop_cold_winter",
    "test_scenario": "cold_winter",
    "algo": "sac",
    "reward_config": "safety_first",
    "seed": 456,
    "reward_mean": 0.36416674314397973,
    "reward_std": 0.0,
    "ch4_avg": 767.0971078966992,
    "ch4_std": 1.198364490607514e-13,
    "violation_rate": 0.0,
    "violation_rate_std": 0.0,
    "vfa_cvar95": 0.0,
    "vfa_worst_episode": 0.0,
    "overall_score": 0.6276527296560435,
    "score_worst": 0.6276527296560435,
    "score_cvar95": -0.6276527296560435,
    "terminated_rate": 0.0,
    "ph_mean": 7.258586207343589,
    "vfa_max_mean": 0.16764140310699097,
    "n_episodes": 10
  },
  "raw": {
    "reward_mean": 0.36416674314397973,
    "reward_std": 0.0,
    "ch4_avg": 767.0971078966992,
    "ch4_std": 1.198364490607514e-13,
    "violation_rate": 0.0,
    "violation_rate_std": 0.0,
    "vfa_cvar95": 0.0,
    "vfa_worst_episode": 0.0,
    "overall_score": 0.6276527296560435,
    "score_worst": 0.6276527296560435,
    "score_cvar95": -0.6276527296560435,
    "terminated_rate": 0.0,
    "ph_mean": 7.258586207343589,
    "vfa_max_mean": 0.16764140310699097,
    "n_episodes": 10
  }
}