{
  "record": {
    "obs_mode": "full",
    "train_scenario": "nominal_high_load_shock_load_low_load_temperature_drop_cold_winter",
    "test_scenario": "low_load",
    "algo": "sac",
    "reward_config": "safety_first",
    "seed": 123,
    "reward_mean": 0.4141783374829925,
    "reward_std": 5.851389114294502e-17,
    "ch4_avg": 1018.5671097179423,
    "ch4_std": 1.198364490607514e-13,
    "violation_rate": 0.0,
    "violation_rate_std": 0.0,
    "vfa_cvar95": 0.0,
    "vfa_worst_episode": 0.0,
    "overall_score": 0.6801274555027013,
    "score_worst": 0.6801274555027014,
    "score_cvar95": -0.6801274555027014,
    "terminated_rate": 0.0,
    "ph_mean": 7.176492673255515,
    "vfa_max_mean": 0.16914447784168352,
    "n_episodes": 10
  },
  "raw": {
    "reward_mean": 0.4141783374829925,
    "reward_std": 5.851389114294502e-17,
    "ch4_avg": 1018.5671097179423,
    "ch4_std": 1.198364490607514e-13,
    "violation_rate": 0.0,
    "violation_rate_std": 0.0,
    "vfa_cvar95": 0.0,
    "vfa_worst_episode": 0.0,
    "overall_score": 0.6801274555027013,
    "score_worst": 0.6801274555027014,
    "score_cvar95": -0.6801274555027014,
    "terminated_rate": 0.0,
    "ph_mean": 7.176492673255515,
    "vfa_max_mean": 0.16914447784168352,
    "n_episodes": 10
  }
}