{
  "record": {
    "obs_mode": "full",
    "train_scenario": "nominal_high_load_shock_load_low_load_temperature_drop_cold_winter",
    "test_scenario": "nominal",
    "algo": "sac",
    "reward_config": "safety_first",
    "seed": 1234,
    "reward_mean": 0.7936712616846642,
    "reward_std": 0.0,
    "ch4_avg": 1898.779374774021,
    "ch4_std": 0.0,
    "violation_rate": 0.003126085446335533,
    "violation_rate_std": 0.0,
    "vfa_cvar95": 0.003126085446335533,
    "vfa_worst_episode": 0.003126085446335533,
    "overall_score": 0.9553864909410491,
    "score_worst": 0.9553864909410492,
    "score_cvar95": -0.9553864909410492,
    "terminated_rate": 0.0,
    "ph_mean": 7.222528956482163,
    "vfa_max_mean": 0.206577408866564,
    "n_episodes": 10
  },
  "raw": {
    "reward_mean": 0.7936712616846642,
    "reward_std": 0.0,
    "ch4_avg": 1898.779374774021,
    "ch4_std": 0.0,
    "violation_rate": 0.003126085446335533,
    "violation_rate_std": 0.0,
    "vfa_cvar95": 0.003126085446335533,
    "vfa_worst_episode": 0.003126085446335533,
    "overall_score": 0.9553864909410491,
    "score_worst": 0.9553864909410492,
    "score_cvar95": -0.9553864909410492,
    "terminated_rate": 0.0,
    "ph_mean": 7.222528956482163,
    "vfa_max_mean": 0.206577408866564,
    "n_episodes": 10
  }
}