{
  "record": {
    "obs_mode": "full",
    "train_scenario": "nominal_high_load_shock_load_low_load_temperature_drop_cold_winter",
    "test_scenario": "cold_winter",
    "algo": "sac",
    "reward_config": "safety_first",
    "seed": 42,
    "reward_mean": 0.39251246127116823,
    "reward_std": 5.851389114294502e-17,
    "ch4_avg": 1087.3676520391132,
    "ch4_std": 2.396728981215028e-13,
    "violation_rate": 0.09030913511635985,
    "violation_rate_std": 0.0,
    "vfa_cvar95": 0.09030913511635985,
    "vfa_worst_episode": 0.09030913511635985,
    "overall_score": 0.6667909625630839,
    "score_worst": 0.6667909625630838,
    "score_cvar95": -0.6667909625630838,
    "terminated_rate": 0.0,
    "ph_mean": 7.193940295224076,
    "vfa_max_mean": 0.23608296628088757,
    "n_episodes": 10
  },
  "raw": {
    "reward_mean": 0.39251246127116823,
    "reward_std": 5.851389114294502e-17,
    "ch4_avg": 1087.3676520391132,
    "ch4_std": 2.396728981215028e-13,
    "violation_rate": 0.09030913511635985,
    "violation_rate_std": 0.0,
    "vfa_cvar95": 0.09030913511635985,
    "vfa_worst_episode": 0.09030913511635985,
    "overall_score": 0.6667909625630839,
    "score_worst": 0.6667909625630838,
    "score_cvar95": -0.6667909625630838,
    "terminated_rate": 0.0,
    "ph_mean": 7.193940295224076,
    "vfa_max_mean": 0.23608296628088757,
    "n_episodes": 10
  }
}