{
  "record": {
    "obs_mode": "simple",
    "train_scenario": "nominal_high_load_shock_load_low_load_temperature_drop_cold_winter",
    "test_scenario": "shock_load",
    "algo": "sac",
    "reward_config": "safety_first",
    "seed": 1234,
    "reward_mean": 0.7050070716224485,
    "reward_std": 0.0,
    "ch4_avg": 1652.6289127132954,
    "ch4_std": 2.396728981215028e-13,
    "violation_rate": 0.0,
    "violation_rate_std": 0.0,
    "vfa_cvar95": 0.0,
    "vfa_worst_episode": 0.0,
    "overall_score": 0.9169917846675902,
    "score_worst": 0.9169917846675901,
    "score_cvar95": -0.9169917846675901,
    "terminated_rate": 0.0,
    "ph_mean": 7.226656082241419,
    "vfa_max_mean": 0.1869393969599717,
    "n_episodes": 10
  },
  "raw": {
    "reward_mean": 0.7050070716224485,
    "reward_std": 0.0,
    "ch4_avg": 1652.6289127132954,
    "ch4_std": 2.396728981215028e-13,
    "violation_rate": 0.0,
    "violation_rate_std": 0.0,
    "vfa_cvar95": 0.0,
    "vfa_worst_episode": 0.0,
    "overall_score": 0.9169917846675902,
    "score_worst": 0.9169917846675901,
    "score_cvar95": -0.9169917846675901,
    "terminated_rate": 0.0,
    "ph_mean": 7.226656082241419,
    "vfa_max_mean": 0.1869393969599717,
    "n_episodes": 10
  }
}