{
  "record": {
    "obs_mode": "simple",
    "train_scenario": "nominal_high_load_shock_load_low_load_temperature_drop_cold_winter",
    "test_scenario": "high_load",
    "algo": "sac",
    "reward_config": "safety_first",
    "seed": 42,
    "reward_mean": 0.301243928001697,
    "reward_std": 5.851389114294502e-17,
    "ch4_avg": 1386.8271114525705,
    "ch4_std": 0.0,
    "violation_rate": 0.21847863841611667,
    "violation_rate_std": 2.925694557147251e-17,
    "vfa_cvar95": 0.2184786384161167,
    "vfa_worst_episode": 0.2184786384161167,
    "overall_score": 0.7440073973892056,
    "score_worst": 0.7440073973892055,
    "score_cvar95": -0.7440073973892055,
    "terminated_rate": 0.0,
    "ph_mean": 7.251856141592427,
    "vfa_max_mean": 0.16098957219825574,
    "n_episodes": 10
  },
  "raw": {
    "reward_mean": 0.301243928001697,
    "reward_std": 5.851389114294502e-17,
    "ch4_avg": 1386.8271114525705,
    "ch4_std": 0.0,
    "violation_rate": 0.21847863841611667,
    "violation_rate_std": 2.925694557147251e-17,
    "vfa_cvar95": 0.2184786384161167,
    "vfa_worst_episode": 0.2184786384161167,
    "overall_score": 0.7440073973892056,
    "score_worst": 0.7440073973892055,
    "score_cvar95": -0.7440073973892055,
    "terminated_rate": 0.0,
    "ph_mean": 7.251856141592427,
    "vfa_max_mean": 0.16098957219825574,
    "n_episodes": 10
  }
}