{
  "record": {
    "obs_mode": "full",
    "train_scenario": "nominal_high_load_shock_load_low_load_temperature_drop_cold_winter",
    "test_scenario": "low_load",
    "algo": "sac",
    "reward_config": "safety_first",
    "seed": 42,
    "reward_mean": 0.6073996300384412,
    "reward_std": 1.1702778228589004e-16,
    "ch4_avg": 1441.3808222666044,
    "ch4_std": 2.396728981215028e-13,
    "violation_rate": 0.0,
    "violation_rate_std": 0.0,
    "vfa_cvar95": 0.0,
    "vfa_worst_episode": 0.0,
    "overall_score": 0.8486749662967256,
    "score_worst": 0.8486749662967256,
    "score_cvar95": -0.8486749662967256,
    "terminated_rate": 0.0,
    "ph_mean": 7.185597495327104,
    "vfa_max_mean": 0.16654538554410242,
    "n_episodes": 10
  },
  "raw": {
    "reward_mean": 0.6073996300384412,
    "reward_std": 1.1702778228589004e-16,
    "ch4_avg": 1441.3808222666044,
    "ch4_std": 2.396728981215028e-13,
    "violation_rate": 0.0,
    "violation_rate_std": 0.0,
    "vfa_cvar95": 0.0,
    "vfa_worst_episode": 0.0,
    "overall_score": 0.8486749662967256,
    "score_worst": 0.8486749662967256,
    "score_cvar95": -0.8486749662967256,
    "terminated_rate": 0.0,
    "ph_mean": 7.185597495327104,
    "vfa_max_mean": 0.16654538554410242,
    "n_episodes": 10
  }
}