{
  "record": {
    "obs_mode": "simple",
    "train_scenario": "nominal_high_load_shock_load_low_load_temperature_drop_cold_winter",
    "test_scenario": "temperature_drop",
    "algo": "sac",
    "reward_config": "safety_first",
    "seed": 123,
    "reward_mean": 0.7773051059086205,
    "reward_std": 0.0,
    "ch4_avg": 1828.8693485944382,
    "ch4_std": 0.0,
    "violation_rate": 0.0017367141368530739,
    "violation_rate_std": 0.0,
    "vfa_cvar95": 0.0017367141368530739,
    "vfa_worst_episode": 0.0017367141368530739,
    "overall_score": 0.9463022575934621,
    "score_worst": 0.9463022575934622,
    "score_cvar95": -0.9463022575934622,
    "terminated_rate": 0.0,
    "ph_mean": 7.2239293673537,
    "vfa_max_mean": 0.20206238090094536,
    "n_episodes": 10
  },
  "raw": {
    "reward_mean": 0.7773051059086205,
    "reward_std": 0.0,
    "ch4_avg": 1828.8693485944382,
    "ch4_std": 0.0,
    "violation_rate": 0.0017367141368530739,
    "violation_rate_std": 0.0,
    "vfa_cvar95": 0.0017367141368530739,
    "vfa_worst_episode": 0.0017367141368530739,
    "overall_score": 0.9463022575934621,
    "score_worst": 0.9463022575934622,
    "score_cvar95": -0.9463022575934622,
    "terminated_rate": 0.0,
    "ph_mean": 7.2239293673537,
    "vfa_max_mean": 0.20206238090094536,
    "n_episodes": 10
  }
}