{
  "record": {
    "obs_mode": "simple",
    "train_scenario": "nominal_high_load_shock_load_low_load_temperature_drop_cold_winter",
    "test_scenario": "cold_winter",
    "algo": "sac",
    "reward_config": "safety_first",
    "seed": 42,
    "reward_mean": -0.26220709075349646,
    "reward_std": 0.0,
    "ch4_avg": 843.3374072438864,
    "ch4_std": 0.0,
    "violation_rate": 0.16643225503984999,
    "violation_rate_std": 0.0,
    "vfa_cvar95": 0.16643225503984999,
    "vfa_worst_episode": 0.16643225503984999,
    "overall_score": -0.37781478236349664,
    "score_worst": -0.37781478236349664,
    "score_cvar95": 0.37781478236349664,
    "terminated_rate": 1.0,
    "ph_mean": 7.104293862972989,
    "vfa_max_mean": 0.8000100577462783,
    "n_episodes": 10
  },
  "raw": {
    "reward_mean": -0.26220709075349646,
    "reward_std": 0.0,
    "ch4_avg": 843.3374072438864,
    "ch4_std": 0.0,
    "violation_rate": 0.16643225503984999,
    "violation_rate_std": 0.0,
    "vfa_cvar95": 0.16643225503984999,
    "vfa_worst_episode": 0.16643225503984999,
    "overall_score": -0.37781478236349664,
    "score_worst": -0.37781478236349664,
    "score_cvar95": 0.37781478236349664,
    "terminated_rate": 1.0,
    "ph_mean": 7.104293862972989,
    "vfa_max_mean": 0.8000100577462783,
    "n_episodes": 10
  }
}