{
  "record": {
    "obs_mode": "simple",
    "train_scenario": "nominal_high_load_shock_load_low_load_temperature_drop_cold_winter",
    "test_scenario": "high_load",
    "algo": "sac",
    "reward_config": "safety_first",
    "seed": 456,
    "reward_mean": 0.5644069038054788,
    "reward_std": 1.1702778228589004e-16,
    "ch4_avg": 1849.5907726687583,
    "ch4_std": 0.0,
    "violation_rate": 0.15248350121569992,
    "violation_rate_std": 2.925694557147251e-17,
    "vfa_cvar95": 0.1524835012156999,
    "vfa_worst_episode": 0.1524835012156999,
    "overall_score": 0.8942708719924669,
    "score_worst": 0.8942708719924669,
    "score_cvar95": -0.8942708719924669,
    "terminated_rate": 0.0,
    "ph_mean": 7.245173487986645,
    "vfa_max_mean": 0.20071143723011922,
    "n_episodes": 10
  },
  "raw": {
    "reward_mean": 0.5644069038054788,
    "reward_std": 1.1702778228589004e-16,
    "ch4_avg": 1849.5907726687583,
    "ch4_std": 0.0,
    "violation_rate": 0.15248350121569992,
    "violation_rate_std": 2.925694557147251e-17,
    "vfa_cvar95": 0.1524835012156999,
    "vfa_worst_episode": 0.1524835012156999,
    "overall_score": 0.8942708719924669,
    "score_worst": 0.8942708719924669,
    "score_cvar95": -0.8942708719924669,
    "terminated_rate": 0.0,
    "ph_mean": 7.245173487986645,
    "vfa_max_mean": 0.20071143723011922,
    "n_episodes": 10
  }
}