{
  "record": {
    "obs_mode": "full",
    "train_scenario": "nominal_high_load_shock_load_low_load_temperature_drop_cold_winter",
    "test_scenario": "nominal",
    "algo": "sac",
    "reward_config": "safety_first",
    "seed": 789,
    "reward_mean": 0.7187076348917042,
    "reward_std": 1.1702778228589004e-16,
    "ch4_avg": 1666.8053588688556,
    "ch4_std": 2.396728981215028e-13,
    "violation_rate": 0.0,
    "violation_rate_std": 0.0,
    "vfa_cvar95": 0.0,
    "vfa_worst_episode": 0.0,
    "overall_score": 0.9119613045221213,
    "score_worst": 0.9119613045221213,
    "score_cvar95": -0.9119613045221213,
    "terminated_rate": 0.0,
    "ph_mean": 7.224881254888031,
    "vfa_max_mean": 0.16616825476579833,
    "n_episodes": 10
  },
  "raw": {
    "reward_mean": 0.7187076348917042,
    "reward_std": 1.1702778228589004e-16,
    "ch4_avg": 1666.8053588688556,
    "ch4_std": 2.396728981215028e-13,
    "violation_rate": 0.0,
    "violation_rate_std": 0.0,
    "vfa_cvar95": 0.0,
    "vfa_worst_episode": 0.0,
    "overall_score": 0.9119613045221213,
    "score_worst": 0.9119613045221213,
    "score_cvar95": -0.9119613045221213,
    "terminated_rate": 0.0,
    "ph_mean": 7.224881254888031,
    "vfa_max_mean": 0.16616825476579833,
    "n_episodes": 10
  }
}