{
  "record": {
    "obs_mode": "simple",
    "train_scenario": "nominal_high_load_shock_load_low_load_temperature_drop_cold_winter",
    "test_scenario": "low_load",
    "algo": "sac",
    "reward_config": "safety_first",
    "seed": 1234,
    "reward_mean": 0.5909879318567086,
    "reward_std": 0.0,
    "ch4_avg": 1438.6116592067663,
    "ch4_std": 0.0,
    "violation_rate": 0.0,
    "violation_rate_std": 0.0,
    "vfa_cvar95": 0.0,
    "vfa_worst_episode": 0.0,
    "overall_score": 0.84880138305742,
    "score_worst": 0.84880138305742,
    "score_cvar95": -0.84880138305742,
    "terminated_rate": 0.0,
    "ph_mean": 7.161747262438206,
    "vfa_max_mean": 0.16385105838562192,
    "n_episodes": 10
  },
  "raw": {
    "reward_mean": 0.5909879318567086,
    "reward_std": 0.0,
    "ch4_avg": 1438.6116592067663,
    "ch4_std": 0.0,
    "violation_rate": 0.0,
    "violation_rate_std": 0.0,
    "vfa_cvar95": 0.0,
    "vfa_worst_episode": 0.0,
    "overall_score": 0.84880138305742,
    "score_worst": 0.84880138305742,
    "score_cvar95": -0.84880138305742,
    "terminated_rate": 0.0,
    "ph_mean": 7.161747262438206,
    "vfa_max_mean": 0.16385105838562192,
    "n_episodes": 10
  }
}