{
  "record": {
    "obs_mode": "simple",
    "train_scenario": "nominal_high_load_shock_load_low_load_temperature_drop_cold_winter",
    "test_scenario": "nominal",
    "algo": "sac",
    "reward_config": "safety_first",
    "seed": 123,
    "reward_mean": 0.7771117464683952,
    "reward_std": 0.0,
    "ch4_avg": 1828.9851592589355,
    "ch4_std": 2.396728981215028e-13,
    "violation_rate": 0.0017367141368530739,
    "violation_rate_std": 0.0,
    "vfa_cvar95": 0.0017367141368530739,
    "vfa_worst_episode": 0.0017367141368530739,
    "overall_score": 0.9463222523461109,
    "score_worst": 0.9463222523461109,
    "score_cvar95": -0.9463222523461109,
    "terminated_rate": 0.0,
    "ph_mean": 7.2237886072828825,
    "vfa_max_mean": 0.2019061379362022,
    "n_episodes": 10
  },
  "raw": {
    "reward_mean": 0.7771117464683952,
    "reward_std": 0.0,
    "ch4_avg": 1828.9851592589355,
    "ch4_std": 2.396728981215028e-13,
    "violation_rate": 0.0017367141368530739,
    "violation_rate_std": 0.0,
    "vfa_cvar95": 0.0017367141368530739,
    "vfa_worst_episode": 0.0017367141368530739,
    "overall_score": 0.9463222523461109,
    "score_worst": 0.9463222523461109,
    "score_cvar95": -0.9463222523461109,
    "terminated_rate": 0.0,
    "ph_mean": 7.2237886072828825,
    "vfa_max_mean": 0.2019061379362022,
    "n_episodes": 10
  }
}