{
  "controller": "mpc",
  "train_scenario": "cold_winter",
  "test_scenario": "cold_winter",
  "obs_mode": "full",
  "seed": 456,
  "horizon": 4,
  "max_iter": 10,
  "disturbance_model": "persistent",
  "episode_steps": 2879,
  "terminated_early": false,
  "termination_step": null,
  "episode_duration_s": 2822.1,
  "overall_score": 0.7185593807155131,
  "score_worst": 0.7185593807155131,
  "score_cvar95": 0.7185593807155131,
  "avg_ch4_flow": 881.9911145131141,
  "total_ch4_m3": 26450.554492125306,
  "violation_rate": 0.0,
  "ph_violation_count": 0,
  "vfa_violation_count": 0,
  "nh3_violation_count": 0,
  "ch4_cv": 0.289194210935549,
  "production_score": 0.44099555725655704,
  "safety_score": 1.0,
  "stability_score": 0.710805789064451
}