{
  "controller": "mpc",
  "train_scenario": "low_load",
  "test_scenario": "low_load",
  "obs_mode": "full",
  "seed": 123,
  "horizon": 4,
  "max_iter": 10,
  "disturbance_model": "persistent",
  "episode_steps": 2879,
  "terminated_early": false,
  "termination_step": null,
  "episode_duration_s": 2222.2,
  "overall_score": 0.6817491749781882,
  "score_worst": 0.6817491749781882,
  "score_cvar95": 0.6817491749781882,
  "avg_ch4_flow": 695.5052698928366,
  "total_ch4_m3": 20857.91992475595,
  "violation_rate": 0.0,
  "ph_violation_count": 0,
  "vfa_violation_count": 0,
  "nh3_violation_count": 0,
  "ch4_cv": 0.2867593950018956,
  "production_score": 0.34775263494641834,
  "safety_score": 1.0,
  "stability_score": 0.7132406049981044
}