{
  "controller": "mpc",
  "train_scenario": "shock_load",
  "test_scenario": "shock_load",
  "obs_mode": "full",
  "seed": 42,
  "horizon": 4,
  "max_iter": 10,
  "disturbance_model": "persistent",
  "episode_steps": 2879,
  "terminated_early": false,
  "termination_step": null,
  "episode_duration_s": 2189.1,
  "overall_score": 0.42219615981702674,
  "score_worst": 0.42219615981702674,
  "score_cvar95": 0.42219615981702674,
  "avg_ch4_flow": 980.5100894724768,
  "total_ch4_m3": 29405.098447037457,
  "violation_rate": 0.8054880166724557,
  "ph_violation_count": 0,
  "vfa_violation_count": 0,
  "nh3_violation_count": 2319,
  "ch4_cv": 0.2585532570424318,
  "production_score": 0.4902550447362384,
  "safety_score": 0.19451198332754427,
  "stability_score": 0.7414467429575682
}