{
  "controller": "mpc",
  "train_scenario": "high_load",
  "test_scenario": "high_load",
  "obs_mode": "full",
  "seed": 456,
  "horizon": 4,
  "max_iter": 10,
  "disturbance_model": "persistent",
  "episode_steps": 2879,
  "terminated_early": false,
  "termination_step": null,
  "episode_duration_s": 1962.4,
  "overall_score": 0.41314129561603985,
  "score_worst": 0.41314129561603985,
  "score_cvar95": 0.41314129561603985,
  "avg_ch4_flow": 1238.882451814217,
  "total_ch4_m3": 37153.5804180287,
  "violation_rate": 0.9680444598819035,
  "ph_violation_count": 0,
  "vfa_violation_count": 0,
  "nh3_violation_count": 2787,
  "ch4_cv": 0.2370870539702111,
  "production_score": 0.6194412259071085,
  "safety_score": 0.03195554011809654,
  "stability_score": 0.7629129460297889
}