{
  "controller": "mpc",
  "train_scenario": "nominal",
  "test_scenario": "nominal",
  "obs_mode": "full",
  "seed": 456,
  "horizon": 4,
  "max_iter": 10,
  "disturbance_model": "persistent",
  "episode_steps": 2879,
  "terminated_early": false,
  "termination_step": null,
  "episode_duration_s": 2216.1,
  "overall_score": 0.42314448287210593,
  "score_worst": 0.42314448287210593,
  "score_cvar95": 0.42314448287210593,
  "avg_ch4_flow": 982.678976745028,
  "total_ch4_m3": 29470.142493452324,
  "violation_rate": 0.8040986453629733,
  "ph_violation_count": 0,
  "vfa_violation_count": 0,
  "nh3_violation_count": 2315,
  "ch4_cv": 0.25875927165855217,
  "production_score": 0.491339488372514,
  "safety_score": 0.19590135463702674,
  "stability_score": 0.7412407283414478
}