{
  "controller": "mpc",
  "train_scenario": "temperature_drop",
  "test_scenario": "temperature_drop",
  "obs_mode": "full",
  "seed": 123,
  "horizon": 4,
  "max_iter": 10,
  "disturbance_model": "persistent",
  "episode_steps": 2879,
  "terminated_early": false,
  "termination_step": null,
  "episode_duration_s": 2114.0,
  "overall_score": 0.4237671887183442,
  "score_worst": 0.4237671887183442,
  "score_cvar95": 0.4237671887183442,
  "avg_ch4_flow": 981.0482253475385,
  "total_ch4_m3": 29421.236922871587,
  "violation_rate": 0.8013199027440083,
  "ph_violation_count": 0,
  "vfa_violation_count": 0,
  "nh3_violation_count": 2307,
  "ch4_cv": 0.2595724762678013,
  "production_score": 0.4905241126737693,
  "safety_score": 0.19868009725599167,
  "stability_score": 0.7404275237321987
}