{
  "controller": "nmpc_oracle",
  "train_scenario": "cold_winter",
  "test_scenario": "cold_winter",
  "obs_mode": "full",
  "seed": 456,
  "horizon": 4,
  "max_iter": 10,
  "episode_steps": 2879,
  "terminated_early": false,
  "termination_step": null,
  "episode_duration_s": 2578.2,
  "overall_score": 0.7162776845876913,
  "score_worst": 0.7162776845876913,
  "score_cvar95": 0.7162776845876913,
  "avg_ch4_flow": 874.8177739361495,
  "total_ch4_m3": 26235.428928273883,
  "violation_rate": 0.0,
  "ph_violation_count": 0,
  "vfa_violation_count": 0,
  "nh3_violation_count": 0,
  "ch4_cv": 0.2934293509976932,
  "production_score": 0.43740888696807473,
  "safety_score": 1.0,
  "stability_score": 0.7065706490023068
}