{
  "controller": "nmpc_oracle",
  "train_scenario": "nominal",
  "test_scenario": "nominal",
  "obs_mode": "full",
  "seed": 42,
  "horizon": 4,
  "max_iter": 10,
  "episode_steps": 2879,
  "terminated_early": false,
  "termination_step": null,
  "episode_duration_s": 2272.1,
  "overall_score": 0.42915243851274104,
  "score_worst": 0.42915243851274104,
  "score_cvar95": 0.42915243851274104,
  "avg_ch4_flow": 980.4574321911402,
  "total_ch4_m3": 29403.519276605373,
  "violation_rate": 0.7874261896491838,
  "ph_violation_count": 0,
  "vfa_violation_count": 0,
  "nh3_violation_count": 2267,
  "ch4_cv": 0.25984286032906756,
  "production_score": 0.4902287160955701,
  "safety_score": 0.21257381035081624,
  "stability_score": 0.7401571396709324
}