{
  "controller": "nmpc_oracle",
  "train_scenario": "high_load",
  "test_scenario": "high_load",
  "obs_mode": "full",
  "seed": 42,
  "horizon": 4,
  "max_iter": 10,
  "episode_steps": 2879,
  "terminated_early": false,
  "termination_step": null,
  "episode_duration_s": 2255.4,
  "overall_score": 0.41160687923645567,
  "score_worst": 0.41160687923645567,
  "score_cvar95": 0.41160687923645567,
  "avg_ch4_flow": 1251.885541565047,
  "total_ch4_m3": 37543.537786488356,
  "violation_rate": 0.9704758596734977,
  "ph_violation_count": 0,
  "vfa_violation_count": 32,
  "nh3_violation_count": 2762,
  "ch4_cv": 0.25289942603577353,
  "production_score": 0.6259427707825236,
  "safety_score": 0.0295241403265023,
  "stability_score": 0.7471005739642265
}