{
  "controller": "nmpc_oracle",
  "train_scenario": "low_load",
  "test_scenario": "low_load",
  "obs_mode": "full",
  "seed": 42,
  "horizon": 4,
  "max_iter": 10,
  "episode_steps": 2879,
  "terminated_early": false,
  "termination_step": null,
  "episode_duration_s": 2570.9,
  "overall_score": 0.6857211842956601,
  "score_worst": 0.6857211842956601,
  "score_cvar95": 0.6857211842956601,
  "avg_ch4_flow": 682.2592201104684,
  "total_ch4_m3": 20460.676283852215,
  "violation_rate": 0.0,
  "ph_violation_count": 0,
  "vfa_violation_count": 0,
  "nh3_violation_count": 0,
  "ch4_cv": 0.25365329863216796,
  "production_score": 0.3411296100552342,
  "safety_score": 1.0,
  "stability_score": 0.746346701367832
}