{
  "controller": "nmpc_oracle",
  "train_scenario": "shock_load",
  "test_scenario": "shock_load",
  "obs_mode": "full",
  "seed": 42,
  "horizon": 4,
  "max_iter": 10,
  "episode_steps": 2879,
  "terminated_early": false,
  "termination_step": null,
  "episode_duration_s": 2415.6,
  "overall_score": 0.4344106938593497,
  "score_worst": 0.4344106938593497,
  "score_cvar95": 0.4344106938593497,
  "avg_ch4_flow": 977.0472937569797,
  "total_ch4_m3": 29301.25061312995,
  "violation_rate": 0.7704063911080237,
  "ph_violation_count": 0,
  "vfa_violation_count": 0,
  "nh3_violation_count": 2218,
  "ch4_cv": 0.26418104224418354,
  "production_score": 0.4885236468784898,
  "safety_score": 0.22959360889197633,
  "stability_score": 0.7358189577558165
}