{
  "controller": "nmpc_oracle",
  "train_scenario": "temperature_drop",
  "test_scenario": "temperature_drop",
  "obs_mode": "full",
  "seed": 42,
  "horizon": 4,
  "max_iter": 10,
  "episode_steps": 2879,
  "terminated_early": false,
  "termination_step": null,
  "episode_duration_s": 2285.0,
  "overall_score": 0.42520026364731833,
  "score_worst": 0.42520026364731833,
  "score_cvar95": 0.42520026364731833,
  "avg_ch4_flow": 976.4062638976266,
  "total_ch4_m3": 29282.026388591974,
  "violation_rate": 0.7957624175060785,
  "ph_violation_count": 0,
  "vfa_violation_count": 0,
  "nh3_violation_count": 2291,
  "ch4_cv": 0.25888011064887817,
  "production_score": 0.48820313194881326,
  "safety_score": 0.20423758249392154,
  "stability_score": 0.7411198893511218
}