{
  "record": {
    "obs_mode": "full",
    "train_scenario": "low_load",
    "test_scenario": "recovery_test",
    "algo": "sac",
    "reward_config": "safety_first",
    "seed": 42,
    "reward_mean": 0.1010080407253687,
    "reward_std": 1.3877787807814457e-17,
    "ch4_avg": 1571.7969358044652,
    "ch4_std": 2.2737367544323206e-13,
    "violation_rate": 0.3944762897342366,
    "violation_rate_std": 0.0,
    "overall_score": 0.7024614338552828,
    "terminated_rate": 0.0,
    "ph_mean": 7.254923651793097,
    "vfa_max_mean": 0.1976874966657655,
    "vfa_cvar95": 0.3944762897342366,
    "vfa_worst_episode": 0.3944762897342366,
    "score_worst": 0.7024614338552828,
    "score_cvar95": -0.7024614338552828
  },
  "raw": {
    "reward_mean": 0.1010080407253687,
    "reward_std": 1.3877787807814457e-17,
    "ch4_avg": 1571.7969358044652,
    "ch4_std": 2.2737367544323206e-13,
    "violation_rate": 0.3944762897342366,
    "violation_rate_std": 0.0,
    "vfa_cvar95": 0.3944762897342366,
    "vfa_worst_episode": 0.3944762897342366,
    "overall_score": 0.7024614338552828,
    "score_worst": 0.7024614338552828,
    "score_cvar95": -0.7024614338552828,
    "terminated_rate": 0.0,
    "ph_mean": 7.254923651793097,
    "vfa_max_mean": 0.1976874966657655,
    "n_episodes": 10
  }
}