{
  "record": {
    "obs_mode": "full",
    "train_scenario": "nominal",
    "test_scenario": "shock_load",
    "algo": "sac",
    "reward_config": "safety_first",
    "seed": 42,
    "reward_mean": 0.7824539783345646,
    "reward_std": 0.0,
    "ch4_avg": 1896.2605149882468,
    "ch4_std": 2.2737367544323206e-13,
    "violation_rate": 0.0069468565474122956,
    "violation_rate_std": 0.0,
    "overall_score": 0.9579284961212536,
    "terminated_rate": 0.0,
    "ph_mean": 7.209018354850646,
    "vfa_max_mean": 0.21032582867700036,
    "vfa_cvar95": 0.0069468565474122956,
    "vfa_worst_episode": 0.0069468565474122956,
    "score_worst": 0.9579284961212537,
    "score_cvar95": -0.9579284961212537
  },
  "raw": {
    "reward_mean": 0.7824539783345646,
    "reward_std": 0.0,
    "ch4_avg": 1896.2605149882468,
    "ch4_std": 2.2737367544323206e-13,
    "violation_rate": 0.0069468565474122956,
    "violation_rate_std": 0.0,
    "vfa_cvar95": 0.0069468565474122956,
    "vfa_worst_episode": 0.0069468565474122956,
    "overall_score": 0.9579284961212536,
    "score_worst": 0.9579284961212537,
    "score_cvar95": -0.9579284961212537,
    "terminated_rate": 0.0,
    "ph_mean": 7.209018354850646,
    "vfa_max_mean": 0.21032582867700036,
    "n_episodes": 10
  }
}