{
  "record": {
    "obs_mode": "full",
    "train_scenario": "low_load",
    "test_scenario": "high_load",
    "algo": "sac",
    "reward_config": "safety_first",
    "seed": 123,
    "reward_mean": -1.5353857678863234,
    "reward_std": 0.0,
    "ch4_avg": 2111.1834662443275,
    "ch4_std": 4.547473508864641e-13,
    "violation_rate": 1.5748523792983673,
    "violation_rate_std": 2.220446049250313e-16,
    "overall_score": 0.5771482535370496,
    "terminated_rate": 0.0,
    "ph_mean": 7.293793688293578,
    "vfa_max_mean": 0.3412087016523405,
    "vfa_cvar95": 1.5748523792983675,
    "vfa_worst_episode": 1.5748523792983675,
    "score_worst": 0.5771482535370496,
    "score_cvar95": -0.5771482535370496
  },
  "raw": {
    "reward_mean": -1.5353857678863234,
    "reward_std": 0.0,
    "ch4_avg": 2111.1834662443275,
    "ch4_std": 4.547473508864641e-13,
    "violation_rate": 1.5748523792983673,
    "violation_rate_std": 2.220446049250313e-16,
    "vfa_cvar95": 1.5748523792983675,
    "vfa_worst_episode": 1.5748523792983675,
    "overall_score": 0.5771482535370496,
    "score_worst": 0.5771482535370496,
    "score_cvar95": -0.5771482535370496,
    "terminated_rate": 0.0,
    "ph_mean": 7.293793688293578,
    "vfa_max_mean": 0.3412087016523405,
    "n_episodes": 10
  }
}