{
  "record": {
    "obs_mode": "simple",
    "train_scenario": "shock_load",
    "test_scenario": "high_load",
    "algo": "sac",
    "reward_config": "safety_first",
    "seed": 123,
    "reward_mean": -0.7995555358723327,
    "reward_std": 1.1102230246251565e-16,
    "ch4_avg": 2095.0701890169444,
    "ch4_std": 0.0,
    "violation_rate": 1.16950329975686,
    "violation_rate_std": 0.0,
    "overall_score": 0.5751625654379887,
    "terminated_rate": 0.0,
    "ph_mean": 7.252443504425912,
    "vfa_max_mean": 0.2950281097286664,
    "vfa_cvar95": 1.16950329975686,
    "vfa_worst_episode": 1.16950329975686,
    "score_worst": 0.5751625654379887,
    "score_cvar95": -0.5751625654379887
  },
  "raw": {
    "reward_mean": -0.7995555358723327,
    "reward_std": 1.1102230246251565e-16,
    "ch4_avg": 2095.0701890169444,
    "ch4_std": 0.0,
    "violation_rate": 1.16950329975686,
    "violation_rate_std": 0.0,
    "vfa_cvar95": 1.16950329975686,
    "vfa_worst_episode": 1.16950329975686,
    "overall_score": 0.5751625654379887,
    "score_worst": 0.5751625654379887,
    "score_cvar95": -0.5751625654379887,
    "terminated_rate": 0.0,
    "ph_mean": 7.252443504425912,
    "vfa_max_mean": 0.2950281097286664,
    "n_episodes": 10
  }
}