{
  "record": {
    "obs_mode": "full",
    "train_scenario": "low_load",
    "test_scenario": "temperature_drop",
    "algo": "sac",
    "reward_config": "safety_first",
    "seed": 456,
    "reward_mean": 0.30538224879193276,
    "reward_std": 5.551115123125783e-17,
    "ch4_avg": 1704.8309294844737,
    "ch4_std": 2.2737367544323206e-13,
    "violation_rate": 0.30948245918721773,
    "violation_rate_std": 5.551115123125783e-17,
    "overall_score": 0.7711432331477585,
    "terminated_rate": 0.0,
    "ph_mean": 7.245255769306657,
    "vfa_max_mean": 0.21017593092531367,
    "vfa_cvar95": 0.3094824591872178,
    "vfa_worst_episode": 0.3094824591872178,
    "score_worst": 0.7711432331477585,
    "score_cvar95": -0.7711432331477585
  },
  "raw": {
    "reward_mean": 0.30538224879193276,
    "reward_std": 5.551115123125783e-17,
    "ch4_avg": 1704.8309294844737,
    "ch4_std": 2.2737367544323206e-13,
    "violation_rate": 0.30948245918721773,
    "violation_rate_std": 5.551115123125783e-17,
    "vfa_cvar95": 0.3094824591872178,
    "vfa_worst_episode": 0.3094824591872178,
    "overall_score": 0.7711432331477585,
    "score_worst": 0.7711432331477585,
    "score_cvar95": -0.7711432331477585,
    "terminated_rate": 0.0,
    "ph_mean": 7.245255769306657,
    "vfa_max_mean": 0.21017593092531367,
    "n_episodes": 10
  }
}