{
  "record": {
    "obs_mode": "simple",
    "train_scenario": "low_load",
    "test_scenario": "nominal",
    "algo": "sac",
    "reward_config": "safety_first",
    "seed": 456,
    "reward_mean": 0.13084390911280552,
    "reward_std": 0.0,
    "ch4_avg": 1672.7473475261718,
    "ch4_std": 0.0,
    "violation_rate": 0.4126432789162903,
    "violation_rate_std": 5.551115123125783e-17,
    "overall_score": 0.7234613831275871,
    "terminated_rate": 0.0,
    "ph_mean": 7.253231718329792,
    "vfa_max_mean": 0.20395064571002286,
    "vfa_cvar95": 0.4126432789162904,
    "vfa_worst_episode": 0.4126432789162904,
    "score_worst": 0.7234613831275871,
    "score_cvar95": -0.7234613831275871
  },
  "raw": {
    "reward_mean": 0.13084390911280552,
    "reward_std": 0.0,
    "ch4_avg": 1672.7473475261718,
    "ch4_std": 0.0,
    "violation_rate": 0.4126432789162903,
    "violation_rate_std": 5.551115123125783e-17,
    "vfa_cvar95": 0.4126432789162904,
    "vfa_worst_episode": 0.4126432789162904,
    "overall_score": 0.7234613831275871,
    "score_worst": 0.7234613831275871,
    "score_cvar95": -0.7234613831275871,
    "terminated_rate": 0.0,
    "ph_mean": 7.253231718329792,
    "vfa_max_mean": 0.20395064571002286,
    "n_episodes": 10
  }
}