{
  "record": {
    "obs_mode": "simple",
    "train_scenario": "shock_load",
    "test_scenario": "nominal",
    "algo": "sac",
    "reward_config": "safety_first",
    "seed": 123,
    "reward_mean": 0.6996213135788023,
    "reward_std": 0.0,
    "ch4_avg": 1627.0294826522318,
    "ch4_std": 2.2737367544323206e-13,
    "violation_rate": 0.0,
    "violation_rate_std": 0.0,
    "overall_score": 0.8803361345014789,
    "terminated_rate": 0.0,
    "ph_mean": 7.19800787787594,
    "vfa_max_mean": 0.19741984449379082,
    "vfa_cvar95": 0.0,
    "vfa_worst_episode": 0.0,
    "score_worst": 0.880336134501479,
    "score_cvar95": -0.880336134501479
  },
  "raw": {
    "reward_mean": 0.6996213135788023,
    "reward_std": 0.0,
    "ch4_avg": 1627.0294826522318,
    "ch4_std": 2.2737367544323206e-13,
    "violation_rate": 0.0,
    "violation_rate_std": 0.0,
    "vfa_cvar95": 0.0,
    "vfa_worst_episode": 0.0,
    "overall_score": 0.8803361345014789,
    "score_worst": 0.880336134501479,
    "score_cvar95": -0.880336134501479,
    "terminated_rate": 0.0,
    "ph_mean": 7.19800787787594,
    "vfa_max_mean": 0.19741984449379082,
    "n_episodes": 10
  }
}