{
  "record": {
    "obs_mode": "simple",
    "train_scenario": "nominal",
    "test_scenario": "temperature_drop",
    "algo": "sac",
    "reward_config": "safety_first",
    "seed": 42,
    "reward_mean": 0.7345283190620633,
    "reward_std": 1.1102230246251565e-16,
    "ch4_avg": 1679.639986751902,
    "ch4_std": 0.0,
    "violation_rate": 0.0,
    "violation_rate_std": 0.0,
    "overall_score": 0.8956627359497003,
    "terminated_rate": 0.0,
    "ph_mean": 7.224684035058075,
    "vfa_max_mean": 0.197140688401448,
    "vfa_cvar95": 0.0,
    "vfa_worst_episode": 0.0,
    "score_worst": 0.8956627359497001,
    "score_cvar95": -0.8956627359497001
  },
  "raw": {
    "reward_mean": 0.7345283190620633,
    "reward_std": 1.1102230246251565e-16,
    "ch4_avg": 1679.639986751902,
    "ch4_std": 0.0,
    "violation_rate": 0.0,
    "violation_rate_std": 0.0,
    "vfa_cvar95": 0.0,
    "vfa_worst_episode": 0.0,
    "overall_score": 0.8956627359497003,
    "score_worst": 0.8956627359497001,
    "score_cvar95": -0.8956627359497001,
    "terminated_rate": 0.0,
    "ph_mean": 7.224684035058075,
    "vfa_max_mean": 0.197140688401448,
    "n_episodes": 10
  }
}