{
  "record": {
    "obs_mode": "simple",
    "train_scenario": "high_load",
    "test_scenario": "shock_load",
    "algo": "sac",
    "reward_config": "safety_first",
    "seed": 123,
    "reward_mean": 0.5193632545834498,
    "reward_std": 0.0,
    "ch4_avg": 1367.700214899572,
    "ch4_std": 0.0,
    "violation_rate": 0.011462313303230288,
    "violation_rate_std": 0.0,
    "overall_score": 0.8269509786056762,
    "terminated_rate": 0.0,
    "ph_mean": 7.128430082428163,
    "vfa_max_mean": 0.2034816487740961,
    "vfa_cvar95": 0.011462313303230288,
    "vfa_worst_episode": 0.011462313303230288,
    "score_worst": 0.8269509786056762,
    "score_cvar95": -0.8269509786056762
  },
  "raw": {
    "reward_mean": 0.5193632545834498,
    "reward_std": 0.0,
    "ch4_avg": 1367.700214899572,
    "ch4_std": 0.0,
    "violation_rate": 0.011462313303230288,
    "violation_rate_std": 0.0,
    "vfa_cvar95": 0.011462313303230288,
    "vfa_worst_episode": 0.011462313303230288,
    "overall_score": 0.8269509786056762,
    "score_worst": 0.8269509786056762,
    "score_cvar95": -0.8269509786056762,
    "terminated_rate": 0.0,
    "ph_mean": 7.128430082428163,
    "vfa_max_mean": 0.2034816487740961,
    "n_episodes": 10
  }
}