{
  "record": {
    "obs_mode": "simple",
    "train_scenario": "nominal",
    "test_scenario": "shock_load",
    "algo": "sac",
    "reward_config": "safety_first",
    "seed": 42,
    "reward_mean": 0.7353049088261779,
    "reward_std": 0.0,
    "ch4_avg": 1682.467260978096,
    "ch4_std": 2.2737367544323206e-13,
    "violation_rate": 0.0,
    "violation_rate_std": 0.0,
    "overall_score": 0.8961389105437438,
    "terminated_rate": 0.0,
    "ph_mean": 7.2244613822571875,
    "vfa_max_mean": 0.19678239689078028,
    "vfa_cvar95": 0.0,
    "vfa_worst_episode": 0.0,
    "score_worst": 0.8961389105437438,
    "score_cvar95": -0.8961389105437438
  },
  "raw": {
    "reward_mean": 0.7353049088261779,
    "reward_std": 0.0,
    "ch4_avg": 1682.467260978096,
    "ch4_std": 2.2737367544323206e-13,
    "violation_rate": 0.0,
    "violation_rate_std": 0.0,
    "vfa_cvar95": 0.0,
    "vfa_worst_episode": 0.0,
    "overall_score": 0.8961389105437438,
    "score_worst": 0.8961389105437438,
    "score_cvar95": -0.8961389105437438,
    "terminated_rate": 0.0,
    "ph_mean": 7.2244613822571875,
    "vfa_max_mean": 0.19678239689078028,
    "n_episodes": 10
  }
}