{
  "record": {
    "obs_mode": "full",
    "train_scenario": "temperature_drop",
    "test_scenario": "temperature_drop",
    "algo": "sac",
    "reward_config": "safety_first",
    "seed": 42,
    "reward_mean": 0.6326051370915788,
    "reward_std": 0.0,
    "ch4_avg": 1723.1304872658206,
    "ch4_std": 0.0,
    "violation_rate": 0.10142410559221952,
    "violation_rate_std": 0.0,
    "overall_score": 0.8579738134330576,
    "terminated_rate": 0.0,
    "ph_mean": 7.227694112827924,
    "vfa_max_mean": 0.21760312741013524,
    "vfa_cvar95": 0.10142410559221952,
    "vfa_worst_episode": 0.10142410559221952,
    "score_worst": 0.8579738134330576,
    "score_cvar95": -0.8579738134330576
  },
  "raw": {
    "reward_mean": 0.6326051370915788,
    "reward_std": 0.0,
    "ch4_avg": 1723.1304872658206,
    "ch4_std": 0.0,
    "violation_rate": 0.10142410559221952,
    "violation_rate_std": 0.0,
    "vfa_cvar95": 0.10142410559221952,
    "vfa_worst_episode": 0.10142410559221952,
    "overall_score": 0.8579738134330576,
    "score_worst": 0.8579738134330576,
    "score_cvar95": -0.8579738134330576,
    "terminated_rate": 0.0,
    "ph_mean": 7.227694112827924,
    "vfa_max_mean": 0.21760312741013524,
    "n_episodes": 10
  }
}