{
  "record": {
    "obs_mode": "full",
    "train_scenario": "shock_load",
    "test_scenario": "recovery_test",
    "algo": "sac",
    "reward_config": "safety_first",
    "seed": 123,
    "reward_mean": 0.6514612213970427,
    "reward_std": 1.1102230246251565e-16,
    "ch4_avg": 1534.7416771898588,
    "ch4_std": 0.0,
    "violation_rate": 0.0,
    "violation_rate_std": 0.0,
    "overall_score": 0.8523330726025999,
    "terminated_rate": 0.0,
    "ph_mean": 7.221308201381805,
    "vfa_max_mean": 0.19270221493212364,
    "vfa_cvar95": 0.0,
    "vfa_worst_episode": 0.0,
    "score_worst": 0.8523330726025999,
    "score_cvar95": -0.8523330726025999
  },
  "raw": {
    "reward_mean": 0.6514612213970427,
    "reward_std": 1.1102230246251565e-16,
    "ch4_avg": 1534.7416771898588,
    "ch4_std": 0.0,
    "violation_rate": 0.0,
    "violation_rate_std": 0.0,
    "vfa_cvar95": 0.0,
    "vfa_worst_episode": 0.0,
    "overall_score": 0.8523330726025999,
    "score_worst": 0.8523330726025999,
    "score_cvar95": -0.8523330726025999,
    "terminated_rate": 0.0,
    "ph_mean": 7.221308201381805,
    "vfa_max_mean": 0.19270221493212364,
    "n_episodes": 10
  }
}