{
  "record": {
    "obs_mode": "simple",
    "train_scenario": "cold_winter",
    "test_scenario": "nominal",
    "algo": "sac",
    "reward_config": "safety_first",
    "seed": 123,
    "reward_mean": 0.40063025250482304,
    "reward_std": 0.0,
    "ch4_avg": 1482.6954752341846,
    "ch4_std": 0.0,
    "violation_rate": 0.17679749913164294,
    "violation_rate_std": 0.0,
    "overall_score": 0.779552983359437,
    "terminated_rate": 0.0,
    "ph_mean": 7.2436786078027655,
    "vfa_max_mean": 0.17692442824277443,
    "vfa_cvar95": 0.17679749913164294,
    "vfa_worst_episode": 0.17679749913164294,
    "score_worst": 0.779552983359437,
    "score_cvar95": -0.779552983359437
  },
  "raw": {
    "reward_mean": 0.40063025250482304,
    "reward_std": 0.0,
    "ch4_avg": 1482.6954752341846,
    "ch4_std": 0.0,
    "violation_rate": 0.17679749913164294,
    "violation_rate_std": 0.0,
    "vfa_cvar95": 0.17679749913164294,
    "vfa_worst_episode": 0.17679749913164294,
    "overall_score": 0.779552983359437,
    "score_worst": 0.779552983359437,
    "score_cvar95": -0.779552983359437,
    "terminated_rate": 0.0,
    "ph_mean": 7.2436786078027655,
    "vfa_max_mean": 0.17692442824277443,
    "n_episodes": 10
  }
}