{
  "record": {
    "obs_mode": "simple",
    "train_scenario": "nominal",
    "test_scenario": "low_load",
    "algo": "sac",
    "reward_config": "safety_first",
    "seed": 42,
    "reward_mean": 0.5447282960931412,
    "reward_std": 0.0,
    "ch4_avg": 1258.2224471602353,
    "ch4_std": 2.2737367544323206e-13,
    "violation_rate": 0.0,
    "violation_rate_std": 0.0,
    "overall_score": 0.804120840495619,
    "terminated_rate": 0.0,
    "ph_mean": 7.187797088334166,
    "vfa_max_mean": 0.1651782505281383,
    "vfa_cvar95": 0.0,
    "vfa_worst_episode": 0.0,
    "score_worst": 0.804120840495619,
    "score_cvar95": -0.804120840495619
  },
  "raw": {
    "reward_mean": 0.5447282960931412,
    "reward_std": 0.0,
    "ch4_avg": 1258.2224471602353,
    "ch4_std": 2.2737367544323206e-13,
    "violation_rate": 0.0,
    "violation_rate_std": 0.0,
    "vfa_cvar95": 0.0,
    "vfa_worst_episode": 0.0,
    "overall_score": 0.804120840495619,
    "score_worst": 0.804120840495619,
    "score_cvar95": -0.804120840495619,
    "terminated_rate": 0.0,
    "ph_mean": 7.187797088334166,
    "vfa_max_mean": 0.1651782505281383,
    "n_episodes": 10
  }
}