{
  "record": {
    "obs_mode": "simple",
    "train_scenario": "temperature_drop",
    "test_scenario": "temperature_drop",
    "algo": "sac",
    "reward_config": "safety_first",
    "seed": 456,
    "reward_mean": 0.7294628552496938,
    "reward_std": 1.1102230246251565e-16,
    "ch4_avg": 1665.9299054590178,
    "ch4_std": 2.2737367544323206e-13,
    "violation_rate": 0.0,
    "violation_rate_std": 0.0,
    "overall_score": 0.8886529748606342,
    "terminated_rate": 0.0,
    "ph_mean": 7.2247551508199,
    "vfa_max_mean": 0.1974665500425204,
    "vfa_cvar95": 0.0,
    "vfa_worst_episode": 0.0,
    "score_worst": 0.8886529748606343,
    "score_cvar95": -0.8886529748606343
  },
  "raw": {
    "reward_mean": 0.7294628552496938,
    "reward_std": 1.1102230246251565e-16,
    "ch4_avg": 1665.9299054590178,
    "ch4_std": 2.2737367544323206e-13,
    "violation_rate": 0.0,
    "violation_rate_std": 0.0,
    "vfa_cvar95": 0.0,
    "vfa_worst_episode": 0.0,
    "overall_score": 0.8886529748606342,
    "score_worst": 0.8886529748606343,
    "score_cvar95": -0.8886529748606343,
    "terminated_rate": 0.0,
    "ph_mean": 7.2247551508199,
    "vfa_max_mean": 0.1974665500425204,
    "n_episodes": 10
  }
}