{
  "record": {
    "obs_mode": "full",
    "train_scenario": "temperature_drop",
    "test_scenario": "recovery_test",
    "algo": "sac",
    "reward_config": "safety_first",
    "seed": 42,
    "reward_mean": 0.5721530929518998,
    "reward_std": 0.0,
    "ch4_avg": 1624.4849218408547,
    "ch4_std": 0.0,
    "violation_rate": 0.10422094841063054,
    "violation_rate_std": 0.0,
    "overall_score": 0.8290218725603851,
    "terminated_rate": 0.0,
    "ph_mean": 7.241589712858681,
    "vfa_max_mean": 0.207981500762937,
    "vfa_cvar95": 0.10422094841063054,
    "vfa_worst_episode": 0.10422094841063054,
    "score_worst": 0.8290218725603851,
    "score_cvar95": -0.8290218725603851
  },
  "raw": {
    "reward_mean": 0.5721530929518998,
    "reward_std": 0.0,
    "ch4_avg": 1624.4849218408547,
    "ch4_std": 0.0,
    "violation_rate": 0.10422094841063054,
    "violation_rate_std": 0.0,
    "vfa_cvar95": 0.10422094841063054,
    "vfa_worst_episode": 0.10422094841063054,
    "overall_score": 0.8290218725603851,
    "score_worst": 0.8290218725603851,
    "score_cvar95": -0.8290218725603851,
    "terminated_rate": 0.0,
    "ph_mean": 7.241589712858681,
    "vfa_max_mean": 0.207981500762937,
    "n_episodes": 10
  }
}