{
  "record": {
    "obs_mode": "full",
    "train_scenario": "temperature_drop",
    "test_scenario": "nominal",
    "algo": "sac",
    "reward_config": "safety_first",
    "seed": 456,
    "reward_mean": 0.6960344261009813,
    "reward_std": 0.0,
    "ch4_avg": 1579.9454294581678,
    "ch4_std": 0.0,
    "violation_rate": 0.0,
    "violation_rate_std": 0.0,
    "overall_score": 0.8697657482669608,
    "terminated_rate": 0.0,
    "ph_mean": 7.225188512610136,
    "vfa_max_mean": 0.1961940323658689,
    "vfa_cvar95": 0.0,
    "vfa_worst_episode": 0.0,
    "score_worst": 0.869765748266961,
    "score_cvar95": -0.869765748266961
  },
  "raw": {
    "reward_mean": 0.6960344261009813,
    "reward_std": 0.0,
    "ch4_avg": 1579.9454294581678,
    "ch4_std": 0.0,
    "violation_rate": 0.0,
    "violation_rate_std": 0.0,
    "vfa_cvar95": 0.0,
    "vfa_worst_episode": 0.0,
    "overall_score": 0.8697657482669608,
    "score_worst": 0.869765748266961,
    "score_cvar95": -0.869765748266961,
    "terminated_rate": 0.0,
    "ph_mean": 7.225188512610136,
    "vfa_max_mean": 0.1961940323658689,
    "n_episodes": 10
  }
}