{
  "record": {
    "obs_mode": "simple",
    "train_scenario": "cold_winter",
    "test_scenario": "low_load",
    "algo": "sac",
    "reward_config": "safety_first",
    "seed": 456,
    "reward_mean": 0.45508293620700896,
    "reward_std": 0.0,
    "ch4_avg": 1088.1499400481086,
    "ch4_std": 2.2737367544323206e-13,
    "violation_rate": 0.0,
    "violation_rate_std": 0.0,
    "overall_score": 0.7702461630495332,
    "terminated_rate": 0.0,
    "ph_mean": 7.144653271650752,
    "vfa_max_mean": 0.13808054969714517,
    "vfa_cvar95": 0.0,
    "vfa_worst_episode": 0.0,
    "score_worst": 0.7702461630495332,
    "score_cvar95": -0.7702461630495332
  },
  "raw": {
    "reward_mean": 0.45508293620700896,
    "reward_std": 0.0,
    "ch4_avg": 1088.1499400481086,
    "ch4_std": 2.2737367544323206e-13,
    "violation_rate": 0.0,
    "violation_rate_std": 0.0,
    "vfa_cvar95": 0.0,
    "vfa_worst_episode": 0.0,
    "overall_score": 0.7702461630495332,
    "score_worst": 0.7702461630495332,
    "score_cvar95": -0.7702461630495332,
    "terminated_rate": 0.0,
    "ph_mean": 7.144653271650752,
    "vfa_max_mean": 0.13808054969714517,
    "n_episodes": 10
  }
}