{
  "record": {
    "obs_mode": "full",
    "train_scenario": "high_load",
    "test_scenario": "temperature_drop",
    "algo": "sac",
    "reward_config": "safety_first",
    "seed": 456,
    "reward_mean": -3.5335302448237003,
    "reward_std": 0.0,
    "ch4_avg": 2974.7555600468927,
    "ch4_std": 4.547473508864641e-13,
    "violation_rate": 1.659951372004168,
    "violation_rate_std": 0.0,
    "overall_score": 0.7520886448201075,
    "terminated_rate": 0.0,
    "ph_mean": 7.255472564448484,
    "vfa_max_mean": 0.7634294935314113,
    "vfa_cvar95": 1.659951372004168,
    "vfa_worst_episode": 1.659951372004168,
    "score_worst": 0.7520886448201076,
    "score_cvar95": -0.7520886448201076
  },
  "raw": {
    "reward_mean": -3.5335302448237003,
    "reward_std": 0.0,
    "ch4_avg": 2974.7555600468927,
    "ch4_std": 4.547473508864641e-13,
    "violation_rate": 1.659951372004168,
    "violation_rate_std": 0.0,
    "vfa_cvar95": 1.659951372004168,
    "vfa_worst_episode": 1.659951372004168,
    "overall_score": 0.7520886448201075,
    "score_worst": 0.7520886448201076,
    "score_cvar95": -0.7520886448201076,
    "terminated_rate": 0.0,
    "ph_mean": 7.255472564448484,
    "vfa_max_mean": 0.7634294935314113,
    "n_episodes": 10
  }
}