{
  "record": {
    "obs_mode": "full",
    "train_scenario": "shock_load",
    "test_scenario": "shock_load",
    "algo": "sac",
    "reward_config": "safety_first",
    "seed": 456,
    "reward_mean": 0.6924814188981425,
    "reward_std": 0.0,
    "ch4_avg": 1646.8962688142026,
    "ch4_std": 2.2737367544323206e-13,
    "violation_rate": 0.02327196943383119,
    "violation_rate_std": 0.0,
    "overall_score": 0.8739244115064919,
    "terminated_rate": 0.0,
    "ph_mean": 7.227465834126116,
    "vfa_max_mean": 0.20440475666339747,
    "vfa_cvar95": 0.02327196943383119,
    "vfa_worst_episode": 0.02327196943383119,
    "score_worst": 0.8739244115064919,
    "score_cvar95": -0.8739244115064919
  },
  "raw": {
    "reward_mean": 0.6924814188981425,
    "reward_std": 0.0,
    "ch4_avg": 1646.8962688142026,
    "ch4_std": 2.2737367544323206e-13,
    "violation_rate": 0.02327196943383119,
    "violation_rate_std": 0.0,
    "vfa_cvar95": 0.02327196943383119,
    "vfa_worst_episode": 0.02327196943383119,
    "overall_score": 0.8739244115064919,
    "score_worst": 0.8739244115064919,
    "score_cvar95": -0.8739244115064919,
    "terminated_rate": 0.0,
    "ph_mean": 7.227465834126116,
    "vfa_max_mean": 0.20440475666339747,
    "n_episodes": 10
  }
}