{
  "record": {
    "obs_mode": "full",
    "train_scenario": "cold_winter",
    "test_scenario": "temperature_drop",
    "algo": "sac",
    "reward_config": "safety_first",
    "seed": 456,
    "reward_mean": -0.09184353167459511,
    "reward_std": 0.0,
    "ch4_avg": 1196.0610651139505,
    "ch4_std": 0.0,
    "violation_rate": 0.42271622091003824,
    "violation_rate_std": 5.551115123125783e-17,
    "overall_score": 0.5686216895529758,
    "terminated_rate": 0.0,
    "ph_mean": 7.2639315944729805,
    "vfa_max_mean": 0.18908005271630055,
    "vfa_cvar95": 0.4227162209100382,
    "vfa_worst_episode": 0.4227162209100382,
    "score_worst": 0.5686216895529758,
    "score_cvar95": -0.5686216895529758
  },
  "raw": {
    "reward_mean": -0.09184353167459511,
    "reward_std": 0.0,
    "ch4_avg": 1196.0610651139505,
    "ch4_std": 0.0,
    "violation_rate": 0.42271622091003824,
    "violation_rate_std": 5.551115123125783e-17,
    "vfa_cvar95": 0.4227162209100382,
    "vfa_worst_episode": 0.4227162209100382,
    "overall_score": 0.5686216895529758,
    "score_worst": 0.5686216895529758,
    "score_cvar95": -0.5686216895529758,
    "terminated_rate": 0.0,
    "ph_mean": 7.2639315944729805,
    "vfa_max_mean": 0.18908005271630055,
    "n_episodes": 10
  }
}