{
  "record": {
    "obs_mode": "full",
    "train_scenario": "high_load",
    "test_scenario": "cold_winter",
    "algo": "sac",
    "reward_config": "safety_first",
    "seed": 123,
    "reward_mean": 0.18703615852634117,
    "reward_std": 0.0,
    "ch4_avg": 447.7839693152393,
    "ch4_std": 0.0,
    "violation_rate": 0.013546370267453978,
    "violation_rate_std": 0.0,
    "overall_score": 0.6102177223858252,
    "terminated_rate": 0.0,
    "ph_mean": 7.1935899416126885,
    "vfa_max_mean": 0.13316440496002172,
    "vfa_cvar95": 0.013546370267453978,
    "vfa_worst_episode": 0.013546370267453978,
    "score_worst": 0.6102177223858252,
    "score_cvar95": -0.6102177223858252
  },
  "raw": {
    "reward_mean": 0.18703615852634117,
    "reward_std": 0.0,
    "ch4_avg": 447.7839693152393,
    "ch4_std": 0.0,
    "violation_rate": 0.013546370267453978,
    "violation_rate_std": 0.0,
    "vfa_cvar95": 0.013546370267453978,
    "vfa_worst_episode": 0.013546370267453978,
    "overall_score": 0.6102177223858252,
    "score_worst": 0.6102177223858252,
    "score_cvar95": -0.6102177223858252,
    "terminated_rate": 0.0,
    "ph_mean": 7.1935899416126885,
    "vfa_max_mean": 0.13316440496002172,
    "n_episodes": 10
  }
}