{
  "record": {
    "obs_mode": "simple",
    "train_scenario": "high_load",
    "test_scenario": "nominal",
    "algo": "sac",
    "reward_config": "safety_first",
    "seed": 123,
    "reward_mean": 0.5155940920413588,
    "reward_std": 0.0,
    "ch4_avg": 1364.505892725936,
    "ch4_std": 0.0,
    "violation_rate": 0.013546370267453978,
    "violation_rate_std": 0.0,
    "overall_score": 0.825457466777366,
    "terminated_rate": 0.0,
    "ph_mean": 7.127316461786561,
    "vfa_max_mean": 0.20432555286551093,
    "vfa_cvar95": 0.013546370267453978,
    "vfa_worst_episode": 0.013546370267453978,
    "score_worst": 0.825457466777366,
    "score_cvar95": -0.825457466777366
  },
  "raw": {
    "reward_mean": 0.5155940920413588,
    "reward_std": 0.0,
    "ch4_avg": 1364.505892725936,
    "ch4_std": 0.0,
    "violation_rate": 0.013546370267453978,
    "violation_rate_std": 0.0,
    "vfa_cvar95": 0.013546370267453978,
    "vfa_worst_episode": 0.013546370267453978,
    "overall_score": 0.825457466777366,
    "score_worst": 0.825457466777366,
    "score_cvar95": -0.825457466777366,
    "terminated_rate": 0.0,
    "ph_mean": 7.127316461786561,
    "vfa_max_mean": 0.20432555286551093,
    "n_episodes": 10
  }
}