{
  "record": {
    "obs_mode": "simple",
    "train_scenario": "cold_winter",
    "test_scenario": "cold_winter",
    "algo": "sac",
    "reward_config": "safety_first",
    "seed": 456,
    "reward_mean": 0.3991681029099184,
    "reward_std": 0.0,
    "ch4_avg": 864.7551727209145,
    "ch4_std": 1.1368683772161603e-13,
    "violation_rate": 0.0,
    "violation_rate_std": 0.0,
    "overall_score": 0.679803982070964,
    "terminated_rate": 0.0,
    "ph_mean": 7.152509004642245,
    "vfa_max_mean": 0.1566836820015405,
    "vfa_cvar95": 0.0,
    "vfa_worst_episode": 0.0,
    "score_worst": 0.679803982070964,
    "score_cvar95": -0.679803982070964
  },
  "raw": {
    "reward_mean": 0.3991681029099184,
    "reward_std": 0.0,
    "ch4_avg": 864.7551727209145,
    "ch4_std": 1.1368683772161603e-13,
    "violation_rate": 0.0,
    "violation_rate_std": 0.0,
    "vfa_cvar95": 0.0,
    "vfa_worst_episode": 0.0,
    "overall_score": 0.679803982070964,
    "score_worst": 0.679803982070964,
    "score_cvar95": -0.679803982070964,
    "terminated_rate": 0.0,
    "ph_mean": 7.152509004642245,
    "vfa_max_mean": 0.1566836820015405,
    "n_episodes": 10
  }
}