{
  "record": {
    "obs_mode": "full",
    "train_scenario": "high_load",
    "test_scenario": "low_load",
    "algo": "sac",
    "reward_config": "safety_first",
    "seed": 42,
    "reward_mean": 0.3006909353536148,
    "reward_std": 0.0,
    "ch4_avg": 847.265733770736,
    "ch4_std": 0.0,
    "violation_rate": 0.0,
    "violation_rate_std": 0.0,
    "overall_score": 0.7114864655191422,
    "terminated_rate": 0.0,
    "ph_mean": 7.07696766126824,
    "vfa_max_mean": 0.16708935259932964,
    "vfa_cvar95": 0.0,
    "vfa_worst_episode": 0.0,
    "score_worst": 0.7114864655191422,
    "score_cvar95": -0.7114864655191422
  },
  "raw": {
    "reward_mean": 0.3006909353536148,
    "reward_std": 0.0,
    "ch4_avg": 847.265733770736,
    "ch4_std": 0.0,
    "violation_rate": 0.0,
    "violation_rate_std": 0.0,
    "vfa_cvar95": 0.0,
    "vfa_worst_episode": 0.0,
    "overall_score": 0.7114864655191422,
    "score_worst": 0.7114864655191422,
    "score_cvar95": -0.7114864655191422,
    "terminated_rate": 0.0,
    "ph_mean": 7.07696766126824,
    "vfa_max_mean": 0.16708935259932964,
    "n_episodes": 10
  }
}