{
  "record": {
    "obs_mode": "full",
    "train_scenario": "temperature_drop",
    "test_scenario": "temperature_drop",
    "algo": "sac",
    "reward_config": "safety_first",
    "seed": 456,
    "reward_mean": 0.6959988990956016,
    "reward_std": 0.0,
    "ch4_avg": 1579.8704496589285,
    "ch4_std": 0.0,
    "violation_rate": 0.0,
    "violation_rate_std": 0.0,
    "overall_score": 0.8697489351890584,
    "terminated_rate": 0.0,
    "ph_mean": 7.225139884131056,
    "vfa_max_mean": 0.19626293518106946,
    "vfa_cvar95": 0.0,
    "vfa_worst_episode": 0.0,
    "score_worst": 0.8697489351890583,
    "score_cvar95": -0.8697489351890583
  },
  "raw": {
    "reward_mean": 0.6959988990956016,
    "reward_std": 0.0,
    "ch4_avg": 1579.8704496589285,
    "ch4_std": 0.0,
    "violation_rate": 0.0,
    "violation_rate_std": 0.0,
    "vfa_cvar95": 0.0,
    "vfa_worst_episode": 0.0,
    "overall_score": 0.8697489351890584,
    "score_worst": 0.8697489351890583,
    "score_cvar95": -0.8697489351890583,
    "terminated_rate": 0.0,
    "ph_mean": 7.225139884131056,
    "vfa_max_mean": 0.19626293518106946,
    "n_episodes": 10
  }
}