{
  "record": {
    "obs_mode": "full",
    "train_scenario": "shock_load",
    "test_scenario": "low_load",
    "algo": "sac",
    "reward_config": "safety_first",
    "seed": 123,
    "reward_mean": 0.4544725681199904,
    "reward_std": 0.0,
    "ch4_avg": 1135.377003626498,
    "ch4_std": 0.0,
    "violation_rate": 0.0,
    "violation_rate_std": 0.0,
    "overall_score": 0.7794204880287563,
    "terminated_rate": 0.0,
    "ph_mean": 7.113325378524121,
    "vfa_max_mean": 0.18720699673227534,
    "vfa_cvar95": 0.0,
    "vfa_worst_episode": 0.0,
    "score_worst": 0.7794204880287564,
    "score_cvar95": -0.7794204880287564
  },
  "raw": {
    "reward_mean": 0.4544725681199904,
    "reward_std": 0.0,
    "ch4_avg": 1135.377003626498,
    "ch4_std": 0.0,
    "violation_rate": 0.0,
    "violation_rate_std": 0.0,
    "vfa_cvar95": 0.0,
    "vfa_worst_episode": 0.0,
    "overall_score": 0.7794204880287563,
    "score_worst": 0.7794204880287564,
    "score_cvar95": -0.7794204880287564,
    "terminated_rate": 0.0,
    "ph_mean": 7.113325378524121,
    "vfa_max_mean": 0.18720699673227534,
    "n_episodes": 10
  }
}