{
  "record": {
    "obs_mode": "full",
    "train_scenario": "shock_load",
    "test_scenario": "high_load",
    "algo": "sac",
    "reward_config": "safety_first",
    "seed": 42,
    "reward_mean": -1.5328084204960413,
    "reward_std": 0.0,
    "ch4_avg": 2158.133836269976,
    "ch4_std": 4.547473508864641e-13,
    "violation_rate": 1.575199722125738,
    "violation_rate_std": 0.0,
    "overall_score": 0.5865032640602624,
    "terminated_rate": 0.0,
    "ph_mean": 7.285614292079596,
    "vfa_max_mean": 0.3356976139024535,
    "vfa_cvar95": 1.575199722125738,
    "vfa_worst_episode": 1.575199722125738,
    "score_worst": 0.5865032640602625,
    "score_cvar95": -0.5865032640602625
  },
  "raw": {
    "reward_mean": -1.5328084204960413,
    "reward_std": 0.0,
    "ch4_avg": 2158.133836269976,
    "ch4_std": 4.547473508864641e-13,
    "violation_rate": 1.575199722125738,
    "violation_rate_std": 0.0,
    "vfa_cvar95": 1.575199722125738,
    "vfa_worst_episode": 1.575199722125738,
    "overall_score": 0.5865032640602624,
    "score_worst": 0.5865032640602625,
    "score_cvar95": -0.5865032640602625,
    "terminated_rate": 0.0,
    "ph_mean": 7.285614292079596,
    "vfa_max_mean": 0.3356976139024535,
    "n_episodes": 10
  }
}