{
  "record": {
    "obs_mode": "simple",
    "train_scenario": "low_load",
    "test_scenario": "nominal",
    "algo": "sac",
    "reward_config": "safety_first",
    "seed": 123,
    "reward_mean": 0.28444827403109285,
    "reward_std": 5.551115123125783e-17,
    "ch4_avg": 1688.4949825185427,
    "ch4_std": 2.2737367544323206e-13,
    "violation_rate": 0.3153872872525182,
    "violation_rate_std": 5.551115123125783e-17,
    "overall_score": 0.765506011947475,
    "terminated_rate": 0.0,
    "ph_mean": 7.246866987031043,
    "vfa_max_mean": 0.207284268956273,
    "vfa_cvar95": 0.31538728725251824,
    "vfa_worst_episode": 0.31538728725251824,
    "score_worst": 0.7655060119474749,
    "score_cvar95": -0.7655060119474749
  },
  "raw": {
    "reward_mean": 0.28444827403109285,
    "reward_std": 5.551115123125783e-17,
    "ch4_avg": 1688.4949825185427,
    "ch4_std": 2.2737367544323206e-13,
    "violation_rate": 0.3153872872525182,
    "violation_rate_std": 5.551115123125783e-17,
    "vfa_cvar95": 0.31538728725251824,
    "vfa_worst_episode": 0.31538728725251824,
    "overall_score": 0.765506011947475,
    "score_worst": 0.7655060119474749,
    "score_cvar95": -0.7655060119474749,
    "terminated_rate": 0.0,
    "ph_mean": 7.246866987031043,
    "vfa_max_mean": 0.207284268956273,
    "n_episodes": 10
  }
}