{
  "record": {
    "obs_mode": "full",
    "train_scenario": "cold_winter",
    "test_scenario": "low_load",
    "algo": "sac",
    "reward_config": "safety_first",
    "seed": 456,
    "reward_mean": 0.33277496319503264,
    "reward_std": 0.0,
    "ch4_avg": 742.3172294040617,
    "ch4_std": 0.0,
    "violation_rate": 0.0,
    "violation_rate_std": 0.0,
    "overall_score": 0.6328177865190352,
    "terminated_rate": 0.0,
    "ph_mean": 7.205102291808838,
    "vfa_max_mean": 0.1331977440767343,
    "vfa_cvar95": 0.0,
    "vfa_worst_episode": 0.0,
    "score_worst": 0.6328177865190352,
    "score_cvar95": -0.6328177865190352
  },
  "raw": {
    "reward_mean": 0.33277496319503264,
    "reward_std": 0.0,
    "ch4_avg": 742.3172294040617,
    "ch4_std": 0.0,
    "violation_rate": 0.0,
    "violation_rate_std": 0.0,
    "vfa_cvar95": 0.0,
    "vfa_worst_episode": 0.0,
    "overall_score": 0.6328177865190352,
    "score_worst": 0.6328177865190352,
    "score_cvar95": -0.6328177865190352,
    "terminated_rate": 0.0,
    "ph_mean": 7.205102291808838,
    "vfa_max_mean": 0.1331977440767343,
    "n_episodes": 10
  }
}