{
  "record": {
    "obs_mode": "simple",
    "train_scenario": "cold_winter",
    "test_scenario": "cold_winter",
    "algo": "sac",
    "reward_config": "safety_first",
    "seed": 123,
    "reward_mean": 0.4116801521160626,
    "reward_std": 5.551115123125783e-17,
    "ch4_avg": 886.2563325202761,
    "ch4_std": 1.1368683772161603e-13,
    "violation_rate": 0.0,
    "violation_rate_std": 0.0,
    "overall_score": 0.6746902782562799,
    "terminated_rate": 0.0,
    "ph_mean": 7.174770197288072,
    "vfa_max_mean": 0.1784555107420232,
    "vfa_cvar95": 0.0,
    "vfa_worst_episode": 0.0,
    "score_worst": 0.6746902782562798,
    "score_cvar95": -0.6746902782562798
  },
  "raw": {
    "reward_mean": 0.4116801521160626,
    "reward_std": 5.551115123125783e-17,
    "ch4_avg": 886.2563325202761,
    "ch4_std": 1.1368683772161603e-13,
    "violation_rate": 0.0,
    "violation_rate_std": 0.0,
    "vfa_cvar95": 0.0,
    "vfa_worst_episode": 0.0,
    "overall_score": 0.6746902782562799,
    "score_worst": 0.6746902782562798,
    "score_cvar95": -0.6746902782562798,
    "terminated_rate": 0.0,
    "ph_mean": 7.174770197288072,
    "vfa_max_mean": 0.1784555107420232,
    "n_episodes": 10
  }
}