{
  "record": {
    "obs_mode": "full",
    "train_scenario": "nominal",
    "test_scenario": "shock_load",
    "algo": "sac",
    "reward_config": "safety_first",
    "seed": 456,
    "reward_mean": 0.7837207060065621,
    "reward_std": 1.1102230246251565e-16,
    "ch4_avg": 1844.4333504699885,
    "ch4_std": 2.2737367544323206e-13,
    "violation_rate": 0.0,
    "violation_rate_std": 0.0,
    "overall_score": 0.9523562293106267,
    "terminated_rate": 0.0,
    "ph_mean": 7.237211786406329,
    "vfa_max_mean": 0.19031360736342506,
    "vfa_cvar95": 0.0,
    "vfa_worst_episode": 0.0,
    "score_worst": 0.9523562293106265,
    "score_cvar95": -0.9523562293106265
  },
  "raw": {
    "reward_mean": 0.7837207060065621,
    "reward_std": 1.1102230246251565e-16,
    "ch4_avg": 1844.4333504699885,
    "ch4_std": 2.2737367544323206e-13,
    "violation_rate": 0.0,
    "violation_rate_std": 0.0,
    "vfa_cvar95": 0.0,
    "vfa_worst_episode": 0.0,
    "overall_score": 0.9523562293106267,
    "score_worst": 0.9523562293106265,
    "score_cvar95": -0.9523562293106265,
    "terminated_rate": 0.0,
    "ph_mean": 7.237211786406329,
    "vfa_max_mean": 0.19031360736342506,
    "n_episodes": 10
  }
}