{
  "record": {
    "obs_mode": "simple",
    "train_scenario": "high_load",
    "test_scenario": "high_load",
    "algo": "sac",
    "reward_config": "safety_first",
    "seed": 456,
    "reward_mean": -0.31502113867037196,
    "reward_std": 5.551115123125783e-17,
    "ch4_avg": 1000.1006926623384,
    "ch4_std": 2.2737367544323206e-13,
    "violation_rate": 0.5161514414727336,
    "violation_rate_std": 0.0,
    "overall_score": 0.5645301184256769,
    "terminated_rate": 0.0,
    "ph_mean": 7.271228581106233,
    "vfa_max_mean": 0.13353166697973712,
    "vfa_cvar95": 0.5161514414727336,
    "vfa_worst_episode": 0.5161514414727336,
    "score_worst": 0.5645301184256769,
    "score_cvar95": -0.5645301184256769
  },
  "raw": {
    "reward_mean": -0.31502113867037196,
    "reward_std": 5.551115123125783e-17,
    "ch4_avg": 1000.1006926623384,
    "ch4_std": 2.2737367544323206e-13,
    "violation_rate": 0.5161514414727336,
    "violation_rate_std": 0.0,
    "vfa_cvar95": 0.5161514414727336,
    "vfa_worst_episode": 0.5161514414727336,
    "overall_score": 0.5645301184256769,
    "score_worst": 0.5645301184256769,
    "score_cvar95": -0.5645301184256769,
    "terminated_rate": 0.0,
    "ph_mean": 7.271228581106233,
    "vfa_max_mean": 0.13353166697973712,
    "n_episodes": 10
  }
}