{
  "record": {
    "obs_mode": "simple",
    "train_scenario": "shock_load",
    "test_scenario": "low_load",
    "algo": "sac",
    "reward_config": "safety_first",
    "seed": 42,
    "reward_mean": 0.5414807842714718,
    "reward_std": 0.0,
    "ch4_avg": 1301.6212489477198,
    "ch4_std": 0.0,
    "violation_rate": 0.0,
    "violation_rate_std": 0.0,
    "overall_score": 0.8068940967567684,
    "terminated_rate": 0.0,
    "ph_mean": 7.151342079207633,
    "vfa_max_mean": 0.18457720267619807,
    "vfa_cvar95": 0.0,
    "vfa_worst_episode": 0.0,
    "score_worst": 0.8068940967567685,
    "score_cvar95": -0.8068940967567685
  },
  "raw": {
    "reward_mean": 0.5414807842714718,
    "reward_std": 0.0,
    "ch4_avg": 1301.6212489477198,
    "ch4_std": 0.0,
    "violation_rate": 0.0,
    "violation_rate_std": 0.0,
    "vfa_cvar95": 0.0,
    "vfa_worst_episode": 0.0,
    "overall_score": 0.8068940967567684,
    "score_worst": 0.8068940967567685,
    "score_cvar95": -0.8068940967567685,
    "terminated_rate": 0.0,
    "ph_mean": 7.151342079207633,
    "vfa_max_mean": 0.18457720267619807,
    "n_episodes": 10
  }
}