{
  "record": {
    "obs_mode": "simple",
    "train_scenario": "shock_load",
    "test_scenario": "temperature_drop",
    "algo": "sac",
    "reward_config": "safety_first",
    "seed": 456,
    "reward_mean": 0.699288932961246,
    "reward_std": 0.0,
    "ch4_avg": 1717.4674961915468,
    "ch4_std": 0.0,
    "violation_rate": 0.033692254254949636,
    "violation_rate_std": 0.0,
    "overall_score": 0.8906269240327621,
    "terminated_rate": 0.0,
    "ph_mean": 7.203840784374267,
    "vfa_max_mean": 0.21722329796863188,
    "vfa_cvar95": 0.033692254254949636,
    "vfa_worst_episode": 0.033692254254949636,
    "score_worst": 0.8906269240327621,
    "score_cvar95": -0.8906269240327621
  },
  "raw": {
    "reward_mean": 0.699288932961246,
    "reward_std": 0.0,
    "ch4_avg": 1717.4674961915468,
    "ch4_std": 0.0,
    "violation_rate": 0.033692254254949636,
    "violation_rate_std": 0.0,
    "vfa_cvar95": 0.033692254254949636,
    "vfa_worst_episode": 0.033692254254949636,
    "overall_score": 0.8906269240327621,
    "score_worst": 0.8906269240327621,
    "score_cvar95": -0.8906269240327621,
    "terminated_rate": 0.0,
    "ph_mean": 7.203840784374267,
    "vfa_max_mean": 0.21722329796863188,
    "n_episodes": 10
  }
}