{
  "record": {
    "obs_mode": "simple",
    "train_scenario": "temperature_drop",
    "test_scenario": "recovery_test",
    "algo": "sac",
    "reward_config": "safety_first",
    "seed": 123,
    "reward_mean": 0.6092225721726006,
    "reward_std": 0.0,
    "ch4_avg": 1443.0683565363793,
    "ch4_std": 0.0,
    "violation_rate": 0.0,
    "violation_rate_std": 0.0,
    "overall_score": 0.8314065942869393,
    "terminated_rate": 0.0,
    "ph_mean": 7.215856826211559,
    "vfa_max_mean": 0.18264973739364182,
    "vfa_cvar95": 0.0,
    "vfa_worst_episode": 0.0,
    "score_worst": 0.8314065942869393,
    "score_cvar95": -0.8314065942869393
  },
  "raw": {
    "reward_mean": 0.6092225721726006,
    "reward_std": 0.0,
    "ch4_avg": 1443.0683565363793,
    "ch4_std": 0.0,
    "violation_rate": 0.0,
    "violation_rate_std": 0.0,
    "vfa_cvar95": 0.0,
    "vfa_worst_episode": 0.0,
    "overall_score": 0.8314065942869393,
    "score_worst": 0.8314065942869393,
    "score_cvar95": -0.8314065942869393,
    "terminated_rate": 0.0,
    "ph_mean": 7.215856826211559,
    "vfa_max_mean": 0.18264973739364182,
    "n_episodes": 10
  }
}