{
  "record": {
    "obs_mode": "simple",
    "train_scenario": "cold_winter",
    "test_scenario": "recovery_test",
    "algo": "sac",
    "reward_config": "safety_first",
    "seed": 123,
    "reward_mean": 0.22528425641181235,
    "reward_std": 0.0,
    "ch4_avg": 1399.304265702292,
    "ch4_std": 2.2737367544323206e-13,
    "violation_rate": 0.2652423137050547,
    "violation_rate_std": 0.0,
    "overall_score": 0.7193137002307247,
    "terminated_rate": 0.0,
    "ph_mean": 7.2548343804963,
    "vfa_max_mean": 0.16670783714077755,
    "vfa_cvar95": 0.2652423137050547,
    "vfa_worst_episode": 0.2652423137050547,
    "score_worst": 0.7193137002307247,
    "score_cvar95": -0.7193137002307247
  },
  "raw": {
    "reward_mean": 0.22528425641181235,
    "reward_std": 0.0,
    "ch4_avg": 1399.304265702292,
    "ch4_std": 2.2737367544323206e-13,
    "violation_rate": 0.2652423137050547,
    "violation_rate_std": 0.0,
    "vfa_cvar95": 0.2652423137050547,
    "vfa_worst_episode": 0.2652423137050547,
    "overall_score": 0.7193137002307247,
    "score_worst": 0.7193137002307247,
    "score_cvar95": -0.7193137002307247,
    "terminated_rate": 0.0,
    "ph_mean": 7.2548343804963,
    "vfa_max_mean": 0.16670783714077755,
    "n_episodes": 10
  }
}