{
  "record": {
    "obs_mode": "simple",
    "train_scenario": "high_load",
    "test_scenario": "high_load",
    "algo": "sac",
    "reward_config": "safety_first",
    "seed": 42,
    "reward_mean": 0.2960500486978834,
    "reward_std": 5.551115123125783e-17,
    "ch4_avg": 831.67812694482,
    "ch4_std": 1.1368683772161603e-13,
    "violation_rate": 0.04758596734977423,
    "violation_rate_std": 0.0,
    "overall_score": 0.7145842148944063,
    "terminated_rate": 0.0,
    "ph_mean": 7.247920901671601,
    "vfa_max_mean": 0.1331730034483702,
    "vfa_cvar95": 0.04758596734977423,
    "vfa_worst_episode": 0.04758596734977423,
    "score_worst": 0.7145842148944062,
    "score_cvar95": -0.7145842148944062
  },
  "raw": {
    "reward_mean": 0.2960500486978834,
    "reward_std": 5.551115123125783e-17,
    "ch4_avg": 831.67812694482,
    "ch4_std": 1.1368683772161603e-13,
    "violation_rate": 0.04758596734977423,
    "violation_rate_std": 0.0,
    "vfa_cvar95": 0.04758596734977423,
    "vfa_worst_episode": 0.04758596734977423,
    "overall_score": 0.7145842148944063,
    "score_worst": 0.7145842148944062,
    "score_cvar95": -0.7145842148944062,
    "terminated_rate": 0.0,
    "ph_mean": 7.247920901671601,
    "vfa_max_mean": 0.1331730034483702,
    "n_episodes": 10
  }
}