{
  "record": {
    "obs_mode": "full",
    "train_scenario": "nominal",
    "test_scenario": "low_load",
    "algo": "sac",
    "reward_config": "safety_first",
    "seed": 42,
    "reward_mean": 0.6541873471857159,
    "reward_std": 0.0,
    "ch4_avg": 1633.4471649561413,
    "ch4_std": 2.2737367544323206e-13,
    "violation_rate": 0.0,
    "violation_rate_std": 0.0,
    "overall_score": 0.8935935826921918,
    "terminated_rate": 0.0,
    "ph_mean": 7.15306834925205,
    "vfa_max_mean": 0.1927524348029295,
    "vfa_cvar95": 0.0,
    "vfa_worst_episode": 0.0,
    "score_worst": 0.8935935826921917,
    "score_cvar95": -0.8935935826921917
  },
  "raw": {
    "reward_mean": 0.6541873471857159,
    "reward_std": 0.0,
    "ch4_avg": 1633.4471649561413,
    "ch4_std": 2.2737367544323206e-13,
    "violation_rate": 0.0,
    "violation_rate_std": 0.0,
    "vfa_cvar95": 0.0,
    "vfa_worst_episode": 0.0,
    "overall_score": 0.8935935826921918,
    "score_worst": 0.8935935826921917,
    "score_cvar95": -0.8935935826921917,
    "terminated_rate": 0.0,
    "ph_mean": 7.15306834925205,
    "vfa_max_mean": 0.1927524348029295,
    "n_episodes": 10
  }
}