{
  "record": {
    "obs_mode": "full",
    "train_scenario": "high_load",
    "test_scenario": "temperature_drop",
    "algo": "sac",
    "reward_config": "safety_first",
    "seed": 42,
    "reward_mean": 0.43759243245127866,
    "reward_std": 0.0,
    "ch4_avg": 1057.9446731377052,
    "ch4_std": 2.2737367544323206e-13,
    "violation_rate": 0.0,
    "violation_rate_std": 0.0,
    "overall_score": 0.7737763243027136,
    "terminated_rate": 0.0,
    "ph_mean": 7.163635048086201,
    "vfa_max_mean": 0.14230076548703655,
    "vfa_cvar95": 0.0,
    "vfa_worst_episode": 0.0,
    "score_worst": 0.7737763243027137,
    "score_cvar95": -0.7737763243027137
  },
  "raw": {
    "reward_mean": 0.43759243245127866,
    "reward_std": 0.0,
    "ch4_avg": 1057.9446731377052,
    "ch4_std": 2.2737367544323206e-13,
    "violation_rate": 0.0,
    "violation_rate_std": 0.0,
    "vfa_cvar95": 0.0,
    "vfa_worst_episode": 0.0,
    "overall_score": 0.7737763243027136,
    "score_worst": 0.7737763243027137,
    "score_cvar95": -0.7737763243027137,
    "terminated_rate": 0.0,
    "ph_mean": 7.163635048086201,
    "vfa_max_mean": 0.14230076548703655,
    "n_episodes": 10
  }
}