{
  "record": {
    "obs_mode": "full",
    "train_scenario": "temperature_drop",
    "test_scenario": "shock_load",
    "algo": "sac",
    "reward_config": "safety_first",
    "seed": 456,
    "reward_mean": 0.6983487051107067,
    "reward_std": 0.0,
    "ch4_avg": 1584.9180391434652,
    "ch4_std": 2.2737367544323206e-13,
    "violation_rate": 0.0,
    "violation_rate_std": 0.0,
    "overall_score": 0.8707680514423577,
    "terminated_rate": 0.0,
    "ph_mean": 7.225940095789023,
    "vfa_max_mean": 0.1956543743122264,
    "vfa_cvar95": 0.0,
    "vfa_worst_episode": 0.0,
    "score_worst": 0.8707680514423577,
    "score_cvar95": -0.8707680514423577
  },
  "raw": {
    "reward_mean": 0.6983487051107067,
    "reward_std": 0.0,
    "ch4_avg": 1584.9180391434652,
    "ch4_std": 2.2737367544323206e-13,
    "violation_rate": 0.0,
    "violation_rate_std": 0.0,
    "vfa_cvar95": 0.0,
    "vfa_worst_episode": 0.0,
    "overall_score": 0.8707680514423577,
    "score_worst": 0.8707680514423577,
    "score_cvar95": -0.8707680514423577,
    "terminated_rate": 0.0,
    "ph_mean": 7.225940095789023,
    "vfa_max_mean": 0.1956543743122264,
    "n_episodes": 10
  }
}