{
  "record": {
    "obs_mode": "full",
    "train_scenario": "low_load",
    "test_scenario": "low_load",
    "algo": "sac",
    "reward_config": "safety_first",
    "seed": 42,
    "reward_mean": 0.5005587895018319,
    "reward_std": 0.0,
    "ch4_avg": 1176.3846077045168,
    "ch4_std": 0.0,
    "violation_rate": 0.0,
    "violation_rate_std": 0.0,
    "overall_score": 0.7881555455000464,
    "terminated_rate": 0.0,
    "ph_mean": 7.166731214502097,
    "vfa_max_mean": 0.16200700910675483,
    "vfa_cvar95": 0.0,
    "vfa_worst_episode": 0.0,
    "score_worst": 0.7881555455000464,
    "score_cvar95": -0.7881555455000464
  },
  "raw": {
    "reward_mean": 0.5005587895018319,
    "reward_std": 0.0,
    "ch4_avg": 1176.3846077045168,
    "ch4_std": 0.0,
    "violation_rate": 0.0,
    "violation_rate_std": 0.0,
    "vfa_cvar95": 0.0,
    "vfa_worst_episode": 0.0,
    "overall_score": 0.7881555455000464,
    "score_worst": 0.7881555455000464,
    "score_cvar95": -0.7881555455000464,
    "terminated_rate": 0.0,
    "ph_mean": 7.166731214502097,
    "vfa_max_mean": 0.16200700910675483,
    "n_episodes": 10
  }
}