{
  "record": {
    "obs_mode": "simple",
    "train_scenario": "temperature_drop",
    "test_scenario": "high_load",
    "algo": "sac",
    "reward_config": "safety_first",
    "seed": 123,
    "reward_mean": -0.7901624540145835,
    "reward_std": 0.0,
    "ch4_avg": 2037.0884907229931,
    "ch4_std": 2.2737367544323206e-13,
    "violation_rate": 1.1368530739840224,
    "violation_rate_std": 2.220446049250313e-16,
    "overall_score": 0.5563973095952445,
    "terminated_rate": 0.0,
    "ph_mean": 7.2562016196273476,
    "vfa_max_mean": 0.30016018483483153,
    "vfa_cvar95": 1.1368530739840221,
    "vfa_worst_episode": 1.1368530739840221,
    "score_worst": 0.5563973095952446,
    "score_cvar95": -0.5563973095952446
  },
  "raw": {
    "reward_mean": -0.7901624540145835,
    "reward_std": 0.0,
    "ch4_avg": 2037.0884907229931,
    "ch4_std": 2.2737367544323206e-13,
    "violation_rate": 1.1368530739840224,
    "violation_rate_std": 2.220446049250313e-16,
    "vfa_cvar95": 1.1368530739840221,
    "vfa_worst_episode": 1.1368530739840221,
    "overall_score": 0.5563973095952445,
    "score_worst": 0.5563973095952446,
    "score_cvar95": -0.5563973095952446,
    "terminated_rate": 0.0,
    "ph_mean": 7.2562016196273476,
    "vfa_max_mean": 0.30016018483483153,
    "n_episodes": 10
  }
}