{
  "record": {
    "obs_mode": "simple",
    "train_scenario": "nominal",
    "test_scenario": "recovery_test",
    "algo": "sac",
    "reward_config": "safety_first",
    "seed": 456,
    "reward_mean": 0.6134596576613565,
    "reward_std": 0.0,
    "ch4_avg": 1441.5445413536186,
    "ch4_std": 0.0,
    "violation_rate": 0.0,
    "violation_rate_std": 0.0,
    "overall_score": 0.8360127457249884,
    "terminated_rate": 0.0,
    "ph_mean": 7.223007870586033,
    "vfa_max_mean": 0.17106872522866753,
    "vfa_cvar95": 0.0,
    "vfa_worst_episode": 0.0,
    "score_worst": 0.8360127457249884,
    "score_cvar95": -0.8360127457249884
  },
  "raw": {
    "reward_mean": 0.6134596576613565,
    "reward_std": 0.0,
    "ch4_avg": 1441.5445413536186,
    "ch4_std": 0.0,
    "violation_rate": 0.0,
    "violation_rate_std": 0.0,
    "vfa_cvar95": 0.0,
    "vfa_worst_episode": 0.0,
    "overall_score": 0.8360127457249884,
    "score_worst": 0.8360127457249884,
    "score_cvar95": -0.8360127457249884,
    "terminated_rate": 0.0,
    "ph_mean": 7.223007870586033,
    "vfa_max_mean": 0.17106872522866753,
    "n_episodes": 10
  }
}