{
  "record": {
    "obs_mode": "simple",
    "train_scenario": "high_load",
    "test_scenario": "nominal",
    "algo": "sac",
    "reward_config": "safety_first",
    "seed": 456,
    "reward_mean": 0.35717838450111705,
    "reward_std": 5.551115123125783e-17,
    "ch4_avg": 879.9904942379513,
    "ch4_std": 0.0,
    "violation_rate": 0.023966655088572424,
    "violation_rate_std": 3.469446951953614e-18,
    "overall_score": 0.7339825114608132,
    "terminated_rate": 0.0,
    "ph_mean": 7.221981020128889,
    "vfa_max_mean": 0.1332566165196931,
    "vfa_cvar95": 0.02396665508857242,
    "vfa_worst_episode": 0.02396665508857242,
    "score_worst": 0.7339825114608131,
    "score_cvar95": -0.7339825114608131
  },
  "raw": {
    "reward_mean": 0.35717838450111705,
    "reward_std": 5.551115123125783e-17,
    "ch4_avg": 879.9904942379513,
    "ch4_std": 0.0,
    "violation_rate": 0.023966655088572424,
    "violation_rate_std": 3.469446951953614e-18,
    "vfa_cvar95": 0.02396665508857242,
    "vfa_worst_episode": 0.02396665508857242,
    "overall_score": 0.7339825114608132,
    "score_worst": 0.7339825114608131,
    "score_cvar95": -0.7339825114608131,
    "terminated_rate": 0.0,
    "ph_mean": 7.221981020128889,
    "vfa_max_mean": 0.1332566165196931,
    "n_episodes": 10
  }
}