{
  "record": {
    "obs_mode": "simple",
    "train_scenario": "cold_winter",
    "test_scenario": "temperature_drop",
    "algo": "sac",
    "reward_config": "safety_first",
    "seed": 42,
    "reward_mean": -0.07780568716844968,
    "reward_std": 0.0,
    "ch4_avg": 1730.6771691060262,
    "ch4_std": 2.2737367544323206e-13,
    "violation_rate": 0.567210837096214,
    "violation_rate_std": 0.0,
    "overall_score": 0.6844658542785371,
    "terminated_rate": 0.0,
    "ph_mean": 7.261816616707662,
    "vfa_max_mean": 0.20357014696376483,
    "vfa_cvar95": 0.567210837096214,
    "vfa_worst_episode": 0.567210837096214,
    "score_worst": 0.6844658542785371,
    "score_cvar95": -0.6844658542785371
  },
  "raw": {
    "reward_mean": -0.07780568716844968,
    "reward_std": 0.0,
    "ch4_avg": 1730.6771691060262,
    "ch4_std": 2.2737367544323206e-13,
    "violation_rate": 0.567210837096214,
    "violation_rate_std": 0.0,
    "vfa_cvar95": 0.567210837096214,
    "vfa_worst_episode": 0.567210837096214,
    "overall_score": 0.6844658542785371,
    "score_worst": 0.6844658542785371,
    "score_cvar95": -0.6844658542785371,
    "terminated_rate": 0.0,
    "ph_mean": 7.261816616707662,
    "vfa_max_mean": 0.20357014696376483,
    "n_episodes": 10
  }
}