{
  "record": {
    "obs_mode": "simple",
    "train_scenario": "cold_winter",
    "test_scenario": "recovery_test",
    "algo": "sac",
    "reward_config": "safety_first",
    "seed": 42,
    "reward_mean": -0.2531051460195178,
    "reward_std": 5.551115123125783e-17,
    "ch4_avg": 1658.6160723812893,
    "ch4_std": 0.0,
    "violation_rate": 0.6534653465346534,
    "violation_rate_std": 1.1102230246251565e-16,
    "overall_score": 0.6305748916635336,
    "terminated_rate": 0.0,
    "ph_mean": 7.267497294287763,
    "vfa_max_mean": 0.20357014696376483,
    "vfa_cvar95": 0.6534653465346535,
    "vfa_worst_episode": 0.6534653465346535,
    "score_worst": 0.6305748916635336,
    "score_cvar95": -0.6305748916635336
  },
  "raw": {
    "reward_mean": -0.2531051460195178,
    "reward_std": 5.551115123125783e-17,
    "ch4_avg": 1658.6160723812893,
    "ch4_std": 0.0,
    "violation_rate": 0.6534653465346534,
    "violation_rate_std": 1.1102230246251565e-16,
    "vfa_cvar95": 0.6534653465346535,
    "vfa_worst_episode": 0.6534653465346535,
    "overall_score": 0.6305748916635336,
    "score_worst": 0.6305748916635336,
    "score_cvar95": -0.6305748916635336,
    "terminated_rate": 0.0,
    "ph_mean": 7.267497294287763,
    "vfa_max_mean": 0.20357014696376483,
    "n_episodes": 10
  }
}