{
  "record": {
    "obs_mode": "full",
    "train_scenario": "high_load",
    "test_scenario": "nominal",
    "algo": "sac",
    "reward_config": "safety_first",
    "seed": 42,
    "reward_mean": 0.4376234491801075,
    "reward_std": 5.551115123125783e-17,
    "ch4_avg": 1058.0186891444084,
    "ch4_std": 0.0,
    "violation_rate": 0.0,
    "violation_rate_std": 0.0,
    "overall_score": 0.7737985553996973,
    "terminated_rate": 0.0,
    "ph_mean": 7.163724107109802,
    "vfa_max_mean": 0.14214781368308135,
    "vfa_cvar95": 0.0,
    "vfa_worst_episode": 0.0,
    "score_worst": 0.7737985553996974,
    "score_cvar95": -0.7737985553996974
  },
  "raw": {
    "reward_mean": 0.4376234491801075,
    "reward_std": 5.551115123125783e-17,
    "ch4_avg": 1058.0186891444084,
    "ch4_std": 0.0,
    "violation_rate": 0.0,
    "violation_rate_std": 0.0,
    "vfa_cvar95": 0.0,
    "vfa_worst_episode": 0.0,
    "overall_score": 0.7737985553996973,
    "score_worst": 0.7737985553996974,
    "score_cvar95": -0.7737985553996974,
    "terminated_rate": 0.0,
    "ph_mean": 7.163724107109802,
    "vfa_max_mean": 0.14214781368308135,
    "n_episodes": 10
  }
}