{
  "record": {
    "obs_mode": "simple",
    "train_scenario": "temperature_drop",
    "test_scenario": "high_load",
    "algo": "sac",
    "reward_config": "safety_first",
    "seed": 42,
    "reward_mean": -1.4760514414081993,
    "reward_std": 0.0,
    "ch4_avg": 2192.7290054327636,
    "ch4_std": 0.0,
    "violation_rate": 1.5415074678707885,
    "violation_rate_std": 0.0,
    "overall_score": 0.5933714996404875,
    "terminated_rate": 0.0,
    "ph_mean": 7.276592387345692,
    "vfa_max_mean": 0.32934781087601067,
    "vfa_cvar95": 1.5415074678707885,
    "vfa_worst_episode": 1.5415074678707885,
    "score_worst": 0.5933714996404875,
    "score_cvar95": -0.5933714996404875
  },
  "raw": {
    "reward_mean": -1.4760514414081993,
    "reward_std": 0.0,
    "ch4_avg": 2192.7290054327636,
    "ch4_std": 0.0,
    "violation_rate": 1.5415074678707885,
    "violation_rate_std": 0.0,
    "vfa_cvar95": 1.5415074678707885,
    "vfa_worst_episode": 1.5415074678707885,
    "overall_score": 0.5933714996404875,
    "score_worst": 0.5933714996404875,
    "score_cvar95": -0.5933714996404875,
    "terminated_rate": 0.0,
    "ph_mean": 7.276592387345692,
    "vfa_max_mean": 0.32934781087601067,
    "n_episodes": 10
  }
}