{
  "record": {
    "obs_mode": "full",
    "train_scenario": "cold_winter",
    "test_scenario": "shock_load",
    "algo": "sac",
    "reward_config": "safety_first",
    "seed": 42,
    "reward_mean": 0.2038659631817997,
    "reward_std": 0.0,
    "ch4_avg": 1375.826802865872,
    "ch4_std": 2.2737367544323206e-13,
    "violation_rate": 0.27926363320597425,
    "violation_rate_std": 5.551115123125783e-17,
    "overall_score": 0.6919516750952595,
    "terminated_rate": 0.0,
    "ph_mean": 7.253054136558404,
    "vfa_max_mean": 0.1858611914219765,
    "vfa_cvar95": 0.2792636332059743,
    "vfa_worst_episode": 0.2792636332059743,
    "score_worst": 0.6919516750952596,
    "score_cvar95": -0.6919516750952596
  },
  "raw": {
    "reward_mean": 0.2038659631817997,
    "reward_std": 0.0,
    "ch4_avg": 1375.826802865872,
    "ch4_std": 2.2737367544323206e-13,
    "violation_rate": 0.27926363320597425,
    "violation_rate_std": 5.551115123125783e-17,
    "vfa_cvar95": 0.2792636332059743,
    "vfa_worst_episode": 0.2792636332059743,
    "overall_score": 0.6919516750952595,
    "score_worst": 0.6919516750952596,
    "score_cvar95": -0.6919516750952596,
    "terminated_rate": 0.0,
    "ph_mean": 7.253054136558404,
    "vfa_max_mean": 0.1858611914219765,
    "n_episodes": 10
  }
}