{
  "record": {
    "obs_mode": "full",
    "train_scenario": "high_load",
    "test_scenario": "high_load",
    "algo": "sac",
    "reward_config": "safety_first",
    "seed": 42,
    "reward_mean": 0.5373409223171645,
    "reward_std": 0.0,
    "ch4_avg": 1254.2651961660738,
    "ch4_std": 0.0,
    "violation_rate": 0.0,
    "violation_rate_std": 0.0,
    "overall_score": 0.8209847476419597,
    "terminated_rate": 0.0,
    "ph_mean": 7.220135353802059,
    "vfa_max_mean": 0.14221852807784402,
    "vfa_cvar95": 0.0,
    "vfa_worst_episode": 0.0,
    "score_worst": 0.8209847476419596,
    "score_cvar95": -0.8209847476419596
  },
  "raw": {
    "reward_mean": 0.5373409223171645,
    "reward_std": 0.0,
    "ch4_avg": 1254.2651961660738,
    "ch4_std": 0.0,
    "violation_rate": 0.0,
    "violation_rate_std": 0.0,
    "vfa_cvar95": 0.0,
    "vfa_worst_episode": 0.0,
    "overall_score": 0.8209847476419597,
    "score_worst": 0.8209847476419596,
    "score_cvar95": -0.8209847476419596,
    "terminated_rate": 0.0,
    "ph_mean": 7.220135353802059,
    "vfa_max_mean": 0.14221852807784402,
    "n_episodes": 10
  }
}