{
  "record": {
    "obs_mode": "simple",
    "train_scenario": "cold_winter",
    "test_scenario": "low_load",
    "algo": "sac",
    "reward_config": "safety_first",
    "seed": 123,
    "reward_mean": 0.44971489239204104,
    "reward_std": 0.0,
    "ch4_avg": 1045.270428555925,
    "ch4_std": 0.0,
    "violation_rate": 0.0,
    "violation_rate_std": 0.0,
    "overall_score": 0.7614671726682317,
    "terminated_rate": 0.0,
    "ph_mean": 7.170328812332916,
    "vfa_max_mean": 0.14164338388570144,
    "vfa_cvar95": 0.0,
    "vfa_worst_episode": 0.0,
    "score_worst": 0.7614671726682318,
    "score_cvar95": -0.7614671726682318
  },
  "raw": {
    "reward_mean": 0.44971489239204104,
    "reward_std": 0.0,
    "ch4_avg": 1045.270428555925,
    "ch4_std": 0.0,
    "violation_rate": 0.0,
    "violation_rate_std": 0.0,
    "vfa_cvar95": 0.0,
    "vfa_worst_episode": 0.0,
    "overall_score": 0.7614671726682317,
    "score_worst": 0.7614671726682318,
    "score_cvar95": -0.7614671726682318,
    "terminated_rate": 0.0,
    "ph_mean": 7.170328812332916,
    "vfa_max_mean": 0.14164338388570144,
    "n_episodes": 10
  }
}