{
  "record": {
    "obs_mode": "simple",
    "train_scenario": "low_load",
    "test_scenario": "high_load",
    "algo": "sac",
    "reward_config": "safety_first",
    "seed": 42,
    "reward_mean": -1.5539595763455591,
    "reward_std": 0.0,
    "ch4_avg": 2130.6719317773327,
    "ch4_std": 4.547473508864641e-13,
    "violation_rate": 1.5797151788815562,
    "violation_rate_std": 2.220446049250313e-16,
    "overall_score": 0.5810651897836202,
    "terminated_rate": 0.0,
    "ph_mean": 7.2923544946392,
    "vfa_max_mean": 0.3444490053554214,
    "vfa_cvar95": 1.579715178881556,
    "vfa_worst_episode": 1.579715178881556,
    "score_worst": 0.5810651897836201,
    "score_cvar95": -0.5810651897836201
  },
  "raw": {
    "reward_mean": -1.5539595763455591,
    "reward_std": 0.0,
    "ch4_avg": 2130.6719317773327,
    "ch4_std": 4.547473508864641e-13,
    "violation_rate": 1.5797151788815562,
    "violation_rate_std": 2.220446049250313e-16,
    "vfa_cvar95": 1.579715178881556,
    "vfa_worst_episode": 1.579715178881556,
    "overall_score": 0.5810651897836202,
    "score_worst": 0.5810651897836201,
    "score_cvar95": -0.5810651897836201,
    "terminated_rate": 0.0,
    "ph_mean": 7.2923544946392,
    "vfa_max_mean": 0.3444490053554214,
    "n_episodes": 10
  }
}