{
  "record": {
    "obs_mode": "simple",
    "train_scenario": "temperature_drop",
    "test_scenario": "low_load",
    "algo": "sac",
    "reward_config": "safety_first",
    "seed": 456,
    "reward_mean": 0.500901629289858,
    "reward_std": 1.1102230246251565e-16,
    "ch4_avg": 1208.9606234785094,
    "ch4_std": 0.0,
    "violation_rate": 0.0,
    "violation_rate_std": 0.0,
    "overall_score": 0.7802372487438964,
    "terminated_rate": 0.0,
    "ph_mean": 7.1450807194087576,
    "vfa_max_mean": 0.1889544166533248,
    "vfa_cvar95": 0.0,
    "vfa_worst_episode": 0.0,
    "score_worst": 0.7802372487438965,
    "score_cvar95": -0.7802372487438965
  },
  "raw": {
    "reward_mean": 0.500901629289858,
    "reward_std": 1.1102230246251565e-16,
    "ch4_avg": 1208.9606234785094,
    "ch4_std": 0.0,
    "violation_rate": 0.0,
    "violation_rate_std": 0.0,
    "vfa_cvar95": 0.0,
    "vfa_worst_episode": 0.0,
    "overall_score": 0.7802372487438964,
    "score_worst": 0.7802372487438965,
    "score_cvar95": -0.7802372487438965,
    "terminated_rate": 0.0,
    "ph_mean": 7.1450807194087576,
    "vfa_max_mean": 0.1889544166533248,
    "n_episodes": 10
  }
}