{
  "record": {
    "obs_mode": "full",
    "train_scenario": "shock_load",
    "test_scenario": "nominal",
    "algo": "sac",
    "reward_config": "safety_first",
    "seed": 456,
    "reward_mean": 0.6900503536016027,
    "reward_std": 1.1102230246251565e-16,
    "ch4_avg": 1641.7541425073728,
    "ch4_std": 2.2737367544323206e-13,
    "violation_rate": 0.02327196943383119,
    "violation_rate_std": 0.0,
    "overall_score": 0.8728842529767995,
    "terminated_rate": 0.0,
    "ph_mean": 7.226708549614434,
    "vfa_max_mean": 0.2049599450572392,
    "vfa_cvar95": 0.02327196943383119,
    "vfa_worst_episode": 0.02327196943383119,
    "score_worst": 0.8728842529767995,
    "score_cvar95": -0.8728842529767995
  },
  "raw": {
    "reward_mean": 0.6900503536016027,
    "reward_std": 1.1102230246251565e-16,
    "ch4_avg": 1641.7541425073728,
    "ch4_std": 2.2737367544323206e-13,
    "violation_rate": 0.02327196943383119,
    "violation_rate_std": 0.0,
    "vfa_cvar95": 0.02327196943383119,
    "vfa_worst_episode": 0.02327196943383119,
    "overall_score": 0.8728842529767995,
    "score_worst": 0.8728842529767995,
    "score_cvar95": -0.8728842529767995,
    "terminated_rate": 0.0,
    "ph_mean": 7.226708549614434,
    "vfa_max_mean": 0.2049599450572392,
    "n_episodes": 10
  }
}