{
  "record": {
    "obs_mode": "full",
    "train_scenario": "high_load",
    "test_scenario": "nominal",
    "algo": "sac",
    "reward_config": "safety_first",
    "seed": 456,
    "reward_mean": -3.5383851217586484,
    "reward_std": 4.440892098500626e-16,
    "ch4_avg": 2974.5540648120414,
    "ch4_std": 4.547473508864641e-13,
    "violation_rate": 1.661340743313651,
    "violation_rate_std": 2.220446049250313e-16,
    "overall_score": 0.7520534403748623,
    "terminated_rate": 0.0,
    "ph_mean": 7.2554331143130595,
    "vfa_max_mean": 0.7650806959417675,
    "vfa_cvar95": 1.6613407433136507,
    "vfa_worst_episode": 1.6613407433136507,
    "score_worst": 0.7520534403748624,
    "score_cvar95": -0.7520534403748624
  },
  "raw": {
    "reward_mean": -3.5383851217586484,
    "reward_std": 4.440892098500626e-16,
    "ch4_avg": 2974.5540648120414,
    "ch4_std": 4.547473508864641e-13,
    "violation_rate": 1.661340743313651,
    "violation_rate_std": 2.220446049250313e-16,
    "vfa_cvar95": 1.6613407433136507,
    "vfa_worst_episode": 1.6613407433136507,
    "overall_score": 0.7520534403748623,
    "score_worst": 0.7520534403748624,
    "score_cvar95": -0.7520534403748624,
    "terminated_rate": 0.0,
    "ph_mean": 7.2554331143130595,
    "vfa_max_mean": 0.7650806959417675,
    "n_episodes": 10
  }
}