{
  "record": {
    "obs_mode": "full",
    "train_scenario": "cold_winter",
    "test_scenario": "low_load",
    "algo": "sac",
    "reward_config": "safety_first",
    "seed": 42,
    "reward_mean": 0.326216876232715,
    "reward_std": 5.551115123125783e-17,
    "ch4_avg": 727.2469736202529,
    "ch4_std": 0.0,
    "violation_rate": 0.0,
    "violation_rate_std": 0.0,
    "overall_score": 0.683113464795535,
    "terminated_rate": 0.0,
    "ph_mean": 7.198644847540943,
    "vfa_max_mean": 0.13317054459978056,
    "vfa_cvar95": 0.0,
    "vfa_worst_episode": 0.0,
    "score_worst": 0.683113464795535,
    "score_cvar95": -0.683113464795535
  },
  "raw": {
    "reward_mean": 0.326216876232715,
    "reward_std": 5.551115123125783e-17,
    "ch4_avg": 727.2469736202529,
    "ch4_std": 0.0,
    "violation_rate": 0.0,
    "violation_rate_std": 0.0,
    "vfa_cvar95": 0.0,
    "vfa_worst_episode": 0.0,
    "overall_score": 0.683113464795535,
    "score_worst": 0.683113464795535,
    "score_cvar95": -0.683113464795535,
    "terminated_rate": 0.0,
    "ph_mean": 7.198644847540943,
    "vfa_max_mean": 0.13317054459978056,
    "n_episodes": 10
  }
}