{
  "record": {
    "obs_mode": "full",
    "train_scenario": "nominal",
    "test_scenario": "shock_load",
    "algo": "sac",
    "reward_config": "safety_first",
    "seed": 123,
    "reward_mean": 0.8111809383491337,
    "reward_std": 0.0,
    "ch4_avg": 1947.4361982621272,
    "ch4_std": 0.0,
    "violation_rate": 0.021187912469607502,
    "violation_rate_std": 0.0,
    "overall_score": 0.9591925530929487,
    "terminated_rate": 0.0,
    "ph_mean": 7.234701499957427,
    "vfa_max_mean": 0.21712158428477574,
    "vfa_cvar95": 0.021187912469607502,
    "vfa_worst_episode": 0.021187912469607502,
    "score_worst": 0.9591925530929486,
    "score_cvar95": -0.9591925530929486
  },
  "raw": {
    "reward_mean": 0.8111809383491337,
    "reward_std": 0.0,
    "ch4_avg": 1947.4361982621272,
    "ch4_std": 0.0,
    "violation_rate": 0.021187912469607502,
    "violation_rate_std": 0.0,
    "vfa_cvar95": 0.021187912469607502,
    "vfa_worst_episode": 0.021187912469607502,
    "overall_score": 0.9591925530929487,
    "score_worst": 0.9591925530929486,
    "score_cvar95": -0.9591925530929486,
    "terminated_rate": 0.0,
    "ph_mean": 7.234701499957427,
    "vfa_max_mean": 0.21712158428477574,
    "n_episodes": 10
  }
}