{
  "record": {
    "obs_mode": "full",
    "train_scenario": "low_load",
    "test_scenario": "nominal",
    "algo": "sac",
    "reward_config": "safety_first",
    "seed": 123,
    "reward_mean": 0.4134611122510264,
    "reward_std": 0.0,
    "ch4_avg": 1664.9862725425417,
    "ch4_std": 0.0,
    "violation_rate": 0.21986800972559917,
    "violation_rate_std": 0.0,
    "overall_score": 0.7989777980826737,
    "terminated_rate": 0.0,
    "ph_mean": 7.243542629019482,
    "vfa_max_mean": 0.20414773022174687,
    "vfa_cvar95": 0.21986800972559917,
    "vfa_worst_episode": 0.21986800972559917,
    "score_worst": 0.7989777980826737,
    "score_cvar95": -0.7989777980826737
  },
  "raw": {
    "reward_mean": 0.4134611122510264,
    "reward_std": 0.0,
    "ch4_avg": 1664.9862725425417,
    "ch4_std": 0.0,
    "violation_rate": 0.21986800972559917,
    "violation_rate_std": 0.0,
    "vfa_cvar95": 0.21986800972559917,
    "vfa_worst_episode": 0.21986800972559917,
    "overall_score": 0.7989777980826737,
    "score_worst": 0.7989777980826737,
    "score_cvar95": -0.7989777980826737,
    "terminated_rate": 0.0,
    "ph_mean": 7.243542629019482,
    "vfa_max_mean": 0.20414773022174687,
    "n_episodes": 10
  }
}