{
  "record": {
    "obs_mode": "simple",
    "train_scenario": "temperature_drop",
    "test_scenario": "shock_load",
    "algo": "sac",
    "reward_config": "safety_first",
    "seed": 123,
    "reward_mean": 0.6545349053258603,
    "reward_std": 0.0,
    "ch4_avg": 1549.4615020895876,
    "ch4_std": 2.2737367544323206e-13,
    "violation_rate": 0.011462313303230288,
    "violation_rate_std": 0.0,
    "overall_score": 0.8563262545798741,
    "terminated_rate": 0.0,
    "ph_mean": 7.194402450131497,
    "vfa_max_mean": 0.21127427617879163,
    "vfa_cvar95": 0.011462313303230288,
    "vfa_worst_episode": 0.011462313303230288,
    "score_worst": 0.8563262545798741,
    "score_cvar95": -0.8563262545798741
  },
  "raw": {
    "reward_mean": 0.6545349053258603,
    "reward_std": 0.0,
    "ch4_avg": 1549.4615020895876,
    "ch4_std": 2.2737367544323206e-13,
    "violation_rate": 0.011462313303230288,
    "violation_rate_std": 0.0,
    "vfa_cvar95": 0.011462313303230288,
    "vfa_worst_episode": 0.011462313303230288,
    "overall_score": 0.8563262545798741,
    "score_worst": 0.8563262545798741,
    "score_cvar95": -0.8563262545798741,
    "terminated_rate": 0.0,
    "ph_mean": 7.194402450131497,
    "vfa_max_mean": 0.21127427617879163,
    "n_episodes": 10
  }
}