{
  "record": {
    "obs_mode": "full",
    "train_scenario": "temperature_drop",
    "test_scenario": "low_load",
    "algo": "sac",
    "reward_config": "safety_first",
    "seed": 123,
    "reward_mean": 0.4356342692458021,
    "reward_std": 5.551115123125783e-17,
    "ch4_avg": 1066.1613957141035,
    "ch4_std": 0.0,
    "violation_rate": 0.0,
    "violation_rate_std": 0.0,
    "overall_score": 0.7745088415602607,
    "terminated_rate": 0.0,
    "ph_mean": 7.128063240638854,
    "vfa_max_mean": 0.1571270834173097,
    "vfa_cvar95": 0.0,
    "vfa_worst_episode": 0.0,
    "score_worst": 0.7745088415602607,
    "score_cvar95": -0.7745088415602607
  },
  "raw": {
    "reward_mean": 0.4356342692458021,
    "reward_std": 5.551115123125783e-17,
    "ch4_avg": 1066.1613957141035,
    "ch4_std": 0.0,
    "violation_rate": 0.0,
    "violation_rate_std": 0.0,
    "vfa_cvar95": 0.0,
    "vfa_worst_episode": 0.0,
    "overall_score": 0.7745088415602607,
    "score_worst": 0.7745088415602607,
    "score_cvar95": -0.7745088415602607,
    "terminated_rate": 0.0,
    "ph_mean": 7.128063240638854,
    "vfa_max_mean": 0.1571270834173097,
    "n_episodes": 10
  }
}