{
  "record": {
    "obs_mode": "full",
    "train_scenario": "temperature_drop",
    "test_scenario": "nominal",
    "algo": "sac",
    "reward_config": "safety_first",
    "seed": 123,
    "reward_mean": 0.6494603279866134,
    "reward_std": 0.0,
    "ch4_avg": 1486.1274329331359,
    "ch4_std": 0.0,
    "violation_rate": 0.0,
    "violation_rate_std": 0.0,
    "overall_score": 0.8548462268077991,
    "terminated_rate": 0.0,
    "ph_mean": 7.211708342736246,
    "vfa_max_mean": 0.183736832033269,
    "vfa_cvar95": 0.0,
    "vfa_worst_episode": 0.0,
    "score_worst": 0.8548462268077991,
    "score_cvar95": -0.8548462268077991
  },
  "raw": {
    "reward_mean": 0.6494603279866134,
    "reward_std": 0.0,
    "ch4_avg": 1486.1274329331359,
    "ch4_std": 0.0,
    "violation_rate": 0.0,
    "violation_rate_std": 0.0,
    "vfa_cvar95": 0.0,
    "vfa_worst_episode": 0.0,
    "overall_score": 0.8548462268077991,
    "score_worst": 0.8548462268077991,
    "score_cvar95": -0.8548462268077991,
    "terminated_rate": 0.0,
    "ph_mean": 7.211708342736246,
    "vfa_max_mean": 0.183736832033269,
    "n_episodes": 10
  }
}