{
  "record": {
    "obs_mode": "simple",
    "train_scenario": "shock_load",
    "test_scenario": "shock_load",
    "algo": "sac",
    "reward_config": "safety_first",
    "seed": 456,
    "reward_mean": 0.7036451479700051,
    "reward_std": 0.0,
    "ch4_avg": 1722.5391102682884,
    "ch4_std": 0.0,
    "violation_rate": 0.03195554011809655,
    "violation_rate_std": 6.938893903907228e-18,
    "overall_score": 0.8923042052864496,
    "terminated_rate": 0.0,
    "ph_mean": 7.204755669749817,
    "vfa_max_mean": 0.2164683855247463,
    "vfa_cvar95": 0.03195554011809656,
    "vfa_worst_episode": 0.03195554011809656,
    "score_worst": 0.8923042052864494,
    "score_cvar95": -0.8923042052864494
  },
  "raw": {
    "reward_mean": 0.7036451479700051,
    "reward_std": 0.0,
    "ch4_avg": 1722.5391102682884,
    "ch4_std": 0.0,
    "violation_rate": 0.03195554011809655,
    "violation_rate_std": 6.938893903907228e-18,
    "vfa_cvar95": 0.03195554011809656,
    "vfa_worst_episode": 0.03195554011809656,
    "overall_score": 0.8923042052864496,
    "score_worst": 0.8923042052864494,
    "score_cvar95": -0.8923042052864494,
    "terminated_rate": 0.0,
    "ph_mean": 7.204755669749817,
    "vfa_max_mean": 0.2164683855247463,
    "n_episodes": 10
  }
}