{
  "record": {
    "obs_mode": "full",
    "train_scenario": "high_load",
    "test_scenario": "shock_load",
    "algo": "sac",
    "reward_config": "safety_first",
    "seed": 42,
    "reward_mean": 0.4385908154787258,
    "reward_std": 0.0,
    "ch4_avg": 1059.52675869936,
    "ch4_std": 2.2737367544323206e-13,
    "violation_rate": 0.0,
    "violation_rate_std": 0.0,
    "overall_score": 0.7739619433843776,
    "terminated_rate": 0.0,
    "ph_mean": 7.164818753838956,
    "vfa_max_mean": 0.14166355026912844,
    "vfa_cvar95": 0.0,
    "vfa_worst_episode": 0.0,
    "score_worst": 0.7739619433843776,
    "score_cvar95": -0.7739619433843776
  },
  "raw": {
    "reward_mean": 0.4385908154787258,
    "reward_std": 0.0,
    "ch4_avg": 1059.52675869936,
    "ch4_std": 2.2737367544323206e-13,
    "violation_rate": 0.0,
    "violation_rate_std": 0.0,
    "vfa_cvar95": 0.0,
    "vfa_worst_episode": 0.0,
    "overall_score": 0.7739619433843776,
    "score_worst": 0.7739619433843776,
    "score_cvar95": -0.7739619433843776,
    "terminated_rate": 0.0,
    "ph_mean": 7.164818753838956,
    "vfa_max_mean": 0.14166355026912844,
    "n_episodes": 10
  }
}