{
  "record": {
    "obs_mode": "simple",
    "train_scenario": "shock_load",
    "test_scenario": "recovery_test",
    "algo": "sac",
    "reward_config": "safety_first",
    "seed": 456,
    "reward_mean": 0.6831868895857183,
    "reward_std": 0.0,
    "ch4_avg": 1638.6043537037615,
    "ch4_std": 0.0,
    "violation_rate": 0.008858780614903595,
    "violation_rate_std": 0.0,
    "overall_score": 0.878223425467391,
    "terminated_rate": 0.0,
    "ph_mean": 7.222718747721222,
    "vfa_max_mean": 0.20169539532089803,
    "vfa_cvar95": 0.008858780614903595,
    "vfa_worst_episode": 0.008858780614903595,
    "score_worst": 0.8782234254673909,
    "score_cvar95": -0.8782234254673909
  },
  "raw": {
    "reward_mean": 0.6831868895857183,
    "reward_std": 0.0,
    "ch4_avg": 1638.6043537037615,
    "ch4_std": 0.0,
    "violation_rate": 0.008858780614903595,
    "violation_rate_std": 0.0,
    "vfa_cvar95": 0.008858780614903595,
    "vfa_worst_episode": 0.008858780614903595,
    "overall_score": 0.878223425467391,
    "score_worst": 0.8782234254673909,
    "score_cvar95": -0.8782234254673909,
    "terminated_rate": 0.0,
    "ph_mean": 7.222718747721222,
    "vfa_max_mean": 0.20169539532089803,
    "n_episodes": 10
  }
}