{
  "record": {
    "obs_mode": "simple",
    "train_scenario": "low_load",
    "test_scenario": "low_load",
    "algo": "sac",
    "reward_config": "safety_first",
    "seed": 456,
    "reward_mean": 0.5083064425064484,
    "reward_std": 0.0,
    "ch4_avg": 1182.5697086151554,
    "ch4_std": 2.2737367544323206e-13,
    "violation_rate": 0.0,
    "violation_rate_std": 0.0,
    "overall_score": 0.789468281801617,
    "terminated_rate": 0.0,
    "ph_mean": 7.176870965004828,
    "vfa_max_mean": 0.15808553197301994,
    "vfa_cvar95": 0.0,
    "vfa_worst_episode": 0.0,
    "score_worst": 0.789468281801617,
    "score_cvar95": -0.789468281801617
  },
  "raw": {
    "reward_mean": 0.5083064425064484,
    "reward_std": 0.0,
    "ch4_avg": 1182.5697086151554,
    "ch4_std": 2.2737367544323206e-13,
    "violation_rate": 0.0,
    "violation_rate_std": 0.0,
    "vfa_cvar95": 0.0,
    "vfa_worst_episode": 0.0,
    "overall_score": 0.789468281801617,
    "score_worst": 0.789468281801617,
    "score_cvar95": -0.789468281801617,
    "terminated_rate": 0.0,
    "ph_mean": 7.176870965004828,
    "vfa_max_mean": 0.15808553197301994,
    "n_episodes": 10
  }
}