{
  "record": {
    "obs_mode": "simple",
    "train_scenario": "shock_load",
    "test_scenario": "recovery_test",
    "algo": "sac",
    "reward_config": "safety_first",
    "seed": 123,
    "reward_mean": 0.6527444628079252,
    "reward_std": 1.1102230246251565e-16,
    "ch4_avg": 1555.8569852445646,
    "ch4_std": 2.2737367544323206e-13,
    "violation_rate": 0.0,
    "violation_rate_std": 0.0,
    "overall_score": 0.8575315826747311,
    "terminated_rate": 0.0,
    "ph_mean": 7.21576240433389,
    "vfa_max_mean": 0.19501690148929524,
    "vfa_cvar95": 0.0,
    "vfa_worst_episode": 0.0,
    "score_worst": 0.857531582674731,
    "score_cvar95": -0.857531582674731
  },
  "raw": {
    "reward_mean": 0.6527444628079252,
    "reward_std": 1.1102230246251565e-16,
    "ch4_avg": 1555.8569852445646,
    "ch4_std": 2.2737367544323206e-13,
    "violation_rate": 0.0,
    "violation_rate_std": 0.0,
    "vfa_cvar95": 0.0,
    "vfa_worst_episode": 0.0,
    "overall_score": 0.8575315826747311,
    "score_worst": 0.857531582674731,
    "score_cvar95": -0.857531582674731,
    "terminated_rate": 0.0,
    "ph_mean": 7.21576240433389,
    "vfa_max_mean": 0.19501690148929524,
    "n_episodes": 10
  }
}