{
  "record": {
    "obs_mode": "full",
    "train_scenario": "temperature_drop",
    "test_scenario": "recovery_test",
    "algo": "sac",
    "reward_config": "safety_first",
    "seed": 123,
    "reward_mean": 0.6105506341258591,
    "reward_std": 0.0,
    "ch4_avg": 1412.5714657705162,
    "ch4_std": 0.0,
    "violation_rate": 0.0,
    "violation_rate_std": 0.0,
    "overall_score": 0.8329507184414633,
    "terminated_rate": 0.0,
    "ph_mean": 7.230994653587919,
    "vfa_max_mean": 0.16649586214654696,
    "vfa_cvar95": 0.0,
    "vfa_worst_episode": 0.0,
    "score_worst": 0.8329507184414633,
    "score_cvar95": -0.8329507184414633
  },
  "raw": {
    "reward_mean": 0.6105506341258591,
    "reward_std": 0.0,
    "ch4_avg": 1412.5714657705162,
    "ch4_std": 0.0,
    "violation_rate": 0.0,
    "violation_rate_std": 0.0,
    "vfa_cvar95": 0.0,
    "vfa_worst_episode": 0.0,
    "overall_score": 0.8329507184414633,
    "score_worst": 0.8329507184414633,
    "score_cvar95": -0.8329507184414633,
    "terminated_rate": 0.0,
    "ph_mean": 7.230994653587919,
    "vfa_max_mean": 0.16649586214654696,
    "n_episodes": 10
  }
}