{
  "record": {
    "obs_mode": "full",
    "train_scenario": "temperature_drop",
    "test_scenario": "low_load",
    "algo": "sac",
    "reward_config": "safety_first",
    "seed": 42,
    "reward_mean": 0.5010274184517203,
    "reward_std": 0.0,
    "ch4_avg": 1210.4146124726328,
    "ch4_std": 2.2737367544323206e-13,
    "violation_rate": 0.0,
    "violation_rate_std": 0.0,
    "overall_score": 0.7948707459061384,
    "terminated_rate": 0.0,
    "ph_mean": 7.14360687910812,
    "vfa_max_mean": 0.18013026764323817,
    "vfa_cvar95": 0.0,
    "vfa_worst_episode": 0.0,
    "score_worst": 0.7948707459061384,
    "score_cvar95": -0.7948707459061384
  },
  "raw": {
    "reward_mean": 0.5010274184517203,
    "reward_std": 0.0,
    "ch4_avg": 1210.4146124726328,
    "ch4_std": 2.2737367544323206e-13,
    "violation_rate": 0.0,
    "violation_rate_std": 0.0,
    "vfa_cvar95": 0.0,
    "vfa_worst_episode": 0.0,
    "overall_score": 0.7948707459061384,
    "score_worst": 0.7948707459061384,
    "score_cvar95": -0.7948707459061384,
    "terminated_rate": 0.0,
    "ph_mean": 7.14360687910812,
    "vfa_max_mean": 0.18013026764323817,
    "n_episodes": 10
  }
}