{
  "record": {
    "obs_mode": "simple",
    "train_scenario": "cold_winter",
    "test_scenario": "high_load",
    "algo": "sac",
    "reward_config": "safety_first",
    "seed": 456,
    "reward_mean": -1.0096090852842967,
    "reward_std": 2.220446049250313e-16,
    "ch4_avg": 2028.9379710069438,
    "ch4_std": 2.2737367544323206e-13,
    "violation_rate": 1.3230288294546715,
    "violation_rate_std": 2.220446049250313e-16,
    "overall_score": 0.5698580525315113,
    "terminated_rate": 0.0,
    "ph_mean": 7.276545731974267,
    "vfa_max_mean": 0.2905966887991852,
    "vfa_cvar95": 1.3230288294546717,
    "vfa_worst_episode": 1.3230288294546717,
    "score_worst": 0.5698580525315113,
    "score_cvar95": -0.5698580525315113
  },
  "raw": {
    "reward_mean": -1.0096090852842967,
    "reward_std": 2.220446049250313e-16,
    "ch4_avg": 2028.9379710069438,
    "ch4_std": 2.2737367544323206e-13,
    "violation_rate": 1.3230288294546715,
    "violation_rate_std": 2.220446049250313e-16,
    "vfa_cvar95": 1.3230288294546717,
    "vfa_worst_episode": 1.3230288294546717,
    "overall_score": 0.5698580525315113,
    "score_worst": 0.5698580525315113,
    "score_cvar95": -0.5698580525315113,
    "terminated_rate": 0.0,
    "ph_mean": 7.276545731974267,
    "vfa_max_mean": 0.2905966887991852,
    "n_episodes": 10
  }
}