{
  "record": {
    "obs_mode": "full",
    "train_scenario": "cold_winter",
    "test_scenario": "nominal",
    "algo": "sac",
    "reward_config": "safety_first",
    "seed": 42,
    "reward_mean": 0.2114379152112707,
    "reward_std": 0.0,
    "ch4_avg": 1366.4816025932953,
    "ch4_std": 2.2737367544323206e-13,
    "violation_rate": 0.2716220910038208,
    "violation_rate_std": 0.0,
    "overall_score": 0.6926526910540636,
    "terminated_rate": 0.0,
    "ph_mean": 7.252751487578303,
    "vfa_max_mean": 0.1858611914219765,
    "vfa_cvar95": 0.2716220910038208,
    "vfa_worst_episode": 0.2716220910038208,
    "score_worst": 0.6926526910540636,
    "score_cvar95": -0.6926526910540636
  },
  "raw": {
    "reward_mean": 0.2114379152112707,
    "reward_std": 0.0,
    "ch4_avg": 1366.4816025932953,
    "ch4_std": 2.2737367544323206e-13,
    "violation_rate": 0.2716220910038208,
    "violation_rate_std": 0.0,
    "vfa_cvar95": 0.2716220910038208,
    "vfa_worst_episode": 0.2716220910038208,
    "overall_score": 0.6926526910540636,
    "score_worst": 0.6926526910540636,
    "score_cvar95": -0.6926526910540636,
    "terminated_rate": 0.0,
    "ph_mean": 7.252751487578303,
    "vfa_max_mean": 0.1858611914219765,
    "n_episodes": 10
  }
}