{
  "record": {
    "obs_mode": "simple",
    "train_scenario": "nominal",
    "test_scenario": "shock_load",
    "algo": "sac",
    "reward_config": "safety_first",
    "seed": 456,
    "reward_mean": 0.657814057251143,
    "reward_std": 1.1102230246251565e-16,
    "ch4_avg": 1521.6976252306936,
    "ch4_std": 2.2737367544323206e-13,
    "violation_rate": 0.0,
    "violation_rate_std": 0.0,
    "overall_score": 0.8602082345595289,
    "terminated_rate": 0.0,
    "ph_mean": 7.201642733379042,
    "vfa_max_mean": 0.1909937709773754,
    "vfa_cvar95": 0.0,
    "vfa_worst_episode": 0.0,
    "score_worst": 0.8602082345595289,
    "score_cvar95": -0.8602082345595289
  },
  "raw": {
    "reward_mean": 0.657814057251143,
    "reward_std": 1.1102230246251565e-16,
    "ch4_avg": 1521.6976252306936,
    "ch4_std": 2.2737367544323206e-13,
    "violation_rate": 0.0,
    "violation_rate_std": 0.0,
    "vfa_cvar95": 0.0,
    "vfa_worst_episode": 0.0,
    "overall_score": 0.8602082345595289,
    "score_worst": 0.8602082345595289,
    "score_cvar95": -0.8602082345595289,
    "terminated_rate": 0.0,
    "ph_mean": 7.201642733379042,
    "vfa_max_mean": 0.1909937709773754,
    "n_episodes": 10
  }
}