{
  "record": {
    "obs_mode": "simple",
    "train_scenario": "nominal",
    "test_scenario": "low_load",
    "algo": "sac",
    "reward_config": "safety_first",
    "seed": 456,
    "reward_mean": 0.42935636725551624,
    "reward_std": 5.551115123125783e-17,
    "ch4_avg": 1082.5949449320417,
    "ch4_std": 0.0,
    "violation_rate": 0.0,
    "violation_rate_std": 0.0,
    "overall_score": 0.7682619476694541,
    "terminated_rate": 0.0,
    "ph_mean": 7.101697135067458,
    "vfa_max_mean": 0.1811283732564179,
    "vfa_cvar95": 0.0,
    "vfa_worst_episode": 0.0,
    "score_worst": 0.7682619476694541,
    "score_cvar95": -0.7682619476694541
  },
  "raw": {
    "reward_mean": 0.42935636725551624,
    "reward_std": 5.551115123125783e-17,
    "ch4_avg": 1082.5949449320417,
    "ch4_std": 0.0,
    "violation_rate": 0.0,
    "violation_rate_std": 0.0,
    "vfa_cvar95": 0.0,
    "vfa_worst_episode": 0.0,
    "overall_score": 0.7682619476694541,
    "score_worst": 0.7682619476694541,
    "score_cvar95": -0.7682619476694541,
    "terminated_rate": 0.0,
    "ph_mean": 7.101697135067458,
    "vfa_max_mean": 0.1811283732564179,
    "n_episodes": 10
  }
}