{
  "record": {
    "obs_mode": "full",
    "train_scenario": "shock_load",
    "test_scenario": "temperature_drop",
    "algo": "sac",
    "reward_config": "safety_first",
    "seed": 456,
    "reward_mean": 0.6900135811836499,
    "reward_std": 1.1102230246251565e-16,
    "ch4_avg": 1641.6852258389015,
    "ch4_std": 0.0,
    "violation_rate": 0.02327196943383119,
    "violation_rate_std": 0.0,
    "overall_score": 0.8728685609095767,
    "terminated_rate": 0.0,
    "ph_mean": 7.226663731246144,
    "vfa_max_mean": 0.20502333920333998,
    "vfa_cvar95": 0.02327196943383119,
    "vfa_worst_episode": 0.02327196943383119,
    "score_worst": 0.8728685609095765,
    "score_cvar95": -0.8728685609095765
  },
  "raw": {
    "reward_mean": 0.6900135811836499,
    "reward_std": 1.1102230246251565e-16,
    "ch4_avg": 1641.6852258389015,
    "ch4_std": 0.0,
    "violation_rate": 0.02327196943383119,
    "violation_rate_std": 0.0,
    "vfa_cvar95": 0.02327196943383119,
    "vfa_worst_episode": 0.02327196943383119,
    "overall_score": 0.8728685609095767,
    "score_worst": 0.8728685609095765,
    "score_cvar95": -0.8728685609095765,
    "terminated_rate": 0.0,
    "ph_mean": 7.226663731246144,
    "vfa_max_mean": 0.20502333920333998,
    "n_episodes": 10
  }
}