{
  "record": {
    "obs_mode": "full",
    "train_scenario": "temperature_drop",
    "test_scenario": "recovery_test",
    "algo": "sac",
    "reward_config": "safety_first",
    "seed": 456,
    "reward_mean": 0.6508589612497186,
    "reward_std": 0.0,
    "ch4_avg": 1490.8946506157513,
    "ch4_std": 0.0,
    "violation_rate": 0.0,
    "violation_rate_std": 0.0,
    "overall_score": 0.8437408985067544,
    "terminated_rate": 0.0,
    "ph_mean": 7.240536340380517,
    "vfa_max_mean": 0.18322259277141667,
    "vfa_cvar95": 0.0,
    "vfa_worst_episode": 0.0,
    "score_worst": 0.8437408985067544,
    "score_cvar95": -0.8437408985067544
  },
  "raw": {
    "reward_mean": 0.6508589612497186,
    "reward_std": 0.0,
    "ch4_avg": 1490.8946506157513,
    "ch4_std": 0.0,
    "violation_rate": 0.0,
    "violation_rate_std": 0.0,
    "vfa_cvar95": 0.0,
    "vfa_worst_episode": 0.0,
    "overall_score": 0.8437408985067544,
    "score_worst": 0.8437408985067544,
    "score_cvar95": -0.8437408985067544,
    "terminated_rate": 0.0,
    "ph_mean": 7.240536340380517,
    "vfa_max_mean": 0.18322259277141667,
    "n_episodes": 10
  }
}