{
  "record": {
    "obs_mode": "full",
    "train_scenario": "temperature_drop",
    "test_scenario": "low_load",
    "algo": "sac",
    "reward_config": "safety_first",
    "seed": 456,
    "reward_mean": 0.46241894465202965,
    "reward_std": 5.551115123125783e-17,
    "ch4_avg": 1108.9060344308732,
    "ch4_std": 2.2737367544323206e-13,
    "violation_rate": 0.0,
    "violation_rate_std": 0.0,
    "overall_score": 0.7742814748283228,
    "terminated_rate": 0.0,
    "ph_mean": 7.144567912189356,
    "vfa_max_mean": 0.1637749206362546,
    "vfa_cvar95": 0.0,
    "vfa_worst_episode": 0.0,
    "score_worst": 0.7742814748283228,
    "score_cvar95": -0.7742814748283228
  },
  "raw": {
    "reward_mean": 0.46241894465202965,
    "reward_std": 5.551115123125783e-17,
    "ch4_avg": 1108.9060344308732,
    "ch4_std": 2.2737367544323206e-13,
    "violation_rate": 0.0,
    "violation_rate_std": 0.0,
    "vfa_cvar95": 0.0,
    "vfa_worst_episode": 0.0,
    "overall_score": 0.7742814748283228,
    "score_worst": 0.7742814748283228,
    "score_cvar95": -0.7742814748283228,
    "terminated_rate": 0.0,
    "ph_mean": 7.144567912189356,
    "vfa_max_mean": 0.1637749206362546,
    "n_episodes": 10
  }
}