{
  "record": {
    "obs_mode": "simple",
    "train_scenario": "high_load",
    "test_scenario": "low_load",
    "algo": "sac",
    "reward_config": "safety_first",
    "seed": 42,
    "reward_mean": 0.18106641766360035,
    "reward_std": 0.0,
    "ch4_avg": 587.4221835844338,
    "ch4_std": 0.0,
    "violation_rate": 0.014935741576936437,
    "violation_rate_std": 0.0,
    "overall_score": 0.668692147335663,
    "terminated_rate": 0.0,
    "ph_mean": 7.132381888293078,
    "vfa_max_mean": 0.13315600540159475,
    "vfa_cvar95": 0.014935741576936437,
    "vfa_worst_episode": 0.014935741576936437,
    "score_worst": 0.668692147335663,
    "score_cvar95": -0.668692147335663
  },
  "raw": {
    "reward_mean": 0.18106641766360035,
    "reward_std": 0.0,
    "ch4_avg": 587.4221835844338,
    "ch4_std": 0.0,
    "violation_rate": 0.014935741576936437,
    "violation_rate_std": 0.0,
    "vfa_cvar95": 0.014935741576936437,
    "vfa_worst_episode": 0.014935741576936437,
    "overall_score": 0.668692147335663,
    "score_worst": 0.668692147335663,
    "score_cvar95": -0.668692147335663,
    "terminated_rate": 0.0,
    "ph_mean": 7.132381888293078,
    "vfa_max_mean": 0.13315600540159475,
    "n_episodes": 10
  }
}