{
  "record": {
    "obs_mode": "simple",
    "train_scenario": "high_load",
    "test_scenario": "cold_winter",
    "algo": "sac",
    "reward_config": "safety_first",
    "seed": 123,
    "reward_mean": -0.8176864992090117,
    "reward_std": 1.1102230246251565e-16,
    "ch4_avg": 1374.4764090943834,
    "ch4_std": 2.2737367544323206e-13,
    "violation_rate": 0.5269461077844311,
    "violation_rate_std": 1.1102230246251565e-16,
    "overall_score": -0.35954308691607473,
    "terminated_rate": 1.0,
    "ph_mean": 7.138105236198006,
    "vfa_max_mean": 0.8034658280366583,
    "vfa_cvar95": 0.5269461077844312,
    "vfa_worst_episode": 0.5269461077844312,
    "score_worst": -0.35954308691607473,
    "score_cvar95": -0.35954308691607473
  },
  "raw": {
    "reward_mean": -0.8176864992090117,
    "reward_std": 1.1102230246251565e-16,
    "ch4_avg": 1374.4764090943834,
    "ch4_std": 2.2737367544323206e-13,
    "violation_rate": 0.5269461077844311,
    "violation_rate_std": 1.1102230246251565e-16,
    "vfa_cvar95": 0.5269461077844312,
    "vfa_worst_episode": 0.5269461077844312,
    "overall_score": -0.35954308691607473,
    "score_worst": -0.35954308691607473,
    "score_cvar95": -0.35954308691607473,
    "terminated_rate": 1.0,
    "ph_mean": 7.138105236198006,
    "vfa_max_mean": 0.8034658280366583,
    "n_episodes": 10
  }
}