{
  "record": {
    "obs_mode": "full",
    "train_scenario": "shock_load",
    "test_scenario": "low_load",
    "algo": "sac",
    "reward_config": "safety_first",
    "seed": 42,
    "reward_mean": 0.49840455467530315,
    "reward_std": 0.0,
    "ch4_avg": 1193.9101741923564,
    "ch4_std": 2.2737367544323206e-13,
    "violation_rate": 0.0,
    "violation_rate_std": 0.0,
    "overall_score": 0.7915964643741088,
    "terminated_rate": 0.0,
    "ph_mean": 7.150076174855346,
    "vfa_max_mean": 0.17371436524442288,
    "vfa_cvar95": 0.0,
    "vfa_worst_episode": 0.0,
    "score_worst": 0.7915964643741087,
    "score_cvar95": -0.7915964643741087
  },
  "raw": {
    "reward_mean": 0.49840455467530315,
    "reward_std": 0.0,
    "ch4_avg": 1193.9101741923564,
    "ch4_std": 2.2737367544323206e-13,
    "violation_rate": 0.0,
    "violation_rate_std": 0.0,
    "vfa_cvar95": 0.0,
    "vfa_worst_episode": 0.0,
    "overall_score": 0.7915964643741088,
    "score_worst": 0.7915964643741087,
    "score_cvar95": -0.7915964643741087,
    "terminated_rate": 0.0,
    "ph_mean": 7.150076174855346,
    "vfa_max_mean": 0.17371436524442288,
    "n_episodes": 10
  }
}