{
  "record": {
    "obs_mode": "full",
    "train_scenario": "high_load",
    "test_scenario": "recovery_test",
    "algo": "sac",
    "reward_config": "safety_first",
    "seed": 42,
    "reward_mean": 0.413865759582702,
    "reward_std": 0.0,
    "ch4_avg": 1029.1707275734518,
    "ch4_std": 0.0,
    "violation_rate": 0.0,
    "violation_rate_std": 0.0,
    "overall_score": 0.7599550405166708,
    "terminated_rate": 0.0,
    "ph_mean": 7.197618896610857,
    "vfa_max_mean": 0.1331645083080871,
    "vfa_cvar95": 0.0,
    "vfa_worst_episode": 0.0,
    "score_worst": 0.759955040516671,
    "score_cvar95": -0.759955040516671
  },
  "raw": {
    "reward_mean": 0.413865759582702,
    "reward_std": 0.0,
    "ch4_avg": 1029.1707275734518,
    "ch4_std": 0.0,
    "violation_rate": 0.0,
    "violation_rate_std": 0.0,
    "vfa_cvar95": 0.0,
    "vfa_worst_episode": 0.0,
    "overall_score": 0.7599550405166708,
    "score_worst": 0.759955040516671,
    "score_cvar95": -0.759955040516671,
    "terminated_rate": 0.0,
    "ph_mean": 7.197618896610857,
    "vfa_max_mean": 0.1331645083080871,
    "n_episodes": 10
  }
}