{
  "record": {
    "obs_mode": "full",
    "train_scenario": "low_load",
    "test_scenario": "temperature_drop",
    "algo": "sac",
    "reward_config": "safety_first",
    "seed": 123,
    "reward_mean": 0.41552952823423867,
    "reward_std": 5.551115123125783e-17,
    "ch4_avg": 1664.9515335501678,
    "ch4_std": 2.2737367544323206e-13,
    "violation_rate": 0.21847863841611667,
    "violation_rate_std": 2.7755575615628914e-17,
    "overall_score": 0.7995247369027201,
    "terminated_rate": 0.0,
    "ph_mean": 7.243513353881542,
    "vfa_max_mean": 0.20416937561000187,
    "vfa_cvar95": 0.2184786384161167,
    "vfa_worst_episode": 0.2184786384161167,
    "score_worst": 0.7995247369027201,
    "score_cvar95": -0.7995247369027201
  },
  "raw": {
    "reward_mean": 0.41552952823423867,
    "reward_std": 5.551115123125783e-17,
    "ch4_avg": 1664.9515335501678,
    "ch4_std": 2.2737367544323206e-13,
    "violation_rate": 0.21847863841611667,
    "violation_rate_std": 2.7755575615628914e-17,
    "vfa_cvar95": 0.2184786384161167,
    "vfa_worst_episode": 0.2184786384161167,
    "overall_score": 0.7995247369027201,
    "score_worst": 0.7995247369027201,
    "score_cvar95": -0.7995247369027201,
    "terminated_rate": 0.0,
    "ph_mean": 7.243513353881542,
    "vfa_max_mean": 0.20416937561000187,
    "n_episodes": 10
  }
}