{
  "record": {
    "obs_mode": "full",
    "train_scenario": "cold_winter",
    "test_scenario": "high_load",
    "algo": "sac",
    "reward_config": "safety_first",
    "seed": 42,
    "reward_mean": -0.7266651439025228,
    "reward_std": 1.1102230246251565e-16,
    "ch4_avg": 1747.3401097591886,
    "ch4_std": 0.0,
    "violation_rate": 1.0194511983327543,
    "violation_rate_std": 0.0,
    "overall_score": 0.496327452849963,
    "terminated_rate": 0.0,
    "ph_mean": 7.294222862097046,
    "vfa_max_mean": 0.21544440201372056,
    "vfa_cvar95": 1.0194511983327543,
    "vfa_worst_episode": 1.0194511983327543,
    "score_worst": 0.496327452849963,
    "score_cvar95": -0.496327452849963
  },
  "raw": {
    "reward_mean": -0.7266651439025228,
    "reward_std": 1.1102230246251565e-16,
    "ch4_avg": 1747.3401097591886,
    "ch4_std": 0.0,
    "violation_rate": 1.0194511983327543,
    "violation_rate_std": 0.0,
    "vfa_cvar95": 1.0194511983327543,
    "vfa_worst_episode": 1.0194511983327543,
    "overall_score": 0.496327452849963,
    "score_worst": 0.496327452849963,
    "score_cvar95": -0.496327452849963,
    "terminated_rate": 0.0,
    "ph_mean": 7.294222862097046,
    "vfa_max_mean": 0.21544440201372056,
    "n_episodes": 10
  }
}