{
  "record": {
    "obs_mode": "full",
    "train_scenario": "cold_winter",
    "test_scenario": "nominal",
    "algo": "sac",
    "reward_config": "safety_first",
    "seed": 123,
    "reward_mean": 0.4867449891114003,
    "reward_std": 5.551115123125783e-17,
    "ch4_avg": 1177.551274727955,
    "ch4_std": 2.2737367544323206e-13,
    "violation_rate": 0.033692254254949636,
    "violation_rate_std": 0.0,
    "overall_score": 0.7783765246220549,
    "terminated_rate": 0.0,
    "ph_mean": 7.244715227835689,
    "vfa_max_mean": 0.13352013562027293,
    "vfa_cvar95": 0.033692254254949636,
    "vfa_worst_episode": 0.033692254254949636,
    "score_worst": 0.7783765246220549,
    "score_cvar95": -0.7783765246220549
  },
  "raw": {
    "reward_mean": 0.4867449891114003,
    "reward_std": 5.551115123125783e-17,
    "ch4_avg": 1177.551274727955,
    "ch4_std": 2.2737367544323206e-13,
    "violation_rate": 0.033692254254949636,
    "violation_rate_std": 0.0,
    "vfa_cvar95": 0.033692254254949636,
    "vfa_worst_episode": 0.033692254254949636,
    "overall_score": 0.7783765246220549,
    "score_worst": 0.7783765246220549,
    "score_cvar95": -0.7783765246220549,
    "terminated_rate": 0.0,
    "ph_mean": 7.244715227835689,
    "vfa_max_mean": 0.13352013562027293,
    "n_episodes": 10
  }
}