{
  "record": {
    "obs_mode": "full",
    "train_scenario": "nominal",
    "test_scenario": "temperature_drop",
    "algo": "sac",
    "reward_config": "safety_first",
    "seed": 456,
    "reward_mean": 0.7822746323109342,
    "reward_std": 1.1102230246251565e-16,
    "ch4_avg": 1842.3074897517658,
    "ch4_std": 2.2737367544323206e-13,
    "violation_rate": 0.0,
    "violation_rate_std": 0.0,
    "overall_score": 0.9521266018673519,
    "terminated_rate": 0.0,
    "ph_mean": 7.237191982927487,
    "vfa_max_mean": 0.19031360736342506,
    "vfa_cvar95": 0.0,
    "vfa_worst_episode": 0.0,
    "score_worst": 0.9521266018673518,
    "score_cvar95": -0.9521266018673518
  },
  "raw": {
    "reward_mean": 0.7822746323109342,
    "reward_std": 1.1102230246251565e-16,
    "ch4_avg": 1842.3074897517658,
    "ch4_std": 2.2737367544323206e-13,
    "violation_rate": 0.0,
    "violation_rate_std": 0.0,
    "vfa_cvar95": 0.0,
    "vfa_worst_episode": 0.0,
    "overall_score": 0.9521266018673519,
    "score_worst": 0.9521266018673518,
    "score_cvar95": -0.9521266018673518,
    "terminated_rate": 0.0,
    "ph_mean": 7.237191982927487,
    "vfa_max_mean": 0.19031360736342506,
    "n_episodes": 10
  }
}