{
  "record": {
    "obs_mode": "simple",
    "train_scenario": "cold_winter",
    "test_scenario": "nominal",
    "algo": "sac",
    "reward_config": "safety_first",
    "seed": 42,
    "reward_mean": -0.07986941505362007,
    "reward_std": 1.3877787807814457e-17,
    "ch4_avg": 1731.3096824689978,
    "ch4_std": 0.0,
    "violation_rate": 0.5692948940604377,
    "violation_rate_std": 0.0,
    "overall_score": 0.6837477465731062,
    "terminated_rate": 0.0,
    "ph_mean": 7.261801168810085,
    "vfa_max_mean": 0.20357014696376483,
    "vfa_cvar95": 0.5692948940604377,
    "vfa_worst_episode": 0.5692948940604377,
    "score_worst": 0.6837477465731063,
    "score_cvar95": -0.6837477465731063
  },
  "raw": {
    "reward_mean": -0.07986941505362007,
    "reward_std": 1.3877787807814457e-17,
    "ch4_avg": 1731.3096824689978,
    "ch4_std": 0.0,
    "violation_rate": 0.5692948940604377,
    "violation_rate_std": 0.0,
    "vfa_cvar95": 0.5692948940604377,
    "vfa_worst_episode": 0.5692948940604377,
    "overall_score": 0.6837477465731062,
    "score_worst": 0.6837477465731063,
    "score_cvar95": -0.6837477465731063,
    "terminated_rate": 0.0,
    "ph_mean": 7.261801168810085,
    "vfa_max_mean": 0.20357014696376483,
    "n_episodes": 10
  }
}