{
  "record": {
    "obs_mode": "simple",
    "train_scenario": "cold_winter",
    "test_scenario": "recovery_test",
    "algo": "sac",
    "reward_config": "safety_first",
    "seed": 456,
    "reward_mean": 0.6637258352122377,
    "reward_std": 1.1102230246251565e-16,
    "ch4_avg": 1531.9470225813943,
    "ch4_std": 0.0,
    "violation_rate": 0.0,
    "violation_rate_std": 0.0,
    "overall_score": 0.8604141407118894,
    "terminated_rate": 0.0,
    "ph_mean": 7.238142718448868,
    "vfa_max_mean": 0.1834060841428558,
    "vfa_cvar95": 0.0,
    "vfa_worst_episode": 0.0,
    "score_worst": 0.8604141407118894,
    "score_cvar95": -0.8604141407118894
  },
  "raw": {
    "reward_mean": 0.6637258352122377,
    "reward_std": 1.1102230246251565e-16,
    "ch4_avg": 1531.9470225813943,
    "ch4_std": 0.0,
    "violation_rate": 0.0,
    "violation_rate_std": 0.0,
    "vfa_cvar95": 0.0,
    "vfa_worst_episode": 0.0,
    "overall_score": 0.8604141407118894,
    "score_worst": 0.8604141407118894,
    "score_cvar95": -0.8604141407118894,
    "terminated_rate": 0.0,
    "ph_mean": 7.238142718448868,
    "vfa_max_mean": 0.1834060841428558,
    "n_episodes": 10
  }
}