{
  "record": {
    "obs_mode": "simple",
    "train_scenario": "nominal",
    "test_scenario": "nominal",
    "algo": "sac",
    "reward_config": "safety_first",
    "seed": 42,
    "reward_mean": 0.7343473622375531,
    "reward_std": 1.1102230246251565e-16,
    "ch4_avg": 1679.6519881540705,
    "ch4_std": 2.2737367544323206e-13,
    "violation_rate": 0.0,
    "violation_rate_std": 0.0,
    "overall_score": 0.8956736868404855,
    "terminated_rate": 0.0,
    "ph_mean": 7.224604423165739,
    "vfa_max_mean": 0.19704165331119045,
    "vfa_cvar95": 0.0,
    "vfa_worst_episode": 0.0,
    "score_worst": 0.8956736868404854,
    "score_cvar95": -0.8956736868404854
  },
  "raw": {
    "reward_mean": 0.7343473622375531,
    "reward_std": 1.1102230246251565e-16,
    "ch4_avg": 1679.6519881540705,
    "ch4_std": 2.2737367544323206e-13,
    "violation_rate": 0.0,
    "violation_rate_std": 0.0,
    "vfa_cvar95": 0.0,
    "vfa_worst_episode": 0.0,
    "overall_score": 0.8956736868404855,
    "score_worst": 0.8956736868404854,
    "score_cvar95": -0.8956736868404854,
    "terminated_rate": 0.0,
    "ph_mean": 7.224604423165739,
    "vfa_max_mean": 0.19704165331119045,
    "n_episodes": 10
  }
}