{
  "record": {
    "obs_mode": "simple",
    "train_scenario": "low_load",
    "test_scenario": "low_load",
    "algo": "sac",
    "reward_config": "safety_first",
    "seed": 42,
    "reward_mean": 0.5011391333135593,
    "reward_std": 0.0,
    "ch4_avg": 1184.207381318194,
    "ch4_std": 0.0,
    "violation_rate": 0.0,
    "violation_rate_std": 0.0,
    "overall_score": 0.789715341624339,
    "terminated_rate": 0.0,
    "ph_mean": 7.162106239321018,
    "vfa_max_mean": 0.16541097430986745,
    "vfa_cvar95": 0.0,
    "vfa_worst_episode": 0.0,
    "score_worst": 0.7897153416243391,
    "score_cvar95": -0.7897153416243391
  },
  "raw": {
    "reward_mean": 0.5011391333135593,
    "reward_std": 0.0,
    "ch4_avg": 1184.207381318194,
    "ch4_std": 0.0,
    "violation_rate": 0.0,
    "violation_rate_std": 0.0,
    "vfa_cvar95": 0.0,
    "vfa_worst_episode": 0.0,
    "overall_score": 0.789715341624339,
    "score_worst": 0.7897153416243391,
    "score_cvar95": -0.7897153416243391,
    "terminated_rate": 0.0,
    "ph_mean": 7.162106239321018,
    "vfa_max_mean": 0.16541097430986745,
    "n_episodes": 10
  }
}