{
  "record": {
    "obs_mode": "simple",
    "train_scenario": "nominal",
    "test_scenario": "high_load",
    "algo": "sac",
    "reward_config": "safety_first",
    "seed": 42,
    "reward_mean": 0.3244468174942581,
    "reward_std": 0.0,
    "ch4_avg": 2011.863377020842,
    "ch4_std": 2.2737367544323206e-13,
    "violation_rate": 0.4414727335880514,
    "violation_rate_std": 0.0,
    "overall_score": 0.7890093047636537,
    "terminated_rate": 0.0,
    "ph_mean": 7.233763864618931,
    "vfa_max_mean": 0.25734233166567977,
    "vfa_cvar95": 0.4414727335880514,
    "vfa_worst_episode": 0.4414727335880514,
    "score_worst": 0.7890093047636537,
    "score_cvar95": -0.7890093047636537
  },
  "raw": {
    "reward_mean": 0.3244468174942581,
    "reward_std": 0.0,
    "ch4_avg": 2011.863377020842,
    "ch4_std": 2.2737367544323206e-13,
    "violation_rate": 0.4414727335880514,
    "violation_rate_std": 0.0,
    "vfa_cvar95": 0.4414727335880514,
    "vfa_worst_episode": 0.4414727335880514,
    "overall_score": 0.7890093047636537,
    "score_worst": 0.7890093047636537,
    "score_cvar95": -0.7890093047636537,
    "terminated_rate": 0.0,
    "ph_mean": 7.233763864618931,
    "vfa_max_mean": 0.25734233166567977,
    "n_episodes": 10
  }
}