{
  "record": {
    "obs_mode": "full",
    "train_scenario": "high_load",
    "test_scenario": "cold_winter",
    "algo": "sac",
    "reward_config": "safety_first",
    "seed": 42,
    "reward_mean": -1.071709847744206,
    "reward_std": 0.0,
    "ch4_avg": 843.1787193620187,
    "ch4_std": 0.0,
    "violation_rate": 0.5681937862032649,
    "violation_rate_std": 0.0,
    "overall_score": -0.5363955638971198,
    "terminated_rate": 1.0,
    "ph_mean": 7.071454633601929,
    "vfa_max_mean": 0.8000540366938941,
    "vfa_cvar95": 0.5681937862032649,
    "vfa_worst_episode": 0.5681937862032649,
    "score_worst": -0.5363955638971198,
    "score_cvar95": -0.5363955638971198
  },
  "raw": {
    "reward_mean": -1.071709847744206,
    "reward_std": 0.0,
    "ch4_avg": 843.1787193620187,
    "ch4_std": 0.0,
    "violation_rate": 0.5681937862032649,
    "violation_rate_std": 0.0,
    "vfa_cvar95": 0.5681937862032649,
    "vfa_worst_episode": 0.5681937862032649,
    "overall_score": -0.5363955638971198,
    "score_worst": -0.5363955638971198,
    "score_cvar95": -0.5363955638971198,
    "terminated_rate": 1.0,
    "ph_mean": 7.071454633601929,
    "vfa_max_mean": 0.8000540366938941,
    "n_episodes": 10
  }
}