{
  "record": {
    "obs_mode": "simple",
    "train_scenario": "shock_load",
    "test_scenario": "temperature_drop",
    "algo": "sac",
    "reward_config": "safety_first",
    "seed": 42,
    "reward_mean": 0.7217881930303685,
    "reward_std": 1.1102230246251565e-16,
    "ch4_avg": 1763.0870307667487,
    "ch4_std": 2.2737367544323206e-13,
    "violation_rate": 0.03786036818339701,
    "violation_rate_std": 0.0,
    "overall_score": 0.8993017595703814,
    "terminated_rate": 0.0,
    "ph_mean": 7.22538130732479,
    "vfa_max_mean": 0.2188665976853159,
    "vfa_cvar95": 0.03786036818339701,
    "vfa_worst_episode": 0.03786036818339701,
    "score_worst": 0.8993017595703814,
    "score_cvar95": -0.8993017595703814
  },
  "raw": {
    "reward_mean": 0.7217881930303685,
    "reward_std": 1.1102230246251565e-16,
    "ch4_avg": 1763.0870307667487,
    "ch4_std": 2.2737367544323206e-13,
    "violation_rate": 0.03786036818339701,
    "violation_rate_std": 0.0,
    "vfa_cvar95": 0.03786036818339701,
    "vfa_worst_episode": 0.03786036818339701,
    "overall_score": 0.8993017595703814,
    "score_worst": 0.8993017595703814,
    "score_cvar95": -0.8993017595703814,
    "terminated_rate": 0.0,
    "ph_mean": 7.22538130732479,
    "vfa_max_mean": 0.2188665976853159,
    "n_episodes": 10
  }
}