{
  "record": {
    "obs_mode": "full",
    "train_scenario": "temperature_drop",
    "test_scenario": "shock_load",
    "algo": "sac",
    "reward_config": "safety_first",
    "seed": 123,
    "reward_mean": 0.6515874903460208,
    "reward_std": 0.0,
    "ch4_avg": 1490.6514144591422,
    "ch4_std": 0.0,
    "violation_rate": 0.0,
    "violation_rate_std": 0.0,
    "overall_score": 0.8557209526844908,
    "terminated_rate": 0.0,
    "ph_mean": 7.212479633323527,
    "vfa_max_mean": 0.18320628379340614,
    "vfa_cvar95": 0.0,
    "vfa_worst_episode": 0.0,
    "score_worst": 0.8557209526844908,
    "score_cvar95": -0.8557209526844908
  },
  "raw": {
    "reward_mean": 0.6515874903460208,
    "reward_std": 0.0,
    "ch4_avg": 1490.6514144591422,
    "ch4_std": 0.0,
    "violation_rate": 0.0,
    "violation_rate_std": 0.0,
    "vfa_cvar95": 0.0,
    "vfa_worst_episode": 0.0,
    "overall_score": 0.8557209526844908,
    "score_worst": 0.8557209526844908,
    "score_cvar95": -0.8557209526844908,
    "terminated_rate": 0.0,
    "ph_mean": 7.212479633323527,
    "vfa_max_mean": 0.18320628379340614,
    "n_episodes": 10
  }
}