{
  "record": {
    "obs_mode": "simple",
    "train_scenario": "low_load",
    "test_scenario": "temperature_drop",
    "algo": "sac",
    "reward_config": "safety_first",
    "seed": 42,
    "reward_mean": 0.45643957790515116,
    "reward_std": 0.0,
    "ch4_avg": 1679.9597061673092,
    "ch4_std": 0.0,
    "violation_rate": 0.1952066689822855,
    "violation_rate_std": 0.0,
    "overall_score": 0.8118423846192663,
    "terminated_rate": 0.0,
    "ph_mean": 7.241536043016519,
    "vfa_max_mean": 0.20692977614786376,
    "vfa_cvar95": 0.1952066689822855,
    "vfa_worst_episode": 0.1952066689822855,
    "score_worst": 0.8118423846192662,
    "score_cvar95": -0.8118423846192662
  },
  "raw": {
    "reward_mean": 0.45643957790515116,
    "reward_std": 0.0,
    "ch4_avg": 1679.9597061673092,
    "ch4_std": 0.0,
    "violation_rate": 0.1952066689822855,
    "violation_rate_std": 0.0,
    "vfa_cvar95": 0.1952066689822855,
    "vfa_worst_episode": 0.1952066689822855,
    "overall_score": 0.8118423846192663,
    "score_worst": 0.8118423846192662,
    "score_cvar95": -0.8118423846192662,
    "terminated_rate": 0.0,
    "ph_mean": 7.241536043016519,
    "vfa_max_mean": 0.20692977614786376,
    "n_episodes": 10
  }
}