{
  "record": {
    "obs_mode": "full",
    "train_scenario": "cold_winter",
    "test_scenario": "recovery_test",
    "algo": "sac",
    "reward_config": "safety_first",
    "seed": 123,
    "reward_mean": 0.4319083979998199,
    "reward_std": 0.0,
    "ch4_avg": 1120.7081814938408,
    "ch4_std": 0.0,
    "violation_rate": 0.050547159979155806,
    "violation_rate_std": 6.938893903907228e-18,
    "overall_score": 0.7524854662359018,
    "terminated_rate": 0.0,
    "ph_mean": 7.256963683474185,
    "vfa_max_mean": 0.1331734219364379,
    "vfa_cvar95": 0.05054715997915581,
    "vfa_worst_episode": 0.05054715997915581,
    "score_worst": 0.752485466235902,
    "score_cvar95": -0.752485466235902
  },
  "raw": {
    "reward_mean": 0.4319083979998199,
    "reward_std": 0.0,
    "ch4_avg": 1120.7081814938408,
    "ch4_std": 0.0,
    "violation_rate": 0.050547159979155806,
    "violation_rate_std": 6.938893903907228e-18,
    "vfa_cvar95": 0.05054715997915581,
    "vfa_worst_episode": 0.05054715997915581,
    "overall_score": 0.7524854662359018,
    "score_worst": 0.752485466235902,
    "score_cvar95": -0.752485466235902,
    "terminated_rate": 0.0,
    "ph_mean": 7.256963683474185,
    "vfa_max_mean": 0.1331734219364379,
    "n_episodes": 10
  }
}