{
  "record": {
    "obs_mode": "full",
    "train_scenario": "cold_winter",
    "test_scenario": "cold_winter",
    "algo": "sac",
    "reward_config": "safety_first",
    "seed": 123,
    "reward_mean": 0.3925744630165072,
    "reward_std": 5.551115123125783e-17,
    "ch4_avg": 858.5784204967531,
    "ch4_std": 0.0,
    "violation_rate": 0.0,
    "violation_rate_std": 0.0,
    "overall_score": 0.6931985818481701,
    "terminated_rate": 0.0,
    "ph_mean": 7.138075694820235,
    "vfa_max_mean": 0.1825194056626323,
    "vfa_cvar95": 0.0,
    "vfa_worst_episode": 0.0,
    "score_worst": 0.6931985818481701,
    "score_cvar95": -0.6931985818481701
  },
  "raw": {
    "reward_mean": 0.3925744630165072,
    "reward_std": 5.551115123125783e-17,
    "ch4_avg": 858.5784204967531,
    "ch4_std": 0.0,
    "violation_rate": 0.0,
    "violation_rate_std": 0.0,
    "vfa_cvar95": 0.0,
    "vfa_worst_episode": 0.0,
    "overall_score": 0.6931985818481701,
    "score_worst": 0.6931985818481701,
    "score_cvar95": -0.6931985818481701,
    "terminated_rate": 0.0,
    "ph_mean": 7.138075694820235,
    "vfa_max_mean": 0.1825194056626323,
    "n_episodes": 10
  }
}