{
  "record": {
    "obs_mode": "simple",
    "train_scenario": "nominal",
    "test_scenario": "temperature_drop",
    "algo": "sac",
    "reward_config": "safety_first",
    "seed": 123,
    "reward_mean": 0.5925607694563759,
    "reward_std": 1.1102230246251565e-16,
    "ch4_avg": 1701.7731015633974,
    "ch4_std": 2.2737367544323206e-13,
    "violation_rate": 0.12573810350816256,
    "violation_rate_std": 0.0,
    "overall_score": 0.8427696718954778,
    "terminated_rate": 0.0,
    "ph_mean": 7.193362418387207,
    "vfa_max_mean": 0.22730881834528954,
    "vfa_cvar95": 0.12573810350816256,
    "vfa_worst_episode": 0.12573810350816256,
    "score_worst": 0.8427696718954778,
    "score_cvar95": -0.8427696718954778
  },
  "raw": {
    "reward_mean": 0.5925607694563759,
    "reward_std": 1.1102230246251565e-16,
    "ch4_avg": 1701.7731015633974,
    "ch4_std": 2.2737367544323206e-13,
    "violation_rate": 0.12573810350816256,
    "violation_rate_std": 0.0,
    "vfa_cvar95": 0.12573810350816256,
    "vfa_worst_episode": 0.12573810350816256,
    "overall_score": 0.8427696718954778,
    "score_worst": 0.8427696718954778,
    "score_cvar95": -0.8427696718954778,
    "terminated_rate": 0.0,
    "ph_mean": 7.193362418387207,
    "vfa_max_mean": 0.22730881834528954,
    "n_episodes": 10
  }
}