{
  "record": {
    "obs_mode": "simple",
    "train_scenario": "cold_winter",
    "test_scenario": "shock_load",
    "algo": "sac",
    "reward_config": "safety_first",
    "seed": 123,
    "reward_mean": 0.40481064352398954,
    "reward_std": 0.0,
    "ch4_avg": 1487.2820137125777,
    "ch4_std": 0.0,
    "violation_rate": 0.17540812782216048,
    "violation_rate_std": 0.0,
    "overall_score": 0.7810174305978943,
    "terminated_rate": 0.0,
    "ph_mean": 7.244349959673497,
    "vfa_max_mean": 0.17652954070866483,
    "vfa_cvar95": 0.17540812782216048,
    "vfa_worst_episode": 0.17540812782216048,
    "score_worst": 0.7810174305978942,
    "score_cvar95": -0.7810174305978942
  },
  "raw": {
    "reward_mean": 0.40481064352398954,
    "reward_std": 0.0,
    "ch4_avg": 1487.2820137125777,
    "ch4_std": 0.0,
    "violation_rate": 0.17540812782216048,
    "violation_rate_std": 0.0,
    "vfa_cvar95": 0.17540812782216048,
    "vfa_worst_episode": 0.17540812782216048,
    "overall_score": 0.7810174305978943,
    "score_worst": 0.7810174305978942,
    "score_cvar95": -0.7810174305978942,
    "terminated_rate": 0.0,
    "ph_mean": 7.244349959673497,
    "vfa_max_mean": 0.17652954070866483,
    "n_episodes": 10
  }
}