{
  "record": {
    "obs_mode": "full",
    "train_scenario": "nominal",
    "test_scenario": "nominal",
    "algo": "sac",
    "reward_config": "safety_first",
    "seed": 123,
    "reward_mean": 0.8116108739817491,
    "reward_std": 0.0,
    "ch4_avg": 1949.8803488244816,
    "ch4_std": 0.0,
    "violation_rate": 0.02153525529697812,
    "violation_rate_std": 0.0,
    "overall_score": 0.9603054818262142,
    "terminated_rate": 0.0,
    "ph_mean": 7.233961144806369,
    "vfa_max_mean": 0.21712158428477574,
    "vfa_cvar95": 0.02153525529697812,
    "vfa_worst_episode": 0.02153525529697812,
    "score_worst": 0.9603054818262142,
    "score_cvar95": -0.9603054818262142
  },
  "raw": {
    "reward_mean": 0.8116108739817491,
    "reward_std": 0.0,
    "ch4_avg": 1949.8803488244816,
    "ch4_std": 0.0,
    "violation_rate": 0.02153525529697812,
    "violation_rate_std": 0.0,
    "vfa_cvar95": 0.02153525529697812,
    "vfa_worst_episode": 0.02153525529697812,
    "overall_score": 0.9603054818262142,
    "score_worst": 0.9603054818262142,
    "score_cvar95": -0.9603054818262142,
    "terminated_rate": 0.0,
    "ph_mean": 7.233961144806369,
    "vfa_max_mean": 0.21712158428477574,
    "n_episodes": 10
  }
}