{
  "record": {
    "obs_mode": "simple",
    "train_scenario": "cold_winter",
    "test_scenario": "shock_load",
    "algo": "sac",
    "reward_config": "safety_first",
    "seed": 456,
    "reward_mean": 0.6990805344682071,
    "reward_std": 0.0,
    "ch4_avg": 1592.5294262170353,
    "ch4_std": 0.0,
    "violation_rate": 0.0,
    "violation_rate_std": 0.0,
    "overall_score": 0.8794623396454417,
    "terminated_rate": 0.0,
    "ph_mean": 7.223494553759326,
    "vfa_max_mean": 0.1834060841428558,
    "vfa_cvar95": 0.0,
    "vfa_worst_episode": 0.0,
    "score_worst": 0.8794623396454417,
    "score_cvar95": -0.8794623396454417
  },
  "raw": {
    "reward_mean": 0.6990805344682071,
    "reward_std": 0.0,
    "ch4_avg": 1592.5294262170353,
    "ch4_std": 0.0,
    "violation_rate": 0.0,
    "violation_rate_std": 0.0,
    "vfa_cvar95": 0.0,
    "vfa_worst_episode": 0.0,
    "overall_score": 0.8794623396454417,
    "score_worst": 0.8794623396454417,
    "score_cvar95": -0.8794623396454417,
    "terminated_rate": 0.0,
    "ph_mean": 7.223494553759326,
    "vfa_max_mean": 0.1834060841428558,
    "n_episodes": 10
  }
}