{
  "controller": "MPC",
  "train_scenario": "high_load",
  "test_scenario": "high_load",
  "obs_mode": "full",
  "seed": 42,
  "horizon": 4,
  "max_iter": 10,
  "disturbance_model": "persistent",
  "episode_steps": 2879,
  "terminated_early": false,
  "termination_step": null,
  "episode_duration_s": 1880.4,
  "overall_score": 0.4160300222285457,
  "score_worst": 0.4160300222285457,
  "score_cvar95": 0.4160300222285457,
  "avg_ch4_flow": 1251.066650745245,
  "total_ch4_m3": 37518.96757807875,
  "violation_rate": 0.9680444598819035,
  "ph_violation_count": 0,
  "vfa_violation_count": 0,
  "nh3_violation_count": 2787,
  "production_score": 0.6255333253726225,
  "safety_score": 0.03195554011809654,
  "stability_score": 0.7651723801612904
}