{
  "controller": "NMPC",
  "train_scenario": "high_load",
  "test_scenario": "high_load",
  "obs_mode": "full",
  "seed": 123,
  "horizon": 4,
  "max_iter": 10,
  "disturbance_model": "oracle",
  "episode_steps": 2879,
  "terminated_early": false,
  "termination_step": null,
  "episode_duration_s": 2043.9,
  "overall_score": 0.41772116142969606,
  "score_worst": 0.41772116142969606,
  "score_cvar95": 0.41772116142969606,
  "avg_ch4_flow": 1257.018142575345,
  "total_ch4_m3": 37697.45033827519,
  "violation_rate": 0.9635290031260855,
  "ph_violation_count": 0,
  "vfa_violation_count": 0,
  "nh3_violation_count": 2774,
  "production_score": 0.6285090712876725,
  "safety_score": 0.03647099687391453,
  "stability_score": 0.758645670825306
}