{
  "record": {
    "obs_mode": "full",
    "train_scenario": "high_load",
    "test_scenario": "low_load",
    "algo": "sac",
    "reward_config": "safety_first",
    "seed": 456,
    "reward_mean": 0.20158551391526197,
    "reward_std": 2.925694557147251e-17,
    "ch4_avg": 482.2807552448373,
    "ch4_std": 0.0,
    "violation_rate": 0.0,
    "violation_rate_std": 0.0,
    "vfa_cvar95": 0.0,
    "vfa_worst_episode": 0.0,
    "overall_score": 0.5320204436671759,
    "score_worst": 0.5320204436671759,
    "score_cvar95": -0.5320204436671759,
    "terminated_rate": 0.0,
    "ph_mean": 7.168682228775762,
    "vfa_max_mean": 0.1331668579658402,
    "n_episodes": 10
  },
  "raw": {
    "reward_mean": 0.20158551391526197,
    "reward_std": 2.925694557147251e-17,
    "ch4_avg": 482.2807552448373,
    "ch4_std": 0.0,
    "violation_rate": 0.0,
    "violation_rate_std": 0.0,
    "vfa_cvar95": 0.0,
    "vfa_worst_episode": 0.0,
    "overall_score": 0.5320204436671759,
    "score_worst": 0.5320204436671759,
    "score_cvar95": -0.5320204436671759,
    "terminated_rate": 0.0,
    "ph_mean": 7.168682228775762,
    "vfa_max_mean": 0.1331668579658402,
    "n_episodes": 10
  }
}