{
  "record": {
    "obs_mode": "full",
    "train_scenario": "temperature_drop",
    "test_scenario": "cold_winter",
    "algo": "sac",
    "reward_config": "safety_first",
    "seed": 123,
    "reward_mean": 0.5495385846783236,
    "reward_std": 0.0,
    "ch4_avg": 1201.6432149391799,
    "ch4_std": 0.0,
    "violation_rate": 0.0013893713094824591,
    "violation_rate_std": 0.0,
    "vfa_cvar95": 0.0013893713094824591,
    "vfa_worst_episode": 0.0013893713094824591,
    "overall_score": 0.7718621074707723,
    "score_worst": 0.7718621074707723,
    "score_cvar95": -0.7718621074707723,
    "terminated_rate": 0.0,
    "ph_mean": 7.20740662844275,
    "vfa_max_mean": 0.20194406317016939,
    "n_episodes": 10
  },
  "raw": {
    "reward_mean": 0.5495385846783236,
    "reward_std": 0.0,
    "ch4_avg": 1201.6432149391799,
    "ch4_std": 0.0,
    "violation_rate": 0.0013893713094824591,
    "violation_rate_std": 0.0,
    "vfa_cvar95": 0.0013893713094824591,
    "vfa_worst_episode": 0.0013893713094824591,
    "overall_score": 0.7718621074707723,
    "score_worst": 0.7718621074707723,
    "score_cvar95": -0.7718621074707723,
    "terminated_rate": 0.0,
    "ph_mean": 7.20740662844275,
    "vfa_max_mean": 0.20194406317016939,
    "n_episodes": 10
  }
}