{
  "record": {
    "obs_mode": "simple",
    "train_scenario": "high_load",
    "test_scenario": "shock_load",
    "algo": "sac",
    "reward_config": "safety_first",
    "seed": 123,
    "reward_mean": 0.6561059669764477,
    "reward_std": 0.0,
    "ch4_avg": 1601.1982747363493,
    "ch4_std": 0.0,
    "violation_rate": 0.0,
    "violation_rate_std": 0.0,
    "vfa_cvar95": 0.0,
    "vfa_worst_episode": 0.0,
    "overall_score": 0.8940643434207856,
    "score_worst": 0.8940643434207856,
    "score_cvar95": -0.8940643434207856,
    "terminated_rate": 0.0,
    "ph_mean": 7.180489866227445,
    "vfa_max_mean": 0.19144186218578244,
    "n_episodes": 10
  },
  "raw": {
    "reward_mean": 0.6561059669764477,
    "reward_std": 0.0,
    "ch4_avg": 1601.1982747363493,
    "ch4_std": 0.0,
    "violation_rate": 0.0,
    "violation_rate_std": 0.0,
    "vfa_cvar95": 0.0,
    "vfa_worst_episode": 0.0,
    "overall_score": 0.8940643434207856,
    "score_worst": 0.8940643434207856,
    "score_cvar95": -0.8940643434207856,
    "terminated_rate": 0.0,
    "ph_mean": 7.180489866227445,
    "vfa_max_mean": 0.19144186218578244,
    "n_episodes": 10
  }
}