{
  "record": {
    "obs_mode": "simple",
    "train_scenario": "high_load",
    "test_scenario": "temperature_drop",
    "algo": "sac",
    "reward_config": "safety_first",
    "seed": 789,
    "reward_mean": 0.6106956070100014,
    "reward_std": 1.1702778228589004e-16,
    "ch4_avg": 1423.5316557181338,
    "ch4_std": 0.0,
    "violation_rate": 0.0,
    "violation_rate_std": 0.0,
    "vfa_cvar95": 0.0,
    "vfa_worst_episode": 0.0,
    "overall_score": 0.8547424902980321,
    "score_worst": 0.8547424902980322,
    "score_cvar95": -0.8547424902980322,
    "terminated_rate": 0.0,
    "ph_mean": 7.2158913894585925,
    "vfa_max_mean": 0.15815866924173178,
    "n_episodes": 10
  },
  "raw": {
    "reward_mean": 0.6106956070100014,
    "reward_std": 1.1702778228589004e-16,
    "ch4_avg": 1423.5316557181338,
    "ch4_std": 0.0,
    "violation_rate": 0.0,
    "violation_rate_std": 0.0,
    "vfa_cvar95": 0.0,
    "vfa_worst_episode": 0.0,
    "overall_score": 0.8547424902980321,
    "score_worst": 0.8547424902980322,
    "score_cvar95": -0.8547424902980322,
    "terminated_rate": 0.0,
    "ph_mean": 7.2158913894585925,
    "vfa_max_mean": 0.15815866924173178,
    "n_episodes": 10
  }
}