{
  "record": {
    "obs_mode": "full",
    "train_scenario": "cold_winter",
    "test_scenario": "high_load",
    "algo": "sac",
    "reward_config": "safety_first",
    "seed": 789,
    "reward_mean": -0.971190224734783,
    "reward_std": 2.340555645717801e-16,
    "ch4_avg": 1233.4011189900368,
    "ch4_std": 2.396728981215028e-13,
    "violation_rate": 0.9722125738103509,
    "violation_rate_std": 0.0,
    "vfa_cvar95": 0.9722125738103509,
    "vfa_worst_episode": 0.9722125738103509,
    "overall_score": 0.4073807026636982,
    "score_worst": 0.4073807026636982,
    "score_cvar95": -0.4073807026636982,
    "terminated_rate": 0.0,
    "ph_mean": 7.334895833383539,
    "vfa_max_mean": 0.17792993967164036,
    "n_episodes": 10
  },
  "raw": {
    "reward_mean": -0.971190224734783,
    "reward_std": 2.340555645717801e-16,
    "ch4_avg": 1233.4011189900368,
    "ch4_std": 2.396728981215028e-13,
    "violation_rate": 0.9722125738103509,
    "violation_rate_std": 0.0,
    "vfa_cvar95": 0.9722125738103509,
    "vfa_worst_episode": 0.9722125738103509,
    "overall_score": 0.4073807026636982,
    "score_worst": 0.4073807026636982,
    "score_cvar95": -0.4073807026636982,
    "terminated_rate": 0.0,
    "ph_mean": 7.334895833383539,
    "vfa_max_mean": 0.17792993967164036,
    "n_episodes": 10
  }
}