{
  "record": {
    "obs_mode": "full",
    "train_scenario": "cold_winter",
    "test_scenario": "high_load",
    "algo": "sac",
    "reward_config": "safety_first",
    "seed": 42,
    "reward_mean": -0.8580722038277274,
    "reward_std": 0.0,
    "ch4_avg": 1828.3420751629633,
    "ch4_std": 2.396728981215028e-13,
    "violation_rate": 0.9586662035428969,
    "violation_rate_std": 0.0,
    "vfa_cvar95": 0.9586662035428969,
    "vfa_worst_episode": 0.9586662035428969,
    "overall_score": 0.5635311463493649,
    "score_worst": 0.5635311463493649,
    "score_cvar95": -0.5635311463493649,
    "terminated_rate": 0.0,
    "ph_mean": 7.3256953779989,
    "vfa_max_mean": 0.2294077863038905,
    "n_episodes": 10
  },
  "raw": {
    "reward_mean": -0.8580722038277274,
    "reward_std": 0.0,
    "ch4_avg": 1828.3420751629633,
    "ch4_std": 2.396728981215028e-13,
    "violation_rate": 0.9586662035428969,
    "violation_rate_std": 0.0,
    "vfa_cvar95": 0.9586662035428969,
    "vfa_worst_episode": 0.9586662035428969,
    "overall_score": 0.5635311463493649,
    "score_worst": 0.5635311463493649,
    "score_cvar95": -0.5635311463493649,
    "terminated_rate": 0.0,
    "ph_mean": 7.3256953779989,
    "vfa_max_mean": 0.2294077863038905,
    "n_episodes": 10
  }
}