{
  "record": {
    "obs_mode": "simple",
    "train_scenario": "shock_load",
    "test_scenario": "nominal",
    "algo": "sac",
    "reward_config": "safety_first",
    "seed": 42,
    "reward_mean": 0.7178016714263367,
    "reward_std": 0.0,
    "ch4_avg": 1754.7202731340462,
    "ch4_std": 2.396728981215028e-13,
    "violation_rate": 0.01736714136853074,
    "violation_rate_std": 0.0,
    "vfa_cvar95": 0.01736714136853074,
    "vfa_worst_episode": 0.01736714136853074,
    "overall_score": 0.9197516426241888,
    "score_worst": 0.9197516426241888,
    "score_cvar95": -0.9197516426241888,
    "terminated_rate": 0.0,
    "ph_mean": 7.226332971685959,
    "vfa_max_mean": 0.21537261086089038,
    "n_episodes": 10
  },
  "raw": {
    "reward_mean": 0.7178016714263367,
    "reward_std": 0.0,
    "ch4_avg": 1754.7202731340462,
    "ch4_std": 2.396728981215028e-13,
    "violation_rate": 0.01736714136853074,
    "violation_rate_std": 0.0,
    "vfa_cvar95": 0.01736714136853074,
    "vfa_worst_episode": 0.01736714136853074,
    "overall_score": 0.9197516426241888,
    "score_worst": 0.9197516426241888,
    "score_cvar95": -0.9197516426241888,
    "terminated_rate": 0.0,
    "ph_mean": 7.226332971685959,
    "vfa_max_mean": 0.21537261086089038,
    "n_episodes": 10
  }
}