{
  "record": {
    "obs_mode": "full",
    "train_scenario": "cold_winter",
    "test_scenario": "nominal",
    "algo": "sac",
    "reward_config": "safety_first",
    "seed": 42,
    "reward_mean": -0.6761291982378105,
    "reward_std": 0.0,
    "ch4_avg": 1493.7511101572095,
    "ch4_std": 0.0,
    "violation_rate": 0.8902396665508856,
    "violation_rate_std": 1.1702778228589004e-16,
    "vfa_cvar95": 0.8902396665508857,
    "vfa_worst_episode": 0.8902396665508857,
    "overall_score": 0.4744730548148984,
    "score_worst": 0.47447305481489843,
    "score_cvar95": -0.47447305481489843,
    "terminated_rate": 0.0,
    "ph_mean": 7.2838570483366025,
    "vfa_max_mean": 0.18199507426422207,
    "n_episodes": 10
  },
  "raw": {
    "reward_mean": -0.6761291982378105,
    "reward_std": 0.0,
    "ch4_avg": 1493.7511101572095,
    "ch4_std": 0.0,
    "violation_rate": 0.8902396665508856,
    "violation_rate_std": 1.1702778228589004e-16,
    "vfa_cvar95": 0.8902396665508857,
    "vfa_worst_episode": 0.8902396665508857,
    "overall_score": 0.4744730548148984,
    "score_worst": 0.47447305481489843,
    "score_cvar95": -0.47447305481489843,
    "terminated_rate": 0.0,
    "ph_mean": 7.2838570483366025,
    "vfa_max_mean": 0.18199507426422207,
    "n_episodes": 10
  }
}