{
  "record": {
    "obs_mode": "simple",
    "train_scenario": "shock_load",
    "test_scenario": "cold_winter",
    "algo": "sac",
    "reward_config": "safety_first",
    "seed": 123,
    "reward_mean": 0.36992042864964203,
    "reward_std": 0.0,
    "ch4_avg": 771.7581647179352,
    "ch4_std": 1.198364490607514e-13,
    "violation_rate": 0.0,
    "violation_rate_std": 0.0,
    "vfa_cvar95": 0.0,
    "vfa_worst_episode": 0.0,
    "overall_score": 0.6505063342950426,
    "score_worst": 0.6505063342950427,
    "score_cvar95": -0.6505063342950427,
    "terminated_rate": 0.0,
    "ph_mean": 7.275194677001568,
    "vfa_max_mean": 0.15621492468999734,
    "n_episodes": 10
  },
  "raw": {
    "reward_mean": 0.36992042864964203,
    "reward_std": 0.0,
    "ch4_avg": 771.7581647179352,
    "ch4_std": 1.198364490607514e-13,
    "violation_rate": 0.0,
    "violation_rate_std": 0.0,
    "vfa_cvar95": 0.0,
    "vfa_worst_episode": 0.0,
    "overall_score": 0.6505063342950426,
    "score_worst": 0.6505063342950427,
    "score_cvar95": -0.6505063342950427,
    "terminated_rate": 0.0,
    "ph_mean": 7.275194677001568,
    "vfa_max_mean": 0.15621492468999734,
    "n_episodes": 10
  }
}