{
  "record": {
    "obs_mode": "simple",
    "train_scenario": "cold_winter",
    "test_scenario": "low_load",
    "algo": "sac",
    "reward_config": "safety_first",
    "seed": 42,
    "reward_mean": 0.5481251680088252,
    "reward_std": 0.0,
    "ch4_avg": 1255.0439529163355,
    "ch4_std": 2.396728981215028e-13,
    "violation_rate": 0.0,
    "violation_rate_std": 0.0,
    "vfa_cvar95": 0.0,
    "vfa_worst_episode": 0.0,
    "overall_score": 0.7826406170426782,
    "score_worst": 0.7826406170426782,
    "score_cvar95": -0.7826406170426782,
    "terminated_rate": 0.0,
    "ph_mean": 7.20501985593751,
    "vfa_max_mean": 0.16884711921265222,
    "n_episodes": 10
  },
  "raw": {
    "reward_mean": 0.5481251680088252,
    "reward_std": 0.0,
    "ch4_avg": 1255.0439529163355,
    "ch4_std": 2.396728981215028e-13,
    "violation_rate": 0.0,
    "violation_rate_std": 0.0,
    "vfa_cvar95": 0.0,
    "vfa_worst_episode": 0.0,
    "overall_score": 0.7826406170426782,
    "score_worst": 0.7826406170426782,
    "score_cvar95": -0.7826406170426782,
    "terminated_rate": 0.0,
    "ph_mean": 7.20501985593751,
    "vfa_max_mean": 0.16884711921265222,
    "n_episodes": 10
  }
}