{
  "record": {
    "obs_mode": "simple",
    "train_scenario": "shock_load",
    "test_scenario": "low_load",
    "algo": "sac",
    "reward_config": "safety_first",
    "seed": 42,
    "reward_mean": 0.5665456631755653,
    "reward_std": 1.1702778228589004e-16,
    "ch4_avg": 1368.1886026473662,
    "ch4_std": 0.0,
    "violation_rate": 0.0,
    "violation_rate_std": 0.0,
    "vfa_cvar95": 0.0,
    "vfa_worst_episode": 0.0,
    "overall_score": 0.8324505887797751,
    "score_worst": 0.832450588779775,
    "score_cvar95": -0.832450588779775,
    "terminated_rate": 0.0,
    "ph_mean": 7.162354465559406,
    "vfa_max_mean": 0.16951112027986676,
    "n_episodes": 10
  },
  "raw": {
    "reward_mean": 0.5665456631755653,
    "reward_std": 1.1702778228589004e-16,
    "ch4_avg": 1368.1886026473662,
    "ch4_std": 0.0,
    "violation_rate": 0.0,
    "violation_rate_std": 0.0,
    "vfa_cvar95": 0.0,
    "vfa_worst_episode": 0.0,
    "overall_score": 0.8324505887797751,
    "score_worst": 0.832450588779775,
    "score_cvar95": -0.832450588779775,
    "terminated_rate": 0.0,
    "ph_mean": 7.162354465559406,
    "vfa_max_mean": 0.16951112027986676,
    "n_episodes": 10
  }
}