{
  "record": {
    "obs_mode": "simple",
    "train_scenario": "cold_winter",
    "test_scenario": "cold_winter",
    "algo": "sac",
    "reward_config": "safety_first",
    "seed": 1234,
    "reward_mean": 0.47075925715700545,
    "reward_std": 5.851389114294502e-17,
    "ch4_avg": 1048.1127827818134,
    "ch4_std": 2.396728981215028e-13,
    "violation_rate": 0.0,
    "violation_rate_std": 0.0,
    "vfa_cvar95": 0.0,
    "vfa_worst_episode": 0.0,
    "overall_score": 0.7017363973585267,
    "score_worst": 0.7017363973585267,
    "score_cvar95": -0.7017363973585267,
    "terminated_rate": 0.0,
    "ph_mean": 7.239914829357909,
    "vfa_max_mean": 0.1887071586570843,
    "n_episodes": 10
  },
  "raw": {
    "reward_mean": 0.47075925715700545,
    "reward_std": 5.851389114294502e-17,
    "ch4_avg": 1048.1127827818134,
    "ch4_std": 2.396728981215028e-13,
    "violation_rate": 0.0,
    "violation_rate_std": 0.0,
    "vfa_cvar95": 0.0,
    "vfa_worst_episode": 0.0,
    "overall_score": 0.7017363973585267,
    "score_worst": 0.7017363973585267,
    "score_cvar95": -0.7017363973585267,
    "terminated_rate": 0.0,
    "ph_mean": 7.239914829357909,
    "vfa_max_mean": 0.1887071586570843,
    "n_episodes": 10
  }
}