{
  "record": {
    "obs_mode": "full",
    "train_scenario": "shock_load",
    "test_scenario": "nominal",
    "algo": "sac",
    "reward_config": "safety_first",
    "seed": 456,
    "reward_mean": 0.7263707951847157,
    "reward_std": 0.0,
    "ch4_avg": 1653.876350428363,
    "ch4_std": 0.0,
    "violation_rate": 0.0,
    "violation_rate_std": 0.0,
    "vfa_cvar95": 0.0,
    "vfa_worst_episode": 0.0,
    "overall_score": 0.9067451253091076,
    "score_worst": 0.9067451253091074,
    "score_cvar95": -0.9067451253091074,
    "terminated_rate": 0.0,
    "ph_mean": 7.24478202258351,
    "vfa_max_mean": 0.17176645601864868,
    "n_episodes": 10
  },
  "raw": {
    "reward_mean": 0.7263707951847157,
    "reward_std": 0.0,
    "ch4_avg": 1653.876350428363,
    "ch4_std": 0.0,
    "violation_rate": 0.0,
    "violation_rate_std": 0.0,
    "vfa_cvar95": 0.0,
    "vfa_worst_episode": 0.0,
    "overall_score": 0.9067451253091076,
    "score_worst": 0.9067451253091074,
    "score_cvar95": -0.9067451253091074,
    "terminated_rate": 0.0,
    "ph_mean": 7.24478202258351,
    "vfa_max_mean": 0.17176645601864868,
    "n_episodes": 10
  }
}