{
  "record": {
    "obs_mode": "full",
    "train_scenario": "cold_winter",
    "test_scenario": "temperature_drop",
    "algo": "sac",
    "reward_config": "safety_first",
    "seed": 42,
    "reward_mean": -0.6726586994622533,
    "reward_std": 1.1702778228589004e-16,
    "ch4_avg": 1496.1899388689903,
    "ch4_std": 0.0,
    "violation_rate": 0.8888502952414032,
    "violation_rate_std": 0.0,
    "vfa_cvar95": 0.8888502952414032,
    "vfa_worst_episode": 0.8888502952414032,
    "overall_score": 0.4755847073372433,
    "score_worst": 0.47558470733724323,
    "score_cvar95": -0.47558470733724323,
    "terminated_rate": 0.0,
    "ph_mean": 7.283680626457657,
    "vfa_max_mean": 0.1829624573729207,
    "n_episodes": 10
  },
  "raw": {
    "reward_mean": -0.6726586994622533,
    "reward_std": 1.1702778228589004e-16,
    "ch4_avg": 1496.1899388689903,
    "ch4_std": 0.0,
    "violation_rate": 0.8888502952414032,
    "violation_rate_std": 0.0,
    "vfa_cvar95": 0.8888502952414032,
    "vfa_worst_episode": 0.8888502952414032,
    "overall_score": 0.4755847073372433,
    "score_worst": 0.47558470733724323,
    "score_cvar95": -0.47558470733724323,
    "terminated_rate": 0.0,
    "ph_mean": 7.283680626457657,
    "vfa_max_mean": 0.1829624573729207,
    "n_episodes": 10
  }
}