{
  "record": {
    "obs_mode": "simple",
    "train_scenario": "low_load",
    "test_scenario": "shock_load",
    "algo": "sac",
    "reward_config": "safety_first",
    "seed": 456,
    "reward_mean": -0.6532349979086784,
    "reward_std": 0.0,
    "ch4_avg": 1952.5685323464372,
    "ch4_std": 2.396728981215028e-13,
    "violation_rate": 0.7884682181312958,
    "violation_rate_std": 1.1702778228589004e-16,
    "vfa_cvar95": 0.7884682181312956,
    "vfa_worst_episode": 0.7884682181312956,
    "overall_score": 0.6524640487299544,
    "score_worst": 0.6524640487299544,
    "score_cvar95": -0.6524640487299544,
    "terminated_rate": 0.0,
    "ph_mean": 7.277072241544038,
    "vfa_max_mean": 0.24183433088013656,
    "n_episodes": 10
  },
  "raw": {
    "reward_mean": -0.6532349979086784,
    "reward_std": 0.0,
    "ch4_avg": 1952.5685323464372,
    "ch4_std": 2.396728981215028e-13,
    "violation_rate": 0.7884682181312958,
    "violation_rate_std": 1.1702778228589004e-16,
    "vfa_cvar95": 0.7884682181312956,
    "vfa_worst_episode": 0.7884682181312956,
    "overall_score": 0.6524640487299544,
    "score_worst": 0.6524640487299544,
    "score_cvar95": -0.6524640487299544,
    "terminated_rate": 0.0,
    "ph_mean": 7.277072241544038,
    "vfa_max_mean": 0.24183433088013656,
    "n_episodes": 10
  }
}