{
  "record": {
    "obs_mode": "simple",
    "train_scenario": "temperature_drop",
    "test_scenario": "nominal",
    "algo": "sac",
    "reward_config": "safety_first",
    "seed": 123,
    "reward_mean": 0.7515358627587403,
    "reward_std": 1.1702778228589004e-16,
    "ch4_avg": 1733.6176322832362,
    "ch4_std": 0.0,
    "violation_rate": 0.0,
    "violation_rate_std": 0.0,
    "vfa_cvar95": 0.0,
    "vfa_worst_episode": 0.0,
    "overall_score": 0.9139707978123651,
    "score_worst": 0.9139707978123651,
    "score_cvar95": -0.9139707978123651,
    "terminated_rate": 0.0,
    "ph_mean": 7.229820683689344,
    "vfa_max_mean": 0.19936234834335803,
    "n_episodes": 10
  },
  "raw": {
    "reward_mean": 0.7515358627587403,
    "reward_std": 1.1702778228589004e-16,
    "ch4_avg": 1733.6176322832362,
    "ch4_std": 0.0,
    "violation_rate": 0.0,
    "violation_rate_std": 0.0,
    "vfa_cvar95": 0.0,
    "vfa_worst_episode": 0.0,
    "overall_score": 0.9139707978123651,
    "score_worst": 0.9139707978123651,
    "score_cvar95": -0.9139707978123651,
    "terminated_rate": 0.0,
    "ph_mean": 7.229820683689344,
    "vfa_max_mean": 0.19936234834335803,
    "n_episodes": 10
  }
}