{
  "record": {
    "obs_mode": "simple",
    "train_scenario": "low_load",
    "test_scenario": "temperature_drop",
    "algo": "sac",
    "reward_config": "safety_first",
    "seed": 456,
    "reward_mean": -0.6071978736230835,
    "reward_std": 0.0,
    "ch4_avg": 1941.7649239287543,
    "ch4_std": 2.396728981215028e-13,
    "violation_rate": 0.7843001042028482,
    "violation_rate_std": 0.0,
    "vfa_cvar95": 0.7843001042028482,
    "vfa_worst_episode": 0.7843001042028482,
    "overall_score": 0.6524430610527004,
    "score_worst": 0.6524430610527004,
    "score_cvar95": -0.6524430610527004,
    "terminated_rate": 0.0,
    "ph_mean": 7.276656660864565,
    "vfa_max_mean": 0.24081177768245024,
    "n_episodes": 10
  },
  "raw": {
    "reward_mean": -0.6071978736230835,
    "reward_std": 0.0,
    "ch4_avg": 1941.7649239287543,
    "ch4_std": 2.396728981215028e-13,
    "violation_rate": 0.7843001042028482,
    "violation_rate_std": 0.0,
    "vfa_cvar95": 0.7843001042028482,
    "vfa_worst_episode": 0.7843001042028482,
    "overall_score": 0.6524430610527004,
    "score_worst": 0.6524430610527004,
    "score_cvar95": -0.6524430610527004,
    "terminated_rate": 0.0,
    "ph_mean": 7.276656660864565,
    "vfa_max_mean": 0.24081177768245024,
    "n_episodes": 10
  }
}