{
  "record": {
    "obs_mode": "simple",
    "train_scenario": "shock_load",
    "test_scenario": "shock_load",
    "algo": "sac",
    "reward_config": "safety_first",
    "seed": 42,
    "reward_mean": 0.7186624038552785,
    "reward_std": 1.1702778228589004e-16,
    "ch4_avg": 1756.678282007569,
    "ch4_std": 0.0,
    "violation_rate": 0.01736714136853074,
    "violation_rate_std": 0.0,
    "vfa_cvar95": 0.01736714136853074,
    "vfa_worst_episode": 0.01736714136853074,
    "overall_score": 0.9201514140236003,
    "score_worst": 0.9201514140236005,
    "score_cvar95": -0.9201514140236005,
    "terminated_rate": 0.0,
    "ph_mean": 7.226385359331838,
    "vfa_max_mean": 0.21537261086089038,
    "n_episodes": 10
  },
  "raw": {
    "reward_mean": 0.7186624038552785,
    "reward_std": 1.1702778228589004e-16,
    "ch4_avg": 1756.678282007569,
    "ch4_std": 0.0,
    "violation_rate": 0.01736714136853074,
    "violation_rate_std": 0.0,
    "vfa_cvar95": 0.01736714136853074,
    "vfa_worst_episode": 0.01736714136853074,
    "overall_score": 0.9201514140236003,
    "score_worst": 0.9201514140236005,
    "score_cvar95": -0.9201514140236005,
    "terminated_rate": 0.0,
    "ph_mean": 7.226385359331838,
    "vfa_max_mean": 0.21537261086089038,
    "n_episodes": 10
  }
}