{
  "record": {
    "obs_mode": "full",
    "train_scenario": "cold_winter",
    "test_scenario": "shock_load",
    "algo": "sac",
    "reward_config": "safety_first",
    "seed": 42,
    "reward_mean": -0.6871287493092015,
    "reward_std": 0.0,
    "ch4_avg": 1495.9136594868355,
    "ch4_std": 0.0,
    "violation_rate": 0.8975338659256685,
    "violation_rate_std": 1.1702778228589004e-16,
    "vfa_cvar95": 0.8975338659256686,
    "vfa_worst_episode": 0.8975338659256686,
    "overall_score": 0.47198076271499695,
    "score_worst": 0.4719807627149969,
    "score_cvar95": -0.4719807627149969,
    "terminated_rate": 0.0,
    "ph_mean": 7.28446315210172,
    "vfa_max_mean": 0.1841044900849334,
    "n_episodes": 10
  },
  "raw": {
    "reward_mean": -0.6871287493092015,
    "reward_std": 0.0,
    "ch4_avg": 1495.9136594868355,
    "ch4_std": 0.0,
    "violation_rate": 0.8975338659256685,
    "violation_rate_std": 1.1702778228589004e-16,
    "vfa_cvar95": 0.8975338659256686,
    "vfa_worst_episode": 0.8975338659256686,
    "overall_score": 0.47198076271499695,
    "score_worst": 0.4719807627149969,
    "score_cvar95": -0.4719807627149969,
    "terminated_rate": 0.0,
    "ph_mean": 7.28446315210172,
    "vfa_max_mean": 0.1841044900849334,
    "n_episodes": 10
  }
}