{
  "record": {
    "obs_mode": "simple",
    "train_scenario": "high_load",
    "test_scenario": "high_load",
    "algo": "sac",
    "reward_config": "safety_first",
    "seed": 789,
    "reward_mean": 0.6374922669584506,
    "reward_std": 1.1702778228589004e-16,
    "ch4_avg": 1505.5625041700257,
    "ch4_std": 0.0,
    "violation_rate": 0.01667245571378951,
    "violation_rate_std": 0.0,
    "vfa_cvar95": 0.01667245571378951,
    "vfa_worst_episode": 0.01667245571378951,
    "overall_score": 0.8723339701158703,
    "score_worst": 0.8723339701158704,
    "score_cvar95": -0.8723339701158704,
    "terminated_rate": 0.0,
    "ph_mean": 7.241595875893495,
    "vfa_max_mean": 0.15848219873193986,
    "n_episodes": 10
  },
  "raw": {
    "reward_mean": 0.6374922669584506,
    "reward_std": 1.1702778228589004e-16,
    "ch4_avg": 1505.5625041700257,
    "ch4_std": 0.0,
    "violation_rate": 0.01667245571378951,
    "violation_rate_std": 0.0,
    "vfa_cvar95": 0.01667245571378951,
    "vfa_worst_episode": 0.01667245571378951,
    "overall_score": 0.8723339701158703,
    "score_worst": 0.8723339701158704,
    "score_cvar95": -0.8723339701158704,
    "terminated_rate": 0.0,
    "ph_mean": 7.241595875893495,
    "vfa_max_mean": 0.15848219873193986,
    "n_episodes": 10
  }
}