{
  "record": {
    "obs_mode": "simple",
    "train_scenario": "low_load",
    "test_scenario": "cold_winter",
    "algo": "sac",
    "reward_config": "safety_first",
    "seed": 456,
    "reward_mean": 0.42381501277208855,
    "reward_std": 0.0,
    "ch4_avg": 902.6573086055325,
    "ch4_std": 0.0,
    "violation_rate": 0.0,
    "violation_rate_std": 0.0,
    "vfa_cvar95": 0.0,
    "vfa_worst_episode": 0.0,
    "overall_score": 0.656758082551984,
    "score_worst": 0.656758082551984,
    "score_cvar95": -0.656758082551984,
    "terminated_rate": 0.0,
    "ph_mean": 7.256665344239313,
    "vfa_max_mean": 0.17861817732268312,
    "n_episodes": 10
  },
  "raw": {
    "reward_mean": 0.42381501277208855,
    "reward_std": 0.0,
    "ch4_avg": 902.6573086055325,
    "ch4_std": 0.0,
    "violation_rate": 0.0,
    "violation_rate_std": 0.0,
    "vfa_cvar95": 0.0,
    "vfa_worst_episode": 0.0,
    "overall_score": 0.656758082551984,
    "score_worst": 0.656758082551984,
    "score_cvar95": -0.656758082551984,
    "terminated_rate": 0.0,
    "ph_mean": 7.256665344239313,
    "vfa_max_mean": 0.17861817732268312,
    "n_episodes": 10
  }
}