{
  "record": {
    "obs_mode": "simple",
    "train_scenario": "cold_winter",
    "test_scenario": "temperature_drop",
    "algo": "sac",
    "reward_config": "safety_first",
    "seed": 42,
    "reward_mean": -0.4293989413228948,
    "reward_std": 0.0,
    "ch4_avg": 1771.7405544433866,
    "ch4_std": 2.396728981215028e-13,
    "violation_rate": 0.7110107676276485,
    "violation_rate_std": 0.0,
    "vfa_cvar95": 0.7110107676276485,
    "vfa_worst_episode": 0.7110107676276485,
    "overall_score": 0.6277078717504889,
    "score_worst": 0.627707871750489,
    "score_cvar95": -0.627707871750489,
    "terminated_rate": 0.0,
    "ph_mean": 7.272225159345274,
    "vfa_max_mean": 0.22839898943777964,
    "n_episodes": 10
  },
  "raw": {
    "reward_mean": -0.4293989413228948,
    "reward_std": 0.0,
    "ch4_avg": 1771.7405544433866,
    "ch4_std": 2.396728981215028e-13,
    "violation_rate": 0.7110107676276485,
    "violation_rate_std": 0.0,
    "vfa_cvar95": 0.7110107676276485,
    "vfa_worst_episode": 0.7110107676276485,
    "overall_score": 0.6277078717504889,
    "score_worst": 0.627707871750489,
    "score_cvar95": -0.627707871750489,
    "terminated_rate": 0.0,
    "ph_mean": 7.272225159345274,
    "vfa_max_mean": 0.22839898943777964,
    "n_episodes": 10
  }
}