{
  "record": {
    "obs_mode": "simple",
    "train_scenario": "nominal",
    "test_scenario": "temperature_drop",
    "algo": "sac",
    "reward_config": "safety_first",
    "seed": 456,
    "reward_mean": 0.7364417976252977,
    "reward_std": 1.1702778228589004e-16,
    "ch4_avg": 1736.2868078758443,
    "ch4_std": 2.396728981215028e-13,
    "violation_rate": 0.0,
    "violation_rate_std": 0.0,
    "vfa_cvar95": 0.0,
    "vfa_worst_episode": 0.0,
    "overall_score": 0.9231384633018612,
    "score_worst": 0.9231384633018613,
    "score_cvar95": -0.9231384633018613,
    "terminated_rate": 0.0,
    "ph_mean": 7.227071979882778,
    "vfa_max_mean": 0.18721103067565786,
    "n_episodes": 10
  },
  "raw": {
    "reward_mean": 0.7364417976252977,
    "reward_std": 1.1702778228589004e-16,
    "ch4_avg": 1736.2868078758443,
    "ch4_std": 2.396728981215028e-13,
    "violation_rate": 0.0,
    "violation_rate_std": 0.0,
    "vfa_cvar95": 0.0,
    "vfa_worst_episode": 0.0,
    "overall_score": 0.9231384633018612,
    "score_worst": 0.9231384633018613,
    "score_cvar95": -0.9231384633018613,
    "terminated_rate": 0.0,
    "ph_mean": 7.227071979882778,
    "vfa_max_mean": 0.18721103067565786,
    "n_episodes": 10
  }
}