{
  "record": {
    "obs_mode": "simple",
    "train_scenario": "high_load",
    "test_scenario": "high_load",
    "algo": "sac",
    "reward_config": "safety_first",
    "seed": 1234,
    "reward_mean": 0.5432900947786969,
    "reward_std": 1.1702778228589004e-16,
    "ch4_avg": 1303.6837511441522,
    "ch4_std": 0.0,
    "violation_rate": 0.0,
    "violation_rate_std": 0.0,
    "vfa_cvar95": 0.0,
    "vfa_worst_episode": 0.0,
    "overall_score": 0.8394673974908017,
    "score_worst": 0.8394673974908017,
    "score_cvar95": -0.8394673974908017,
    "terminated_rate": 0.0,
    "ph_mean": 7.215067187712262,
    "vfa_max_mean": 0.1686837865612692,
    "n_episodes": 10
  },
  "raw": {
    "reward_mean": 0.5432900947786969,
    "reward_std": 1.1702778228589004e-16,
    "ch4_avg": 1303.6837511441522,
    "ch4_std": 0.0,
    "violation_rate": 0.0,
    "violation_rate_std": 0.0,
    "vfa_cvar95": 0.0,
    "vfa_worst_episode": 0.0,
    "overall_score": 0.8394673974908017,
    "score_worst": 0.8394673974908017,
    "score_cvar95": -0.8394673974908017,
    "terminated_rate": 0.0,
    "ph_mean": 7.215067187712262,
    "vfa_max_mean": 0.1686837865612692,
    "n_episodes": 10
  }
}