{
  "record": {
    "obs_mode": "simple",
    "train_scenario": "low_load",
    "test_scenario": "shock_load",
    "algo": "sac",
    "reward_config": "safety_first",
    "seed": 42,
    "reward_mean": -0.5044232372709037,
    "reward_std": 0.0,
    "ch4_avg": 1944.332383789822,
    "ch4_std": 2.396728981215028e-13,
    "violation_rate": 0.7207363667940258,
    "violation_rate_std": 0.0,
    "vfa_cvar95": 0.7207363667940258,
    "vfa_worst_episode": 0.7207363667940258,
    "overall_score": 0.6776116543533532,
    "score_worst": 0.6776116543533531,
    "score_cvar95": -0.6776116543533531,
    "terminated_rate": 0.0,
    "ph_mean": 7.2707397032303565,
    "vfa_max_mean": 0.2425068410500147,
    "n_episodes": 10
  },
  "raw": {
    "reward_mean": -0.5044232372709037,
    "reward_std": 0.0,
    "ch4_avg": 1944.332383789822,
    "ch4_std": 2.396728981215028e-13,
    "violation_rate": 0.7207363667940258,
    "violation_rate_std": 0.0,
    "vfa_cvar95": 0.7207363667940258,
    "vfa_worst_episode": 0.7207363667940258,
    "overall_score": 0.6776116543533532,
    "score_worst": 0.6776116543533531,
    "score_cvar95": -0.6776116543533531,
    "terminated_rate": 0.0,
    "ph_mean": 7.2707397032303565,
    "vfa_max_mean": 0.2425068410500147,
    "n_episodes": 10
  }
}