{
  "record": {
    "obs_mode": "full",
    "train_scenario": "shock_load",
    "test_scenario": "low_load",
    "algo": "sac",
    "reward_config": "safety_first",
    "seed": 456,
    "reward_mean": 0.4594993835729501,
    "reward_std": 0.0,
    "ch4_avg": 1115.4478038126283,
    "ch4_std": 2.396728981215028e-13,
    "violation_rate": 0.0,
    "violation_rate_std": 0.0,
    "vfa_cvar95": 0.0,
    "vfa_worst_episode": 0.0,
    "overall_score": 0.753363821535056,
    "score_worst": 0.753363821535056,
    "score_cvar95": -0.753363821535056,
    "terminated_rate": 0.0,
    "ph_mean": 7.183553200089532,
    "vfa_max_mean": 0.14444223282947063,
    "n_episodes": 10
  },
  "raw": {
    "reward_mean": 0.4594993835729501,
    "reward_std": 0.0,
    "ch4_avg": 1115.4478038126283,
    "ch4_std": 2.396728981215028e-13,
    "violation_rate": 0.0,
    "violation_rate_std": 0.0,
    "vfa_cvar95": 0.0,
    "vfa_worst_episode": 0.0,
    "overall_score": 0.753363821535056,
    "score_worst": 0.753363821535056,
    "score_cvar95": -0.753363821535056,
    "terminated_rate": 0.0,
    "ph_mean": 7.183553200089532,
    "vfa_max_mean": 0.14444223282947063,
    "n_episodes": 10
  }
}