{
  "record": {
    "obs_mode": "full",
    "train_scenario": "shock_load",
    "test_scenario": "temperature_drop",
    "algo": "sac",
    "reward_config": "safety_first",
    "seed": 456,
    "reward_mean": 0.7262350324897867,
    "reward_std": 0.0,
    "ch4_avg": 1653.3925479238296,
    "ch4_std": 0.0,
    "violation_rate": 0.0,
    "violation_rate_std": 0.0,
    "vfa_cvar95": 0.0,
    "vfa_worst_episode": 0.0,
    "overall_score": 0.9066360736377705,
    "score_worst": 0.9066360736377705,
    "score_cvar95": -0.9066360736377705,
    "terminated_rate": 0.0,
    "ph_mean": 7.244836052007463,
    "vfa_max_mean": 0.17176645601864868,
    "n_episodes": 10
  },
  "raw": {
    "reward_mean": 0.7262350324897867,
    "reward_std": 0.0,
    "ch4_avg": 1653.3925479238296,
    "ch4_std": 0.0,
    "violation_rate": 0.0,
    "violation_rate_std": 0.0,
    "vfa_cvar95": 0.0,
    "vfa_worst_episode": 0.0,
    "overall_score": 0.9066360736377705,
    "score_worst": 0.9066360736377705,
    "score_cvar95": -0.9066360736377705,
    "terminated_rate": 0.0,
    "ph_mean": 7.244836052007463,
    "vfa_max_mean": 0.17176645601864868,
    "n_episodes": 10
  }
}