{
  "record": {
    "obs_mode": "full",
    "train_scenario": "nominal",
    "test_scenario": "cold_winter",
    "algo": "sac",
    "reward_config": "safety_first",
    "seed": 456,
    "reward_mean": 0.4542715267972281,
    "reward_std": 5.851389114294502e-17,
    "ch4_avg": 989.6102183060682,
    "ch4_std": 0.0,
    "violation_rate": 0.0,
    "violation_rate_std": 0.0,
    "vfa_cvar95": 0.0,
    "vfa_worst_episode": 0.0,
    "overall_score": 0.7053554823991448,
    "score_worst": 0.7053554823991448,
    "score_cvar95": -0.7053554823991448,
    "terminated_rate": 0.0,
    "ph_mean": 7.233086457800302,
    "vfa_max_mean": 0.17945097578741093,
    "n_episodes": 10
  },
  "raw": {
    "reward_mean": 0.4542715267972281,
    "reward_std": 5.851389114294502e-17,
    "ch4_avg": 989.6102183060682,
    "ch4_std": 0.0,
    "violation_rate": 0.0,
    "violation_rate_std": 0.0,
    "vfa_cvar95": 0.0,
    "vfa_worst_episode": 0.0,
    "overall_score": 0.7053554823991448,
    "score_worst": 0.7053554823991448,
    "score_cvar95": -0.7053554823991448,
    "terminated_rate": 0.0,
    "ph_mean": 7.233086457800302,
    "vfa_max_mean": 0.17945097578741093,
    "n_episodes": 10
  }
}