{
  "record": {
    "obs_mode": "full",
    "train_scenario": "cold_winter",
    "test_scenario": "temperature_drop",
    "algo": "sac",
    "reward_config": "safety_first",
    "seed": 123,
    "reward_mean": -0.5631895758305492,
    "reward_std": 1.1702778228589004e-16,
    "ch4_avg": 868.8517953193426,
    "ch4_std": 0.0,
    "violation_rate": 0.6286905175408127,
    "violation_rate_std": 0.0,
    "vfa_cvar95": 0.6286905175408127,
    "vfa_worst_episode": 0.6286905175408127,
    "overall_score": 0.3936280297489985,
    "score_worst": 0.3936280297489985,
    "score_cvar95": -0.3936280297489985,
    "terminated_rate": 0.0,
    "ph_mean": 7.280475670298051,
    "vfa_max_mean": 0.1573279810200851,
    "n_episodes": 10
  },
  "raw": {
    "reward_mean": -0.5631895758305492,
    "reward_std": 1.1702778228589004e-16,
    "ch4_avg": 868.8517953193426,
    "ch4_std": 0.0,
    "violation_rate": 0.6286905175408127,
    "violation_rate_std": 0.0,
    "vfa_cvar95": 0.6286905175408127,
    "vfa_worst_episode": 0.6286905175408127,
    "overall_score": 0.3936280297489985,
    "score_worst": 0.3936280297489985,
    "score_cvar95": -0.3936280297489985,
    "terminated_rate": 0.0,
    "ph_mean": 7.280475670298051,
    "vfa_max_mean": 0.1573279810200851,
    "n_episodes": 10
  }
}