{
  "record": {
    "obs_mode": "full",
    "train_scenario": "cold_winter",
    "test_scenario": "cold_winter",
    "algo": "sac",
    "reward_config": "safety_first",
    "seed": 1234,
    "reward_mean": 0.26100327022863473,
    "reward_std": 0.0,
    "ch4_avg": 619.4963495205192,
    "ch4_std": 0.0,
    "violation_rate": 0.0,
    "violation_rate_std": 0.0,
    "vfa_cvar95": 0.0,
    "vfa_worst_episode": 0.0,
    "overall_score": 0.6067876115792201,
    "score_worst": 0.6067876115792202,
    "score_cvar95": -0.6067876115792202,
    "terminated_rate": 0.0,
    "ph_mean": 7.132955396434565,
    "vfa_max_mean": 0.17005849500919154,
    "n_episodes": 10
  },
  "raw": {
    "reward_mean": 0.26100327022863473,
    "reward_std": 0.0,
    "ch4_avg": 619.4963495205192,
    "ch4_std": 0.0,
    "violation_rate": 0.0,
    "violation_rate_std": 0.0,
    "vfa_cvar95": 0.0,
    "vfa_worst_episode": 0.0,
    "overall_score": 0.6067876115792201,
    "score_worst": 0.6067876115792202,
    "score_cvar95": -0.6067876115792202,
    "terminated_rate": 0.0,
    "ph_mean": 7.132955396434565,
    "vfa_max_mean": 0.17005849500919154,
    "n_episodes": 10
  }
}