{
  "record": {
    "obs_mode": "full",
    "train_scenario": "high_load",
    "test_scenario": "shock_load",
    "algo": "sac",
    "reward_config": "safety_first",
    "seed": 123,
    "reward_mean": 0.371472124085006,
    "reward_std": 0.0,
    "ch4_avg": 871.1934629340798,
    "ch4_std": 0.0,
    "violation_rate": 0.0,
    "violation_rate_std": 0.0,
    "vfa_cvar95": 0.0,
    "vfa_worst_episode": 0.0,
    "overall_score": 0.7400121287774752,
    "score_worst": 0.7400121287774754,
    "score_cvar95": -0.7400121287774754,
    "terminated_rate": 0.0,
    "ph_mean": 7.186543688427929,
    "vfa_max_mean": 0.1331686950480451,
    "n_episodes": 10
  },
  "raw": {
    "reward_mean": 0.371472124085006,
    "reward_std": 0.0,
    "ch4_avg": 871.1934629340798,
    "ch4_std": 0.0,
    "violation_rate": 0.0,
    "violation_rate_std": 0.0,
    "vfa_cvar95": 0.0,
    "vfa_worst_episode": 0.0,
    "overall_score": 0.7400121287774752,
    "score_worst": 0.7400121287774754,
    "score_cvar95": -0.7400121287774754,
    "terminated_rate": 0.0,
    "ph_mean": 7.186543688427929,
    "vfa_max_mean": 0.1331686950480451,
    "n_episodes": 10
  }
}