{
  "record": {
    "obs_mode": "simple",
    "train_scenario": "high_load",
    "test_scenario": "high_load",
    "algo": "sac",
    "reward_config": "safety_first",
    "seed": 123,
    "reward_mean": 0.7471979533544877,
    "reward_std": 0.0,
    "ch4_avg": 1775.7825595973814,
    "ch4_std": 2.396728981215028e-13,
    "violation_rate": 0.0,
    "violation_rate_std": 0.0,
    "vfa_cvar95": 0.0,
    "vfa_worst_episode": 0.0,
    "overall_score": 0.935699368199238,
    "score_worst": 0.9356993681992379,
    "score_cvar95": -0.9356993681992379,
    "terminated_rate": 0.0,
    "ph_mean": 7.222055755214852,
    "vfa_max_mean": 0.19366679971740447,
    "n_episodes": 10
  },
  "raw": {
    "reward_mean": 0.7471979533544877,
    "reward_std": 0.0,
    "ch4_avg": 1775.7825595973814,
    "ch4_std": 2.396728981215028e-13,
    "violation_rate": 0.0,
    "violation_rate_std": 0.0,
    "vfa_cvar95": 0.0,
    "vfa_worst_episode": 0.0,
    "overall_score": 0.935699368199238,
    "score_worst": 0.9356993681992379,
    "score_cvar95": -0.9356993681992379,
    "terminated_rate": 0.0,
    "ph_mean": 7.222055755214852,
    "vfa_max_mean": 0.19366679971740447,
    "n_episodes": 10
  }
}