{
  "record": {
    "obs_mode": "simple",
    "train_scenario": "shock_load",
    "test_scenario": "cold_winter",
    "algo": "sac",
    "reward_config": "safety_first",
    "seed": 42,
    "reward_mean": 0.350099141367196,
    "reward_std": 0.0,
    "ch4_avg": 747.927961378372,
    "ch4_std": 0.0,
    "violation_rate": 0.0,
    "violation_rate_std": 0.0,
    "vfa_cvar95": 0.0,
    "vfa_worst_episode": 0.0,
    "overall_score": 0.6288912095095774,
    "score_worst": 0.6288912095095776,
    "score_cvar95": -0.6288912095095776,
    "terminated_rate": 0.0,
    "ph_mean": 7.235457588568261,
    "vfa_max_mean": 0.17133193300558514,
    "n_episodes": 10
  },
  "raw": {
    "reward_mean": 0.350099141367196,
    "reward_std": 0.0,
    "ch4_avg": 747.927961378372,
    "ch4_std": 0.0,
    "violation_rate": 0.0,
    "violation_rate_std": 0.0,
    "vfa_cvar95": 0.0,
    "vfa_worst_episode": 0.0,
    "overall_score": 0.6288912095095774,
    "score_worst": 0.6288912095095776,
    "score_cvar95": -0.6288912095095776,
    "terminated_rate": 0.0,
    "ph_mean": 7.235457588568261,
    "vfa_max_mean": 0.17133193300558514,
    "n_episodes": 10
  }
}