{
  "record": {
    "obs_mode": "full",
    "train_scenario": "temperature_drop",
    "test_scenario": "shock_load",
    "algo": "sac",
    "reward_config": "safety_first",
    "seed": 42,
    "reward_mean": 0.7651351570091383,
    "reward_std": 1.1702778228589004e-16,
    "ch4_avg": 1832.6600942519588,
    "ch4_std": 0.0,
    "violation_rate": 0.0020840569642236887,
    "violation_rate_std": 0.0,
    "vfa_cvar95": 0.0020840569642236887,
    "vfa_worst_episode": 0.0020840569642236887,
    "overall_score": 0.9442484937874875,
    "score_worst": 0.9442484937874875,
    "score_cvar95": -0.9442484937874875,
    "terminated_rate": 0.0,
    "ph_mean": 7.218289006033919,
    "vfa_max_mean": 0.20335069565954952,
    "n_episodes": 10
  },
  "raw": {
    "reward_mean": 0.7651351570091383,
    "reward_std": 1.1702778228589004e-16,
    "ch4_avg": 1832.6600942519588,
    "ch4_std": 0.0,
    "violation_rate": 0.0020840569642236887,
    "violation_rate_std": 0.0,
    "vfa_cvar95": 0.0020840569642236887,
    "vfa_worst_episode": 0.0020840569642236887,
    "overall_score": 0.9442484937874875,
    "score_worst": 0.9442484937874875,
    "score_cvar95": -0.9442484937874875,
    "terminated_rate": 0.0,
    "ph_mean": 7.218289006033919,
    "vfa_max_mean": 0.20335069565954952,
    "n_episodes": 10
  }
}