{
  "record": {
    "obs_mode": "full",
    "train_scenario": "high_load",
    "test_scenario": "low_load",
    "algo": "sac",
    "reward_config": "safety_first",
    "seed": 123,
    "reward_mean": 0.2170441252856162,
    "reward_std": 2.925694557147251e-17,
    "ch4_avg": 535.5892732105073,
    "ch4_std": 1.198364490607514e-13,
    "violation_rate": 0.0,
    "violation_rate_std": 0.0,
    "vfa_cvar95": 0.0,
    "vfa_worst_episode": 0.0,
    "overall_score": 0.5856962830372064,
    "score_worst": 0.5856962830372064,
    "score_cvar95": -0.5856962830372064,
    "terminated_rate": 0.0,
    "ph_mean": 7.140396000097082,
    "vfa_max_mean": 0.1331578989281217,
    "n_episodes": 10
  },
  "raw": {
    "reward_mean": 0.2170441252856162,
    "reward_std": 2.925694557147251e-17,
    "ch4_avg": 535.5892732105073,
    "ch4_std": 1.198364490607514e-13,
    "violation_rate": 0.0,
    "violation_rate_std": 0.0,
    "vfa_cvar95": 0.0,
    "vfa_worst_episode": 0.0,
    "overall_score": 0.5856962830372064,
    "score_worst": 0.5856962830372064,
    "score_cvar95": -0.5856962830372064,
    "terminated_rate": 0.0,
    "ph_mean": 7.140396000097082,
    "vfa_max_mean": 0.1331578989281217,
    "n_episodes": 10
  }
}