{
  "record": {
    "obs_mode": "full",
    "train_scenario": "high_load",
    "test_scenario": "high_load",
    "algo": "sac",
    "reward_config": "safety_first",
    "seed": 1234,
    "reward_mean": 0.6902750929345312,
    "reward_std": 1.1702778228589004e-16,
    "ch4_avg": 1589.400991601046,
    "ch4_std": 0.0,
    "violation_rate": 0.0,
    "violation_rate_std": 0.0,
    "vfa_cvar95": 0.0,
    "vfa_worst_episode": 0.0,
    "overall_score": 0.9059616223315855,
    "score_worst": 0.9059616223315855,
    "score_cvar95": -0.9059616223315855,
    "terminated_rate": 0.0,
    "ph_mean": 7.231588663417071,
    "vfa_max_mean": 0.18518083789292555,
    "n_episodes": 10
  },
  "raw": {
    "reward_mean": 0.6902750929345312,
    "reward_std": 1.1702778228589004e-16,
    "ch4_avg": 1589.400991601046,
    "ch4_std": 0.0,
    "violation_rate": 0.0,
    "violation_rate_std": 0.0,
    "vfa_cvar95": 0.0,
    "vfa_worst_episode": 0.0,
    "overall_score": 0.9059616223315855,
    "score_worst": 0.9059616223315855,
    "score_cvar95": -0.9059616223315855,
    "terminated_rate": 0.0,
    "ph_mean": 7.231588663417071,
    "vfa_max_mean": 0.18518083789292555,
    "n_episodes": 10
  }
}