{
  "record": {
    "obs_mode": "full",
    "train_scenario": "shock_load",
    "test_scenario": "high_load",
    "algo": "sac",
    "reward_config": "safety_first",
    "seed": 1234,
    "reward_mean": 0.4124588269417842,
    "reward_std": 0.0,
    "ch4_avg": 1972.399830789082,
    "ch4_std": 2.396728981215028e-13,
    "violation_rate": 0.29281000347342834,
    "violation_rate_std": 5.851389114294502e-17,
    "vfa_cvar95": 0.2928100034734283,
    "vfa_worst_episode": 0.2928100034734283,
    "overall_score": 0.8627224018909805,
    "score_worst": 0.8627224018909806,
    "score_cvar95": -0.8627224018909806,
    "terminated_rate": 0.0,
    "ph_mean": 7.253290738450579,
    "vfa_max_mean": 0.20197242314061273,
    "n_episodes": 10
  },
  "raw": {
    "reward_mean": 0.4124588269417842,
    "reward_std": 0.0,
    "ch4_avg": 1972.399830789082,
    "ch4_std": 2.396728981215028e-13,
    "violation_rate": 0.29281000347342834,
    "violation_rate_std": 5.851389114294502e-17,
    "vfa_cvar95": 0.2928100034734283,
    "vfa_worst_episode": 0.2928100034734283,
    "overall_score": 0.8627224018909805,
    "score_worst": 0.8627224018909806,
    "score_cvar95": -0.8627224018909806,
    "terminated_rate": 0.0,
    "ph_mean": 7.253290738450579,
    "vfa_max_mean": 0.20197242314061273,
    "n_episodes": 10
  }
}