{
  "record": {
    "obs_mode": "full",
    "train_scenario": "low_load",
    "test_scenario": "high_load",
    "algo": "sac",
    "reward_config": "safety_first",
    "seed": 456,
    "reward_mean": -1.506740699607875,
    "reward_std": 0.0,
    "ch4_avg": 2218.3479307331036,
    "ch4_std": 0.0,
    "violation_rate": 0.9346995484543245,
    "violation_rate_std": 0.0,
    "vfa_cvar95": 0.9346995484543245,
    "vfa_worst_episode": 0.9346995484543245,
    "overall_score": 0.6520016923490937,
    "score_worst": 0.6520016923490936,
    "score_cvar95": -0.6520016923490936,
    "terminated_rate": 0.0,
    "ph_mean": 7.289382271338863,
    "vfa_max_mean": 0.3142931366158858,
    "n_episodes": 10
  },
  "raw": {
    "reward_mean": -1.506740699607875,
    "reward_std": 0.0,
    "ch4_avg": 2218.3479307331036,
    "ch4_std": 0.0,
    "violation_rate": 0.9346995484543245,
    "violation_rate_std": 0.0,
    "vfa_cvar95": 0.9346995484543245,
    "vfa_worst_episode": 0.9346995484543245,
    "overall_score": 0.6520016923490937,
    "score_worst": 0.6520016923490936,
    "score_cvar95": -0.6520016923490936,
    "terminated_rate": 0.0,
    "ph_mean": 7.289382271338863,
    "vfa_max_mean": 0.3142931366158858,
    "n_episodes": 10
  }
}