{
  "record": {
    "obs_mode": "simple",
    "train_scenario": "temperature_drop",
    "test_scenario": "shock_load",
    "algo": "sac",
    "reward_config": "safety_first",
    "seed": 42,
    "reward_mean": 0.6845842239265101,
    "reward_std": 1.1702778228589004e-16,
    "ch4_avg": 1574.7736929433247,
    "ch4_std": 0.0,
    "violation_rate": 0.0,
    "violation_rate_std": 0.0,
    "vfa_cvar95": 0.0,
    "vfa_worst_episode": 0.0,
    "overall_score": 0.8687093881692425,
    "score_worst": 0.8687093881692425,
    "score_cvar95": -0.8687093881692425,
    "terminated_rate": 0.0,
    "ph_mean": 7.211902920843444,
    "vfa_max_mean": 0.19788172625459488,
    "n_episodes": 10
  },
  "raw": {
    "reward_mean": 0.6845842239265101,
    "reward_std": 1.1702778228589004e-16,
    "ch4_avg": 1574.7736929433247,
    "ch4_std": 0.0,
    "violation_rate": 0.0,
    "violation_rate_std": 0.0,
    "vfa_cvar95": 0.0,
    "vfa_worst_episode": 0.0,
    "overall_score": 0.8687093881692425,
    "score_worst": 0.8687093881692425,
    "score_cvar95": -0.8687093881692425,
    "terminated_rate": 0.0,
    "ph_mean": 7.211902920843444,
    "vfa_max_mean": 0.19788172625459488,
    "n_episodes": 10
  }
}