{
  "record": {
    "obs_mode": "full",
    "train_scenario": "cold_winter",
    "test_scenario": "cold_winter",
    "algo": "sac",
    "reward_config": "safety_first",
    "seed": 456,
    "reward_mean": 0.5364978668651095,
    "reward_std": 1.1702778228589004e-16,
    "ch4_avg": 1164.919495589788,
    "ch4_std": 2.396728981215028e-13,
    "violation_rate": 0.0,
    "violation_rate_std": 0.0,
    "vfa_cvar95": 0.0,
    "vfa_worst_episode": 0.0,
    "overall_score": 0.7420476138142591,
    "score_worst": 0.7420476138142591,
    "score_cvar95": -0.7420476138142591,
    "terminated_rate": 0.0,
    "ph_mean": 7.194865079939791,
    "vfa_max_mean": 0.19893853309824613,
    "n_episodes": 10
  },
  "raw": {
    "reward_mean": 0.5364978668651095,
    "reward_std": 1.1702778228589004e-16,
    "ch4_avg": 1164.919495589788,
    "ch4_std": 2.396728981215028e-13,
    "violation_rate": 0.0,
    "violation_rate_std": 0.0,
    "vfa_cvar95": 0.0,
    "vfa_worst_episode": 0.0,
    "overall_score": 0.7420476138142591,
    "score_worst": 0.7420476138142591,
    "score_cvar95": -0.7420476138142591,
    "terminated_rate": 0.0,
    "ph_mean": 7.194865079939791,
    "vfa_max_mean": 0.19893853309824613,
    "n_episodes": 10
  }
}