{
  "record": {
    "obs_mode": "full",
    "train_scenario": "nominal",
    "test_scenario": "nominal",
    "algo": "sac",
    "reward_config": "safety_first",
    "seed": 42,
    "reward_mean": 0.7754250436399552,
    "reward_std": 0.0,
    "ch4_avg": 1852.2687159155855,
    "ch4_std": 0.0,
    "violation_rate": 0.007641542202153526,
    "violation_rate_std": 9.14279549108516e-19,
    "vfa_cvar95": 0.007641542202153525,
    "vfa_worst_episode": 0.007641542202153525,
    "overall_score": 0.9460429990786782,
    "score_worst": 0.9460429990786783,
    "score_cvar95": -0.9460429990786783,
    "terminated_rate": 0.0,
    "ph_mean": 7.235154404250386,
    "vfa_max_mean": 0.20546306712381107,
    "n_episodes": 10
  },
  "raw": {
    "reward_mean": 0.7754250436399552,
    "reward_std": 0.0,
    "ch4_avg": 1852.2687159155855,
    "ch4_std": 0.0,
    "violation_rate": 0.007641542202153526,
    "violation_rate_std": 9.14279549108516e-19,
    "vfa_cvar95": 0.007641542202153525,
    "vfa_worst_episode": 0.007641542202153525,
    "overall_score": 0.9460429990786782,
    "score_worst": 0.9460429990786783,
    "score_cvar95": -0.9460429990786783,
    "terminated_rate": 0.0,
    "ph_mean": 7.235154404250386,
    "vfa_max_mean": 0.20546306712381107,
    "n_episodes": 10
  }
}