{
  "record": {
    "obs_mode": "simple",
    "train_scenario": "high_load",
    "test_scenario": "high_load",
    "algo": "sac",
    "reward_config": "safety_first",
    "seed": 42,
    "reward_mean": 0.5333242237681632,
    "reward_std": 1.1702778228589004e-16,
    "ch4_avg": 1203.5153798519782,
    "ch4_std": 0.0,
    "violation_rate": 0.0,
    "violation_rate_std": 0.0,
    "vfa_cvar95": 0.0,
    "vfa_worst_episode": 0.0,
    "overall_score": 0.8202854175929701,
    "score_worst": 0.8202854175929701,
    "score_cvar95": -0.8202854175929701,
    "terminated_rate": 0.0,
    "ph_mean": 7.232249735022843,
    "vfa_max_mean": 0.13317374638740412,
    "n_episodes": 10
  },
  "raw": {
    "reward_mean": 0.5333242237681632,
    "reward_std": 1.1702778228589004e-16,
    "ch4_avg": 1203.5153798519782,
    "ch4_std": 0.0,
    "violation_rate": 0.0,
    "violation_rate_std": 0.0,
    "vfa_cvar95": 0.0,
    "vfa_worst_episode": 0.0,
    "overall_score": 0.8202854175929701,
    "score_worst": 0.8202854175929701,
    "score_cvar95": -0.8202854175929701,
    "terminated_rate": 0.0,
    "ph_mean": 7.232249735022843,
    "vfa_max_mean": 0.13317374638740412,
    "n_episodes": 10
  }
}