{
  "record": {
    "obs_mode": "simple",
    "train_scenario": "nominal",
    "test_scenario": "shock_load",
    "algo": "sac",
    "reward_config": "safety_first",
    "seed": 123,
    "reward_mean": 0.6003731822859659,
    "reward_std": 1.1702778228589004e-16,
    "ch4_avg": 1352.3674193401607,
    "ch4_std": 2.396728981215028e-13,
    "violation_rate": 0.0,
    "violation_rate_std": 0.0,
    "vfa_cvar95": 0.0,
    "vfa_worst_episode": 0.0,
    "overall_score": 0.8391244024650073,
    "score_worst": 0.8391244024650072,
    "score_cvar95": -0.8391244024650072,
    "terminated_rate": 0.0,
    "ph_mean": 7.236276774228183,
    "vfa_max_mean": 0.14282430958856168,
    "n_episodes": 10
  },
  "raw": {
    "reward_mean": 0.6003731822859659,
    "reward_std": 1.1702778228589004e-16,
    "ch4_avg": 1352.3674193401607,
    "ch4_std": 2.396728981215028e-13,
    "violation_rate": 0.0,
    "violation_rate_std": 0.0,
    "vfa_cvar95": 0.0,
    "vfa_worst_episode": 0.0,
    "overall_score": 0.8391244024650073,
    "score_worst": 0.8391244024650072,
    "score_cvar95": -0.8391244024650072,
    "terminated_rate": 0.0,
    "ph_mean": 7.236276774228183,
    "vfa_max_mean": 0.14282430958856168,
    "n_episodes": 10
  }
}