{
  "record": {
    "obs_mode": "simple",
    "train_scenario": "cold_winter",
    "test_scenario": "cold_winter",
    "algo": "sac",
    "reward_config": "safety_first",
    "seed": 42,
    "reward_mean": 0.47174301261960483,
    "reward_std": 5.851389114294502e-17,
    "ch4_avg": 1004.30149454133,
    "ch4_std": 1.198364490607514e-13,
    "violation_rate": 0.0,
    "violation_rate_std": 0.0,
    "vfa_cvar95": 0.0,
    "vfa_worst_episode": 0.0,
    "overall_score": 0.6955479035079326,
    "score_worst": 0.6955479035079326,
    "score_cvar95": -0.6955479035079326,
    "terminated_rate": 0.0,
    "ph_mean": 7.245402010466629,
    "vfa_max_mean": 0.1787674092562411,
    "n_episodes": 10
  },
  "raw": {
    "reward_mean": 0.47174301261960483,
    "reward_std": 5.851389114294502e-17,
    "ch4_avg": 1004.30149454133,
    "ch4_std": 1.198364490607514e-13,
    "violation_rate": 0.0,
    "violation_rate_std": 0.0,
    "vfa_cvar95": 0.0,
    "vfa_worst_episode": 0.0,
    "overall_score": 0.6955479035079326,
    "score_worst": 0.6955479035079326,
    "score_cvar95": -0.6955479035079326,
    "terminated_rate": 0.0,
    "ph_mean": 7.245402010466629,
    "vfa_max_mean": 0.1787674092562411,
    "n_episodes": 10
  }
}