{
  "record": {
    "obs_mode": "full",
    "train_scenario": "nominal",
    "test_scenario": "high_load",
    "algo": "sac",
    "reward_config": "safety_first",
    "seed": 123,
    "reward_mean": 0.6969487156084844,
    "reward_std": 0.0,
    "ch4_avg": 2029.4575917005448,
    "ch4_std": 2.396728981215028e-13,
    "violation_rate": 0.16047238624522403,
    "violation_rate_std": 0.0,
    "vfa_cvar95": 0.16047238624522403,
    "vfa_worst_episode": 0.16047238624522403,
    "overall_score": 0.9283385131284962,
    "score_worst": 0.9283385131284962,
    "score_cvar95": -0.9283385131284962,
    "terminated_rate": 0.0,
    "ph_mean": 7.241105509583339,
    "vfa_max_mean": 0.2268672209040931,
    "n_episodes": 10
  },
  "raw": {
    "reward_mean": 0.6969487156084844,
    "reward_std": 0.0,
    "ch4_avg": 2029.4575917005448,
    "ch4_std": 2.396728981215028e-13,
    "violation_rate": 0.16047238624522403,
    "violation_rate_std": 0.0,
    "vfa_cvar95": 0.16047238624522403,
    "vfa_worst_episode": 0.16047238624522403,
    "overall_score": 0.9283385131284962,
    "score_worst": 0.9283385131284962,
    "score_cvar95": -0.9283385131284962,
    "terminated_rate": 0.0,
    "ph_mean": 7.241105509583339,
    "vfa_max_mean": 0.2268672209040931,
    "n_episodes": 10
  }
}