{
  "record": {
    "obs_mode": "full",
    "train_scenario": "shock_load",
    "test_scenario": "high_load",
    "algo": "sac",
    "reward_config": "safety_first",
    "seed": 123,
    "reward_mean": 0.663107274234587,
    "reward_std": 0.0,
    "ch4_avg": 1685.169271627453,
    "ch4_std": 0.0,
    "violation_rate": 0.04411253907606809,
    "violation_rate_std": 7.314236392868128e-18,
    "vfa_cvar95": 0.04411253907606808,
    "vfa_worst_episode": 0.04411253907606808,
    "overall_score": 0.9102852808865478,
    "score_worst": 0.9102852808865478,
    "score_cvar95": -0.9102852808865478,
    "terminated_rate": 0.0,
    "ph_mean": 7.246159240772707,
    "vfa_max_mean": 0.1798130625014805,
    "n_episodes": 10
  },
  "raw": {
    "reward_mean": 0.663107274234587,
    "reward_std": 0.0,
    "ch4_avg": 1685.169271627453,
    "ch4_std": 0.0,
    "violation_rate": 0.04411253907606809,
    "violation_rate_std": 7.314236392868128e-18,
    "vfa_cvar95": 0.04411253907606808,
    "vfa_worst_episode": 0.04411253907606808,
    "overall_score": 0.9102852808865478,
    "score_worst": 0.9102852808865478,
    "score_cvar95": -0.9102852808865478,
    "terminated_rate": 0.0,
    "ph_mean": 7.246159240772707,
    "vfa_max_mean": 0.1798130625014805,
    "n_episodes": 10
  }
}