{
  "record": {
    "obs_mode": "simple",
    "train_scenario": "high_load",
    "test_scenario": "nominal",
    "algo": "sac",
    "reward_config": "safety_first",
    "seed": 456,
    "reward_mean": 0.46340305390629,
    "reward_std": 5.851389114294502e-17,
    "ch4_avg": 1154.6584236101646,
    "ch4_std": 0.0,
    "violation_rate": 0.0,
    "violation_rate_std": 0.0,
    "vfa_cvar95": 0.0,
    "vfa_worst_episode": 0.0,
    "overall_score": 0.785647419652548,
    "score_worst": 0.785647419652548,
    "score_cvar95": -0.785647419652548,
    "terminated_rate": 0.0,
    "ph_mean": 7.163793652404619,
    "vfa_max_mean": 0.1891324798178639,
    "n_episodes": 10
  },
  "raw": {
    "reward_mean": 0.46340305390629,
    "reward_std": 5.851389114294502e-17,
    "ch4_avg": 1154.6584236101646,
    "ch4_std": 0.0,
    "violation_rate": 0.0,
    "violation_rate_std": 0.0,
    "vfa_cvar95": 0.0,
    "vfa_worst_episode": 0.0,
    "overall_score": 0.785647419652548,
    "score_worst": 0.785647419652548,
    "score_cvar95": -0.785647419652548,
    "terminated_rate": 0.0,
    "ph_mean": 7.163793652404619,
    "vfa_max_mean": 0.1891324798178639,
    "n_episodes": 10
  }
}