{
  "record": {
    "obs_mode": "simple",
    "train_scenario": "shock_load",
    "test_scenario": "nominal",
    "algo": "sac",
    "reward_config": "safety_first",
    "seed": 123,
    "reward_mean": 0.7537642823203996,
    "reward_std": 0.0,
    "ch4_avg": 1728.4979967240306,
    "ch4_std": 0.0,
    "violation_rate": 0.0,
    "violation_rate_std": 0.0,
    "vfa_cvar95": 0.0,
    "vfa_worst_episode": 0.0,
    "overall_score": 0.9257092625827564,
    "score_worst": 0.9257092625827564,
    "score_cvar95": -0.9257092625827564,
    "terminated_rate": 0.0,
    "ph_mean": 7.236567299347628,
    "vfa_max_mean": 0.18456926677330449,
    "n_episodes": 10
  },
  "raw": {
    "reward_mean": 0.7537642823203996,
    "reward_std": 0.0,
    "ch4_avg": 1728.4979967240306,
    "ch4_std": 0.0,
    "violation_rate": 0.0,
    "violation_rate_std": 0.0,
    "vfa_cvar95": 0.0,
    "vfa_worst_episode": 0.0,
    "overall_score": 0.9257092625827564,
    "score_worst": 0.9257092625827564,
    "score_cvar95": -0.9257092625827564,
    "terminated_rate": 0.0,
    "ph_mean": 7.236567299347628,
    "vfa_max_mean": 0.18456926677330449,
    "n_episodes": 10
  }
}