{
  "record": {
    "obs_mode": "full",
    "train_scenario": "nominal",
    "test_scenario": "shock_load",
    "algo": "sac",
    "reward_config": "safety_first",
    "seed": 456,
    "reward_mean": 0.7384413107179908,
    "reward_std": 0.0,
    "ch4_avg": 1701.9013487433826,
    "ch4_std": 0.0,
    "violation_rate": 0.0,
    "violation_rate_std": 0.0,
    "vfa_cvar95": 0.0,
    "vfa_worst_episode": 0.0,
    "overall_score": 0.9214116976040471,
    "score_worst": 0.9214116976040471,
    "score_cvar95": -0.9214116976040471,
    "terminated_rate": 0.0,
    "ph_mean": 7.234705677832325,
    "vfa_max_mean": 0.17824644655938746,
    "n_episodes": 10
  },
  "raw": {
    "reward_mean": 0.7384413107179908,
    "reward_std": 0.0,
    "ch4_avg": 1701.9013487433826,
    "ch4_std": 0.0,
    "violation_rate": 0.0,
    "violation_rate_std": 0.0,
    "vfa_cvar95": 0.0,
    "vfa_worst_episode": 0.0,
    "overall_score": 0.9214116976040471,
    "score_worst": 0.9214116976040471,
    "score_cvar95": -0.9214116976040471,
    "terminated_rate": 0.0,
    "ph_mean": 7.234705677832325,
    "vfa_max_mean": 0.17824644655938746,
    "n_episodes": 10
  }
}