{
  "record": {
    "obs_mode": "full",
    "train_scenario": "shock_load",
    "test_scenario": "shock_load",
    "algo": "sac",
    "reward_config": "safety_first",
    "seed": 789,
    "reward_mean": 0.7190227961106214,
    "reward_std": 1.1702778228589004e-16,
    "ch4_avg": 1674.6856035889152,
    "ch4_std": 0.0,
    "violation_rate": 0.0,
    "violation_rate_std": 0.0,
    "vfa_cvar95": 0.0,
    "vfa_worst_episode": 0.0,
    "overall_score": 0.9084733995070853,
    "score_worst": 0.9084733995070852,
    "score_cvar95": -0.9084733995070852,
    "terminated_rate": 0.0,
    "ph_mean": 7.233836206844808,
    "vfa_max_mean": 0.18394912029013527,
    "n_episodes": 10
  },
  "raw": {
    "reward_mean": 0.7190227961106214,
    "reward_std": 1.1702778228589004e-16,
    "ch4_avg": 1674.6856035889152,
    "ch4_std": 0.0,
    "violation_rate": 0.0,
    "violation_rate_std": 0.0,
    "vfa_cvar95": 0.0,
    "vfa_worst_episode": 0.0,
    "overall_score": 0.9084733995070853,
    "score_worst": 0.9084733995070852,
    "score_cvar95": -0.9084733995070852,
    "terminated_rate": 0.0,
    "ph_mean": 7.233836206844808,
    "vfa_max_mean": 0.18394912029013527,
    "n_episodes": 10
  }
}