{
  "record": {
    "obs_mode": "full",
    "train_scenario": "high_load",
    "test_scenario": "cold_winter",
    "algo": "sac",
    "reward_config": "safety_first",
    "seed": 1234,
    "reward_mean": -0.20810564441471574,
    "reward_std": 2.925694557147251e-17,
    "ch4_avg": 698.1973122958177,
    "ch4_std": 0.0,
    "violation_rate": 0.257033692254255,
    "violation_rate_std": 5.851389114294502e-17,
    "vfa_cvar95": 0.25703369225425493,
    "vfa_worst_episode": 0.25703369225425493,
    "overall_score": 0.47132083276104925,
    "score_worst": 0.4713208327610493,
    "score_cvar95": -0.4713208327610493,
    "terminated_rate": 0.0,
    "ph_mean": 7.089846395943914,
    "vfa_max_mean": 0.4327078599310415,
    "n_episodes": 10
  },
  "raw": {
    "reward_mean": -0.20810564441471574,
    "reward_std": 2.925694557147251e-17,
    "ch4_avg": 698.1973122958177,
    "ch4_std": 0.0,
    "violation_rate": 0.257033692254255,
    "violation_rate_std": 5.851389114294502e-17,
    "vfa_cvar95": 0.25703369225425493,
    "vfa_worst_episode": 0.25703369225425493,
    "overall_score": 0.47132083276104925,
    "score_worst": 0.4713208327610493,
    "score_cvar95": -0.4713208327610493,
    "terminated_rate": 0.0,
    "ph_mean": 7.089846395943914,
    "vfa_max_mean": 0.4327078599310415,
    "n_episodes": 10
  }
}