{
  "record": {
    "obs_mode": "full",
    "train_scenario": "high_load",
    "test_scenario": "high_load",
    "algo": "sac",
    "reward_config": "safety_first",
    "seed": 456,
    "reward_mean": 0.606969309509564,
    "reward_std": 0.0,
    "ch4_avg": 1411.6952729244117,
    "ch4_std": 2.396728981215028e-13,
    "violation_rate": 0.0,
    "violation_rate_std": 0.0,
    "vfa_cvar95": 0.0,
    "vfa_worst_episode": 0.0,
    "overall_score": 0.8482432246494552,
    "score_worst": 0.8482432246494552,
    "score_cvar95": -0.8482432246494552,
    "terminated_rate": 0.0,
    "ph_mean": 7.2189591871477194,
    "vfa_max_mean": 0.1578111621954921,
    "n_episodes": 10
  },
  "raw": {
    "reward_mean": 0.606969309509564,
    "reward_std": 0.0,
    "ch4_avg": 1411.6952729244117,
    "ch4_std": 2.396728981215028e-13,
    "violation_rate": 0.0,
    "violation_rate_std": 0.0,
    "vfa_cvar95": 0.0,
    "vfa_worst_episode": 0.0,
    "overall_score": 0.8482432246494552,
    "score_worst": 0.8482432246494552,
    "score_cvar95": -0.8482432246494552,
    "terminated_rate": 0.0,
    "ph_mean": 7.2189591871477194,
    "vfa_max_mean": 0.1578111621954921,
    "n_episodes": 10
  }
}