{
  "record": {
    "obs_mode": "simple",
    "train_scenario": "nominal",
    "test_scenario": "cold_winter",
    "algo": "sac",
    "reward_config": "safety_first",
    "seed": 42,
    "reward_mean": 0.31728553149615746,
    "reward_std": 0.0,
    "ch4_avg": 670.8059954899938,
    "ch4_std": 0.0,
    "violation_rate": 0.0,
    "violation_rate_std": 0.0,
    "vfa_cvar95": 0.0,
    "vfa_worst_episode": 0.0,
    "overall_score": 0.6151771589853138,
    "score_worst": 0.6151771589853138,
    "score_cvar95": -0.6151771589853138,
    "terminated_rate": 0.0,
    "ph_mean": 7.228662994345261,
    "vfa_max_mean": 0.1523666366873661,
    "n_episodes": 10
  },
  "raw": {
    "reward_mean": 0.31728553149615746,
    "reward_std": 0.0,
    "ch4_avg": 670.8059954899938,
    "ch4_std": 0.0,
    "violation_rate": 0.0,
    "violation_rate_std": 0.0,
    "vfa_cvar95": 0.0,
    "vfa_worst_episode": 0.0,
    "overall_score": 0.6151771589853138,
    "score_worst": 0.6151771589853138,
    "score_cvar95": -0.6151771589853138,
    "terminated_rate": 0.0,
    "ph_mean": 7.228662994345261,
    "vfa_max_mean": 0.1523666366873661,
    "n_episodes": 10
  }
}