{
  "record": {
    "obs_mode": "simple",
    "train_scenario": "cold_winter",
    "test_scenario": "nominal",
    "algo": "sac",
    "reward_config": "safety_first",
    "seed": 123,
    "reward_mean": 0.40338192860179695,
    "reward_std": 0.0,
    "ch4_avg": 1063.1612061060969,
    "ch4_std": 0.0,
    "violation_rate": 0.0,
    "violation_rate_std": 0.0,
    "vfa_cvar95": 0.0,
    "vfa_worst_episode": 0.0,
    "overall_score": 0.7607049141251798,
    "score_worst": 0.7607049141251798,
    "score_cvar95": -0.7607049141251798,
    "terminated_rate": 0.0,
    "ph_mean": 7.18385024224786,
    "vfa_max_mean": 0.14347199326011043,
    "n_episodes": 10
  },
  "raw": {
    "reward_mean": 0.40338192860179695,
    "reward_std": 0.0,
    "ch4_avg": 1063.1612061060969,
    "ch4_std": 0.0,
    "violation_rate": 0.0,
    "violation_rate_std": 0.0,
    "vfa_cvar95": 0.0,
    "vfa_worst_episode": 0.0,
    "overall_score": 0.7607049141251798,
    "score_worst": 0.7607049141251798,
    "score_cvar95": -0.7607049141251798,
    "terminated_rate": 0.0,
    "ph_mean": 7.18385024224786,
    "vfa_max_mean": 0.14347199326011043,
    "n_episodes": 10
  }
}