{
  "record": {
    "obs_mode": "full",
    "train_scenario": "high_load",
    "test_scenario": "temperature_drop",
    "algo": "sac",
    "reward_config": "safety_first",
    "seed": 123,
    "reward_mean": 0.3703715556729364,
    "reward_std": 5.851389114294502e-17,
    "ch4_avg": 869.3749531261813,
    "ch4_std": 1.198364490607514e-13,
    "violation_rate": 0.0,
    "violation_rate_std": 0.0,
    "vfa_cvar95": 0.0,
    "vfa_worst_episode": 0.0,
    "overall_score": 0.7394928031000025,
    "score_worst": 0.7394928031000024,
    "score_cvar95": -0.7394928031000024,
    "terminated_rate": 0.0,
    "ph_mean": 7.185882287567909,
    "vfa_max_mean": 0.1331686950480451,
    "n_episodes": 10
  },
  "raw": {
    "reward_mean": 0.3703715556729364,
    "reward_std": 5.851389114294502e-17,
    "ch4_avg": 869.3749531261813,
    "ch4_std": 1.198364490607514e-13,
    "violation_rate": 0.0,
    "violation_rate_std": 0.0,
    "vfa_cvar95": 0.0,
    "vfa_worst_episode": 0.0,
    "overall_score": 0.7394928031000025,
    "score_worst": 0.7394928031000024,
    "score_cvar95": -0.7394928031000024,
    "terminated_rate": 0.0,
    "ph_mean": 7.185882287567909,
    "vfa_max_mean": 0.1331686950480451,
    "n_episodes": 10
  }
}