{
  "record": {
    "obs_mode": "full",
    "train_scenario": "cold_winter",
    "test_scenario": "shock_load",
    "algo": "sac",
    "reward_config": "safety_first",
    "seed": 789,
    "reward_mean": -1.058899744315934,
    "reward_std": 0.0,
    "ch4_avg": 944.4264406063816,
    "ch4_std": 0.0,
    "violation_rate": 0.9812434873219867,
    "violation_rate_std": 1.1702778228589004e-16,
    "vfa_cvar95": 0.9812434873219869,
    "vfa_worst_episode": 0.9812434873219869,
    "overall_score": 0.3450679612562132,
    "score_worst": 0.3450679612562132,
    "score_cvar95": -0.3450679612562132,
    "terminated_rate": 0.0,
    "ph_mean": 7.304731584644939,
    "vfa_max_mean": 0.13461822059533907,
    "n_episodes": 10
  },
  "raw": {
    "reward_mean": -1.058899744315934,
    "reward_std": 0.0,
    "ch4_avg": 944.4264406063816,
    "ch4_std": 0.0,
    "violation_rate": 0.9812434873219867,
    "violation_rate_std": 1.1702778228589004e-16,
    "vfa_cvar95": 0.9812434873219869,
    "vfa_worst_episode": 0.9812434873219869,
    "overall_score": 0.3450679612562132,
    "score_worst": 0.3450679612562132,
    "score_cvar95": -0.3450679612562132,
    "terminated_rate": 0.0,
    "ph_mean": 7.304731584644939,
    "vfa_max_mean": 0.13461822059533907,
    "n_episodes": 10
  }
}