{
  "record": {
    "obs_mode": "full",
    "train_scenario": "shock_load",
    "test_scenario": "nominal",
    "algo": "sac",
    "reward_config": "safety_first",
    "seed": 123,
    "reward_mean": 0.70992890063783,
    "reward_std": 0.0,
    "ch4_avg": 1658.707889621511,
    "ch4_std": 0.0,
    "violation_rate": 0.0,
    "violation_rate_std": 0.0,
    "vfa_cvar95": 0.0,
    "vfa_worst_episode": 0.0,
    "overall_score": 0.9193916328941117,
    "score_worst": 0.9193916328941119,
    "score_cvar95": -0.9193916328941119,
    "terminated_rate": 0.0,
    "ph_mean": 7.219640104073163,
    "vfa_max_mean": 0.17771494625734768,
    "n_episodes": 10
  },
  "raw": {
    "reward_mean": 0.70992890063783,
    "reward_std": 0.0,
    "ch4_avg": 1658.707889621511,
    "ch4_std": 0.0,
    "violation_rate": 0.0,
    "violation_rate_std": 0.0,
    "vfa_cvar95": 0.0,
    "vfa_worst_episode": 0.0,
    "overall_score": 0.9193916328941117,
    "score_worst": 0.9193916328941119,
    "score_cvar95": -0.9193916328941119,
    "terminated_rate": 0.0,
    "ph_mean": 7.219640104073163,
    "vfa_max_mean": 0.17771494625734768,
    "n_episodes": 10
  }
}