{
  "record": {
    "obs_mode": "simple",
    "train_scenario": "high_load",
    "test_scenario": "low_load",
    "algo": "sac",
    "reward_config": "safety_first",
    "seed": 123,
    "reward_mean": 0.5356630988130415,
    "reward_std": 1.1702778228589004e-16,
    "ch4_avg": 1356.0064901028766,
    "ch4_std": 0.0,
    "violation_rate": 0.0,
    "violation_rate_std": 0.0,
    "vfa_cvar95": 0.0,
    "vfa_worst_episode": 0.0,
    "overall_score": 0.8242340286964754,
    "score_worst": 0.8242340286964756,
    "score_cvar95": -0.8242340286964756,
    "terminated_rate": 0.0,
    "ph_mean": 7.129439726037374,
    "vfa_max_mean": 0.19443696497286053,
    "n_episodes": 10
  },
  "raw": {
    "reward_mean": 0.5356630988130415,
    "reward_std": 1.1702778228589004e-16,
    "ch4_avg": 1356.0064901028766,
    "ch4_std": 0.0,
    "violation_rate": 0.0,
    "violation_rate_std": 0.0,
    "vfa_cvar95": 0.0,
    "vfa_worst_episode": 0.0,
    "overall_score": 0.8242340286964754,
    "score_worst": 0.8242340286964756,
    "score_cvar95": -0.8242340286964756,
    "terminated_rate": 0.0,
    "ph_mean": 7.129439726037374,
    "vfa_max_mean": 0.19443696497286053,
    "n_episodes": 10
  }
}