{
  "record": {
    "obs_mode": "simple",
    "train_scenario": "temperature_drop",
    "test_scenario": "temperature_drop",
    "algo": "sac",
    "reward_config": "safety_first",
    "seed": 42,
    "reward_mean": 0.6822301382462659,
    "reward_std": 1.1702778228589004e-16,
    "ch4_avg": 1569.7229855373375,
    "ch4_std": 2.396728981215028e-13,
    "violation_rate": 0.0,
    "violation_rate_std": 0.0,
    "vfa_cvar95": 0.0,
    "vfa_worst_episode": 0.0,
    "overall_score": 0.8676833479845097,
    "score_worst": 0.8676833479845096,
    "score_cvar95": -0.8676833479845096,
    "terminated_rate": 0.0,
    "ph_mean": 7.21108248151926,
    "vfa_max_mean": 0.1985494008172828,
    "n_episodes": 10
  },
  "raw": {
    "reward_mean": 0.6822301382462659,
    "reward_std": 1.1702778228589004e-16,
    "ch4_avg": 1569.7229855373375,
    "ch4_std": 2.396728981215028e-13,
    "violation_rate": 0.0,
    "violation_rate_std": 0.0,
    "vfa_cvar95": 0.0,
    "vfa_worst_episode": 0.0,
    "overall_score": 0.8676833479845097,
    "score_worst": 0.8676833479845096,
    "score_cvar95": -0.8676833479845096,
    "terminated_rate": 0.0,
    "ph_mean": 7.21108248151926,
    "vfa_max_mean": 0.1985494008172828,
    "n_episodes": 10
  }
}