{
  "record": {
    "obs_mode": "full",
    "train_scenario": "cold_winter",
    "test_scenario": "shock_load",
    "algo": "sac",
    "reward_config": "safety_first",
    "seed": 1234,
    "reward_mean": 0.31458950965746546,
    "reward_std": 5.851389114294502e-17,
    "ch4_avg": 765.6744368598638,
    "ch4_std": 0.0,
    "violation_rate": 0.0,
    "violation_rate_std": 0.0,
    "vfa_cvar95": 0.0,
    "vfa_worst_episode": 0.0,
    "overall_score": 0.657569759200015,
    "score_worst": 0.6575697592000149,
    "score_cvar95": -0.6575697592000149,
    "terminated_rate": 0.0,
    "ph_mean": 7.204539563478027,
    "vfa_max_mean": 0.1331895005392026,
    "n_episodes": 10
  },
  "raw": {
    "reward_mean": 0.31458950965746546,
    "reward_std": 5.851389114294502e-17,
    "ch4_avg": 765.6744368598638,
    "ch4_std": 0.0,
    "violation_rate": 0.0,
    "violation_rate_std": 0.0,
    "vfa_cvar95": 0.0,
    "vfa_worst_episode": 0.0,
    "overall_score": 0.657569759200015,
    "score_worst": 0.6575697592000149,
    "score_cvar95": -0.6575697592000149,
    "terminated_rate": 0.0,
    "ph_mean": 7.204539563478027,
    "vfa_max_mean": 0.1331895005392026,
    "n_episodes": 10
  }
}