{
  "record": {
    "obs_mode": "full",
    "train_scenario": "cold_winter",
    "test_scenario": "shock_load",
    "algo": "sac",
    "reward_config": "safety_first",
    "seed": 456,
    "reward_mean": -0.21057528812844004,
    "reward_std": 0.0,
    "ch4_avg": 1957.92750065955,
    "ch4_std": 0.0,
    "violation_rate": 0.698853768669677,
    "violation_rate_std": 0.0,
    "vfa_cvar95": 0.698853768669677,
    "vfa_worst_episode": 0.698853768669677,
    "overall_score": 0.6914224804134185,
    "score_worst": 0.6914224804134185,
    "score_cvar95": -0.6914224804134185,
    "terminated_rate": 0.0,
    "ph_mean": 7.269334082056868,
    "vfa_max_mean": 0.21548127134082334,
    "n_episodes": 10
  },
  "raw": {
    "reward_mean": -0.21057528812844004,
    "reward_std": 0.0,
    "ch4_avg": 1957.92750065955,
    "ch4_std": 0.0,
    "violation_rate": 0.698853768669677,
    "violation_rate_std": 0.0,
    "vfa_cvar95": 0.698853768669677,
    "vfa_worst_episode": 0.698853768669677,
    "overall_score": 0.6914224804134185,
    "score_worst": 0.6914224804134185,
    "score_cvar95": -0.6914224804134185,
    "terminated_rate": 0.0,
    "ph_mean": 7.269334082056868,
    "vfa_max_mean": 0.21548127134082334,
    "n_episodes": 10
  }
}