{
  "record": {
    "obs_mode": "full",
    "train_scenario": "high_load",
    "test_scenario": "cold_winter",
    "algo": "sac",
    "reward_config": "safety_first",
    "seed": 456,
    "reward_mean": 0.1942330166560448,
    "reward_std": 2.925694557147251e-17,
    "ch4_avg": 416.63255871762505,
    "ch4_std": 5.99182245303757e-14,
    "violation_rate": 0.0,
    "violation_rate_std": 0.0,
    "vfa_cvar95": 0.0,
    "vfa_worst_episode": 0.0,
    "overall_score": 0.529081234035424,
    "score_worst": 0.5290812340354241,
    "score_cvar95": -0.5290812340354241,
    "terminated_rate": 0.0,
    "ph_mean": 7.188543303028721,
    "vfa_max_mean": 0.13320557084814527,
    "n_episodes": 10
  },
  "raw": {
    "reward_mean": 0.1942330166560448,
    "reward_std": 2.925694557147251e-17,
    "ch4_avg": 416.63255871762505,
    "ch4_std": 5.99182245303757e-14,
    "violation_rate": 0.0,
    "violation_rate_std": 0.0,
    "vfa_cvar95": 0.0,
    "vfa_worst_episode": 0.0,
    "overall_score": 0.529081234035424,
    "score_worst": 0.5290812340354241,
    "score_cvar95": -0.5290812340354241,
    "terminated_rate": 0.0,
    "ph_mean": 7.188543303028721,
    "vfa_max_mean": 0.13320557084814527,
    "n_episodes": 10
  }
}