{
  "record": {
    "obs_mode": "full",
    "train_scenario": "shock_load",
    "test_scenario": "temperature_drop",
    "algo": "sac",
    "reward_config": "safety_first",
    "seed": 789,
    "reward_mean": 0.7178143227131246,
    "reward_std": 0.0,
    "ch4_avg": 1671.4211104177273,
    "ch4_std": 2.396728981215028e-13,
    "violation_rate": 0.0,
    "violation_rate_std": 0.0,
    "vfa_cvar95": 0.0,
    "vfa_worst_episode": 0.0,
    "overall_score": 0.9078321247290939,
    "score_worst": 0.9078321247290939,
    "score_cvar95": -0.9078321247290939,
    "terminated_rate": 0.0,
    "ph_mean": 7.23349155264688,
    "vfa_max_mean": 0.18452700030085128,
    "n_episodes": 10
  },
  "raw": {
    "reward_mean": 0.7178143227131246,
    "reward_std": 0.0,
    "ch4_avg": 1671.4211104177273,
    "ch4_std": 2.396728981215028e-13,
    "violation_rate": 0.0,
    "violation_rate_std": 0.0,
    "vfa_cvar95": 0.0,
    "vfa_worst_episode": 0.0,
    "overall_score": 0.9078321247290939,
    "score_worst": 0.9078321247290939,
    "score_cvar95": -0.9078321247290939,
    "terminated_rate": 0.0,
    "ph_mean": 7.23349155264688,
    "vfa_max_mean": 0.18452700030085128,
    "n_episodes": 10
  }
}