{
  "record": {
    "obs_mode": "full",
    "train_scenario": "cold_winter",
    "test_scenario": "nominal",
    "algo": "sac",
    "reward_config": "safety_first",
    "seed": 1234,
    "reward_mean": 0.3121477773659146,
    "reward_std": 5.851389114294502e-17,
    "ch4_avg": 759.6967015856865,
    "ch4_std": 1.198364490607514e-13,
    "violation_rate": 0.0,
    "violation_rate_std": 0.0,
    "vfa_cvar95": 0.0,
    "vfa_worst_episode": 0.0,
    "overall_score": 0.6561213734622245,
    "score_worst": 0.6561213734622245,
    "score_cvar95": -0.6561213734622245,
    "terminated_rate": 0.0,
    "ph_mean": 7.205100617696422,
    "vfa_max_mean": 0.1331895005392026,
    "n_episodes": 10
  },
  "raw": {
    "reward_mean": 0.3121477773659146,
    "reward_std": 5.851389114294502e-17,
    "ch4_avg": 759.6967015856865,
    "ch4_std": 1.198364490607514e-13,
    "violation_rate": 0.0,
    "violation_rate_std": 0.0,
    "vfa_cvar95": 0.0,
    "vfa_worst_episode": 0.0,
    "overall_score": 0.6561213734622245,
    "score_worst": 0.6561213734622245,
    "score_cvar95": -0.6561213734622245,
    "terminated_rate": 0.0,
    "ph_mean": 7.205100617696422,
    "vfa_max_mean": 0.1331895005392026,
    "n_episodes": 10
  }
}