{
  "record": {
    "obs_mode": "simple",
    "train_scenario": "high_load",
    "test_scenario": "cold_winter",
    "algo": "sac",
    "reward_config": "safety_first",
    "seed": 1234,
    "reward_mean": -0.5811561466934292,
    "reward_std": 0.0,
    "ch4_avg": 1204.36046736844,
    "ch4_std": 2.396728981215028e-13,
    "violation_rate": 0.3622603430877901,
    "violation_rate_std": 0.0,
    "vfa_cvar95": 0.3622603430877901,
    "vfa_worst_episode": 0.3622603430877901,
    "overall_score": -0.32766968935420193,
    "score_worst": -0.32766968935420193,
    "score_cvar95": 0.32766968935420193,
    "terminated_rate": 1.0,
    "ph_mean": 7.149838449264733,
    "vfa_max_mean": 0.8007425605392212,
    "n_episodes": 10
  },
  "raw": {
    "reward_mean": -0.5811561466934292,
    "reward_std": 0.0,
    "ch4_avg": 1204.36046736844,
    "ch4_std": 2.396728981215028e-13,
    "violation_rate": 0.3622603430877901,
    "violation_rate_std": 0.0,
    "vfa_cvar95": 0.3622603430877901,
    "vfa_worst_episode": 0.3622603430877901,
    "overall_score": -0.32766968935420193,
    "score_worst": -0.32766968935420193,
    "score_cvar95": 0.32766968935420193,
    "terminated_rate": 1.0,
    "ph_mean": 7.149838449264733,
    "vfa_max_mean": 0.8007425605392212,
    "n_episodes": 10
  }
}