{
  "record": {
    "controller": "CascadedPID",
    "controller_type": "cascaded_pid",
    "scenario": "low_load",
    "seed": 42,
    "num_steps": 2880,
    "production_score": 0.6600700478730654,
    "safety_score": 1.0,
    "stability_score": 0.7734081858423896,
    "overall_score": 0.8187096563177042,
    "violation_rate": 0.0,
    "avg_ch4": 1320.1400957461308,
    "terminated_early": false
  },
  "full_metrics": {
    "episode_info": {
      "steps": 2879,
      "duration_days": 29.989583333333332,
      "terminated_early": false,
      "termination_step": null
    },
    "reward": {
      "total": 1680.5003566615064,
      "mean": 0.5837097452801342,
      "std": 0.1522479195288897,
      "min": -0.8719241396296962,
      "max": 0.8184965527981163,
      "median": 0.6153589667086813
    },
    "production": {
      "total_ch4_m3": 39590.45141305323,
      "avg_ch4_flow": 1320.1400957461308,
      "std_ch4_flow": 299.1329392373173,
      "min_ch4_flow": 462.5680256854908,
      "max_ch4_flow": 1778.3155388044524,
      "volumetric_productivity": 0.388276498748862
    },
    "safety": {
      "total_violations": 0,
      "steps_with_violation": 0,
      "violation_rate": 0.0,
      "ph_violation_count": 0,
      "vfa_violation_count": 0,
      "nh3_violation_count": 0,
      "ph_max_magnitude": 0.0,
      "vfa_max_magnitude": 0.0,
      "nh3_max_magnitude": 0.0,
      "ph_max_duration": 0,
      "vfa_max_duration": 0,
      "nh3_max_duration": 0,
      "ph_mean": 7.220488154091677,
      "ph_std": 0.033932477578757746,
      "ph_min": 7.168294776481636,
      "ph_max": 7.266230105754342,
      "vfa_mean": 0.11051145902435269,
      "vfa_max": 0.15560654478436292,
      "nh3_mean": 0.0015704575073558992,
      "nh3_max": 0.001911550531245974
    },
    "stability": {
      "ch4_volatility": 5.396486988344652,
      "ph_volatility": 0.00019397961660913755,
      "vfa_volatility": 0.0006219753695528141,
      "ch4_coefficient_of_variation": 0.22659181415761043
    },
    "control": {
      "q_ad_mean": 178.0,
      "q_ad_std": 0.0,
      "q_ad_min": 178.0,
      "q_ad_max": 178.0,
      "q_ad_effort": 0.0,
      "feed_mult_mean": 1.261825113877856,
      "feed_mult_std": 0.08711669171238069,
      "feed_mult_effort": 0.0013428509773853506
    },
    "economics": {
      "ch4_energy_kwh": 395904.51413053233,
      "pump_energy_kwh": 719.75,
      "net_energy_kwh": 395184.76413053233,
      "energy_efficiency_ratio": 550.0583732275545
    },
    "summary": {
      "production_score": 0.6600700478730654,
      "safety_score": 1.0,
      "stability_score": 0.7734081858423896,
      "overall_score": 0.8187096563177042
    }
  }
}