{
  "record": {
    "controller": "CascadedPID",
    "controller_type": "cascaded_pid",
    "scenario": "high_load",
    "seed": 42,
    "num_steps": 2880,
    "production_score": 0.91906504759936,
    "safety_score": 0.0715526224383467,
    "stability_score": 0.8345765994782408,
    "overall_score": 0.5631623879107308,
    "violation_rate": 0.9284473775616533,
    "avg_ch4": 1838.13009519872,
    "terminated_early": false
  },
  "full_metrics": {
    "episode_info": {
      "steps": 2879,
      "duration_days": 29.989583333333332,
      "terminated_early": false,
      "termination_step": null
    },
    "reward": {
      "total": 2406.543203253721,
      "mean": 0.8358955204076836,
      "std": 0.15407900556016194,
      "min": -0.8720572503684088,
      "max": 1.1593408162697638,
      "median": 0.8402113991699959
    },
    "production": {
      "total_ch4_m3": 55124.755667469944,
      "avg_ch4_flow": 1838.13009519872,
      "std_ch4_flow": 304.0697309491572,
      "min_ch4_flow": 814.6624758021425,
      "max_ch4_flow": 2479.015160831591,
      "volumetric_productivity": 0.5406264985878588
    },
    "safety": {
      "total_violations": 3260,
      "steps_with_violation": 2673,
      "violation_rate": 0.9284473775616533,
      "ph_violation_count": 0,
      "vfa_violation_count": 668,
      "nh3_violation_count": 2592,
      "ph_max_magnitude": 0.0,
      "vfa_max_magnitude": 0.06429225036299402,
      "nh3_max_magnitude": 0.0009454045557322145,
      "ph_max_duration": 0,
      "vfa_max_duration": 60,
      "nh3_max_duration": 2505,
      "ph_mean": 7.290986890588115,
      "ph_std": 0.02005343826561298,
      "ph_min": 7.24321818424244,
      "ph_max": 7.33168663942956,
      "vfa_mean": 0.16534168046629077,
      "vfa_max": 0.26429225036299403,
      "nh3_mean": 0.0024341580633440445,
      "nh3_max": 0.0029454045557322146
    },
    "stability": {
      "ch4_volatility": 11.68091338348183,
      "ph_volatility": 0.0004955934399957955,
      "vfa_volatility": 0.0016817393411301068,
      "ch4_coefficient_of_variation": 0.1654234005217592
    },
    "control": {
      "q_ad_mean": 178.0,
      "q_ad_std": 0.0,
      "q_ad_min": 178.0,
      "q_ad_max": 178.0,
      "q_ad_effort": 0.0,
      "feed_mult_mean": 0.9949435730533659,
      "feed_mult_std": 0.2494505551115026,
      "feed_mult_effort": 0.007401297612683984
    },
    "economics": {
      "ch4_energy_kwh": 551247.5566746994,
      "pump_energy_kwh": 719.75,
      "net_energy_kwh": 550527.8066746994,
      "energy_efficiency_ratio": 765.8875396661333
    },
    "summary": {
      "production_score": 0.91906504759936,
      "safety_score": 0.0715526224383467,
      "stability_score": 0.8345765994782408,
      "overall_score": 0.5631623879107308
    }
  }
}