{
  "record": {
    "controller": "CascadedPID",
    "controller_type": "cascaded_pid",
    "scenario": "shock_load",
    "seed": 42,
    "num_steps": 2880,
    "production_score": 0.8824379275273095,
    "safety_score": 0.08475164987842998,
    "stability_score": 0.7895508352098367,
    "overall_score": 0.5447859980042632,
    "violation_rate": 0.91524835012157,
    "avg_ch4": 1764.875855054619,
    "terminated_early": false
  },
  "full_metrics": {
    "episode_info": {
      "steps": 2879,
      "duration_days": 29.989583333333332,
      "terminated_early": false,
      "termination_step": null
    },
    "reward": {
      "total": 2308.7295227941595,
      "mean": 0.8019206400813336,
      "std": 0.18762711147467012,
      "min": -0.8719907096788408,
      "max": 1.1253945416458826,
      "median": 0.8371957770530257
    },
    "production": {
      "total_ch4_m3": 52927.891528148415,
      "avg_ch4_flow": 1764.875855054619,
      "std_ch4_flow": 371.4166496545699,
      "min_ch4_flow": 632.4518464732371,
      "max_ch4_flow": 2401.917341758539,
      "volumetric_productivity": 0.5190811338395939
    },
    "safety": {
      "total_violations": 3038,
      "steps_with_violation": 2635,
      "violation_rate": 0.91524835012157,
      "ph_violation_count": 0,
      "vfa_violation_count": 479,
      "nh3_violation_count": 2559,
      "ph_max_magnitude": 0.0,
      "vfa_max_magnitude": 0.03810488123959199,
      "nh3_max_magnitude": 0.0006516477849114076,
      "ph_max_duration": 0,
      "vfa_max_duration": 61,
      "nh3_max_duration": 1452,
      "ph_mean": 7.279101988774422,
      "ph_std": 0.016188035071665545,
      "ph_min": 7.239210300303231,
      "ph_max": 7.31517140651942,
      "vfa_mean": 0.15515695188615808,
      "vfa_max": 0.238104881239592,
      "nh3_mean": 0.0022488563749259714,
      "nh3_max": 0.0026516477849114076
    },
    "stability": {
      "ch4_volatility": 9.403584314264272,
      "ph_volatility": 0.0003861954135393145,
      "vfa_volatility": 0.001276623483058076,
      "ch4_coefficient_of_variation": 0.2104491647901633
    },
    "control": {
      "q_ad_mean": 178.0,
      "q_ad_std": 0.0,
      "q_ad_min": 178.0,
      "q_ad_max": 178.0,
      "q_ad_effort": 0.0,
      "feed_mult_mean": 1.2003814751342503,
      "feed_mult_std": 0.15809851448344758,
      "feed_mult_effort": 0.005147213526613767
    },
    "economics": {
      "ch4_energy_kwh": 529278.9152814841,
      "pump_energy_kwh": 719.75,
      "net_energy_kwh": 528559.1652814841,
      "energy_efficiency_ratio": 735.3649396060912
    },
    "summary": {
      "production_score": 0.8824379275273095,
      "safety_score": 0.08475164987842998,
      "stability_score": 0.7895508352098367,
      "overall_score": 0.5447859980042632
    }
  }
}