{
  "record": {
    "controller": "Constant",
    "controller_type": "constant",
    "scenario": "temperature_drop",
    "seed": 42,
    "num_steps": 2880,
    "production_score": 0.7452464186449493,
    "safety_score": 0.8388329281000347,
    "stability_score": 0.7686745736497975,
    "overall_score": 0.7873666534279532,
    "violation_rate": 0.16116707189996526,
    "avg_ch4": 1490.4928372898987,
    "terminated_early": false
  },
  "full_metrics": {
    "episode_info": {
      "steps": 2879,
      "duration_days": 29.989583333333332,
      "terminated_early": false,
      "termination_step": null
    },
    "reward": {
      "total": 1925.43024208876,
      "mean": 0.6687843841919973,
      "std": 0.1753429951148196,
      "min": -0.8719809538196909,
      "max": 0.8991055426203762,
      "median": 0.7244943202786475
    },
    "production": {
      "total_ch4_m3": 44699.25915164186,
      "avg_ch4_flow": 1490.4928372898987,
      "std_ch4_flow": 344.78889105800874,
      "min_ch4_flow": 501.78675588302804,
      "max_ch4_flow": 1939.5712239709267,
      "volumetric_productivity": 0.438380246261735
    },
    "safety": {
      "total_violations": 464,
      "steps_with_violation": 464,
      "violation_rate": 0.16116707189996526,
      "ph_violation_count": 0,
      "vfa_violation_count": 0,
      "nh3_violation_count": 464,
      "ph_max_magnitude": 0.0,
      "vfa_max_magnitude": 0.0,
      "nh3_max_magnitude": 9.509240704811892e-05,
      "ph_max_duration": 0,
      "vfa_max_duration": 0,
      "nh3_max_duration": 329,
      "ph_mean": 7.241580002208985,
      "ph_std": 0.023813547122418087,
      "ph_min": 7.1967228615765135,
      "ph_max": 7.277134014506859,
      "vfa_mean": 0.1253084300974826,
      "vfa_max": 0.17850621354431986,
      "nh3_mean": 0.0017722339058592654,
      "nh3_max": 0.002095092407048119
    },
    "stability": {
      "ch4_volatility": 5.498199005648975,
      "ph_volatility": 0.00020389775647623886,
      "vfa_volatility": 0.0006348034128120784,
      "ch4_coefficient_of_variation": 0.23132542635020245
    },
    "control": {
      "q_ad_mean": 178.0,
      "q_ad_std": 0.0,
      "q_ad_min": 178.0,
      "q_ad_max": 178.0,
      "q_ad_effort": 0.0,
      "feed_mult_mean": 1.0,
      "feed_mult_std": 0.0,
      "feed_mult_effort": 0.0
    },
    "economics": {
      "ch4_energy_kwh": 446992.5915164186,
      "pump_energy_kwh": 719.75,
      "net_energy_kwh": 446272.8415164186,
      "energy_efficiency_ratio": 621.0386822041245
    },
    "summary": {
      "production_score": 0.7452464186449493,
      "safety_score": 0.8388329281000347,
      "stability_score": 0.7686745736497975,
      "overall_score": 0.7873666534279532
    }
  }
}