{
  "record": {
    "controller": "Constant",
    "controller_type": "constant",
    "scenario": "nominal",
    "seed": 42,
    "num_steps": 2880,
    "production_score": 0.7452696167584532,
    "safety_score": 0.8388329281000347,
    "stability_score": 0.7686823462604868,
    "overall_score": 0.7873774871954925,
    "violation_rate": 0.16116707189996526,
    "avg_ch4": 1490.5392335169063,
    "terminated_early": false
  },
  "full_metrics": {
    "episode_info": {
      "steps": 2879,
      "duration_days": 29.989583333333332,
      "terminated_early": false,
      "termination_step": null
    },
    "reward": {
      "total": 1925.4923550209896,
      "mean": 0.6688059586734941,
      "std": 0.1753429222824124,
      "min": -0.8719809538196909,
      "max": 0.8991055426203762,
      "median": 0.7245346594385494
    },
    "production": {
      "total_ch4_m3": 44700.65055515805,
      "avg_ch4_flow": 1490.5392335169063,
      "std_ch4_flow": 344.78803830382304,
      "min_ch4_flow": 501.7711397610041,
      "max_ch4_flow": 1939.5712239709267,
      "volumetric_productivity": 0.43839389221085473
    },
    "safety": {
      "total_violations": 464,
      "steps_with_violation": 464,
      "violation_rate": 0.16116707189996526,
      "ph_violation_count": 0,
      "vfa_violation_count": 0,
      "nh3_violation_count": 464,
      "ph_max_magnitude": 0.0,
      "vfa_max_magnitude": 0.0,
      "nh3_max_magnitude": 9.509240704811892e-05,
      "ph_max_duration": 0,
      "vfa_max_duration": 0,
      "nh3_max_duration": 329,
      "ph_mean": 7.241616234289418,
      "ph_std": 0.02377281535277126,
      "ph_min": 7.196827842964508,
      "ph_max": 7.277130407983327,
      "vfa_mean": 0.12529808219339103,
      "vfa_max": 0.17847270154292877,
      "nh3_mean": 0.001773093236155094,
      "nh3_max": 0.002095092407048119
    },
    "stability": {
      "ch4_volatility": 5.499823194903437,
      "ph_volatility": 0.0002039374765383355,
      "vfa_volatility": 0.0006349025620627126,
      "ch4_coefficient_of_variation": 0.23131765373951313
    },
    "control": {
      "q_ad_mean": 178.0,
      "q_ad_std": 0.0,
      "q_ad_min": 178.0,
      "q_ad_max": 178.0,
      "q_ad_effort": 0.0,
      "feed_mult_mean": 1.0,
      "feed_mult_std": 0.0,
      "feed_mult_effort": 0.0
    },
    "economics": {
      "ch4_energy_kwh": 447006.50555158046,
      "pump_energy_kwh": 719.75,
      "net_energy_kwh": 446286.75555158046,
      "energy_efficiency_ratio": 621.0580139653775
    },
    "summary": {
      "production_score": 0.7452696167584532,
      "safety_score": 0.8388329281000347,
      "stability_score": 0.7686823462604868,
      "overall_score": 0.7873774871954925
    }
  }
}