{
  "record": {
    "controller": "Constant",
    "controller_type": "constant",
    "scenario": "cold_winter",
    "seed": 42,
    "num_steps": 2880,
    "production_score": 0.6098470063223007,
    "safety_score": 0.6417364016736402,
    "stability_score": 0.6394655195335153,
    "overall_score": -0.3714735328949206,
    "violation_rate": 0.35826359832635984,
    "avg_ch4": 1219.6940126446013,
    "terminated_early": true
  },
  "full_metrics": {
    "episode_info": {
      "steps": 1912,
      "duration_days": 19.916666666666664,
      "terminated_early": true,
      "termination_step": 1911
    },
    "reward": {
      "total": 959.4065265940194,
      "mean": 0.5017816561684202,
      "std": 0.29417128263522746,
      "min": -0.8708513543698212,
      "max": 0.8401567080805659,
      "median": 0.5959019281779366
    },
    "production": {
      "total_ch4_m3": 24292.23908517164,
      "avg_ch4_flow": 1219.6940126446013,
      "std_ch4_flow": 439.7417471769034,
      "min_ch4_flow": 521.5529529780457,
      "max_ch4_flow": 1821.1582414411123,
      "volumetric_productivity": 0.3587335331307651
    },
    "safety": {
      "total_violations": 685,
      "steps_with_violation": 685,
      "violation_rate": 0.35826359832635984,
      "ph_violation_count": 0,
      "vfa_violation_count": 685,
      "nh3_violation_count": 0,
      "ph_max_magnitude": 0.0,
      "vfa_max_magnitude": 0.6029559402859097,
      "nh3_max_magnitude": 0.0,
      "ph_max_duration": 0,
      "vfa_max_duration": 232,
      "nh3_max_duration": 0,
      "ph_mean": 7.148065183711566,
      "ph_std": 0.08936848139703288,
      "ph_min": 6.879195132351579,
      "ph_max": 7.26355785864458,
      "vfa_mean": 0.21305402970688248,
      "vfa_max": 0.8029559402859097,
      "nh3_mean": 0.001069648098487034,
      "nh3_max": 0.001883325241871465
    },
    "stability": {
      "ch4_volatility": 3.0398577937498015,
      "ph_volatility": 0.0002972297112724149,
      "vfa_volatility": 0.000920815861929311,
      "ch4_coefficient_of_variation": 0.36053448046648473
    },
    "control": {
      "q_ad_mean": 178.0,
      "q_ad_std": 0.0,
      "q_ad_min": 178.0,
      "q_ad_max": 178.0,
      "q_ad_effort": 0.0,
      "feed_mult_mean": 1.0,
      "feed_mult_std": 0.0,
      "feed_mult_effort": 0.0
    },
    "economics": {
      "ch4_energy_kwh": 242922.3908517164,
      "pump_energy_kwh": 477.99999999999994,
      "net_energy_kwh": 242444.3908517164,
      "energy_efficiency_ratio": 508.2058386019172
    },
    "summary": {
      "production_score": 0.6098470063223007,
      "safety_score": 0.6417364016736402,
      "stability_score": 0.6394655195335153,
      "overall_score": -0.3714735328949206
    }
  }
}