{
  "record": {
    "obs_mode": "simple",
    "train_scenario": "nominal_high_load_shock_load_low_load_temperature_drop_cold_winter",
    "test_scenario": "nominal",
    "algo": "sac",
    "reward_config": "safety_first",
    "seed": 1234,
    "reward_mean": 0.7055363914504607,
    "reward_std": 0.0,
    "ch4_avg": 1653.3812220999284,
    "ch4_std": 2.396728981215028e-13,
    "violation_rate": 0.0,
    "violation_rate_std": 0.0,
    "vfa_cvar95": 0.0,
    "vfa_worst_episode": 0.0,
    "overall_score": 0.9172532044797699,
    "score_worst": 0.9172532044797698,
    "score_cvar95": -0.9172532044797698,
    "terminated_rate": 0.0,
    "ph_mean": 7.225350928598497,
    "vfa_max_mean": 0.18757516408751734,
    "n_episodes": 10
  },
  "raw": {
    "reward_mean": 0.7055363914504607,
    "reward_std": 0.0,
    "ch4_avg": 1653.3812220999284,
    "ch4_std": 2.396728981215028e-13,
    "violation_rate": 0.0,
    "violation_rate_std": 0.0,
    "vfa_cvar95": 0.0,
    "vfa_worst_episode": 0.0,
    "overall_score": 0.9172532044797699,
    "score_worst": 0.9172532044797698,
    "score_cvar95": -0.9172532044797698,
    "terminated_rate": 0.0,
    "ph_mean": 7.225350928598497,
    "vfa_max_mean": 0.18757516408751734,
    "n_episodes": 10
  }
}