{
  "record": {
    "obs_mode": "full",
    "train_scenario": "nominal_high_load_shock_load_low_load_temperature_drop_cold_winter",
    "test_scenario": "temperature_drop",
    "algo": "sac",
    "reward_config": "safety_first",
    "seed": 1234,
    "reward_mean": 0.7943943203175243,
    "reward_std": 1.1702778228589004e-16,
    "ch4_avg": 1900.0827950538412,
    "ch4_std": 0.0,
    "violation_rate": 0.003126085446335533,
    "violation_rate_std": 0.0,
    "vfa_cvar95": 0.003126085446335533,
    "vfa_worst_episode": 0.003126085446335533,
    "overall_score": 0.9560489916286737,
    "score_worst": 0.9560489916286738,
    "score_cvar95": -0.9560489916286738,
    "terminated_rate": 0.0,
    "ph_mean": 7.222489755436845,
    "vfa_max_mean": 0.206577408866564,
    "n_episodes": 10
  },
  "raw": {
    "reward_mean": 0.7943943203175243,
    "reward_std": 1.1702778228589004e-16,
    "ch4_avg": 1900.0827950538412,
    "ch4_std": 0.0,
    "violation_rate": 0.003126085446335533,
    "violation_rate_std": 0.0,
    "vfa_cvar95": 0.003126085446335533,
    "vfa_worst_episode": 0.003126085446335533,
    "overall_score": 0.9560489916286737,
    "score_worst": 0.9560489916286738,
    "score_cvar95": -0.9560489916286738,
    "terminated_rate": 0.0,
    "ph_mean": 7.222489755436845,
    "vfa_max_mean": 0.206577408866564,
    "n_episodes": 10
  }
}