{
  "record": {
    "obs_mode": "full",
    "train_scenario": "nominal_high_load_shock_load_low_load_temperature_drop_cold_winter",
    "test_scenario": "high_load",
    "algo": "sac",
    "reward_config": "safety_first",
    "seed": 456,
    "reward_mean": 0.4427221689105766,
    "reward_std": 5.851389114294502e-17,
    "ch4_avg": 1948.0467722361489,
    "ch4_std": 0.0,
    "violation_rate": 0.2705800625217089,
    "violation_rate_std": 0.0,
    "vfa_cvar95": 0.2705800625217089,
    "vfa_worst_episode": 0.2705800625217089,
    "overall_score": 0.8674948229796036,
    "score_worst": 0.8674948229796036,
    "score_cvar95": -0.8674948229796036,
    "terminated_rate": 0.0,
    "ph_mean": 7.252115102100463,
    "vfa_max_mean": 0.1967596900448388,
    "n_episodes": 10
  },
  "raw": {
    "reward_mean": 0.4427221689105766,
    "reward_std": 5.851389114294502e-17,
    "ch4_avg": 1948.0467722361489,
    "ch4_std": 0.0,
    "violation_rate": 0.2705800625217089,
    "violation_rate_std": 0.0,
    "vfa_cvar95": 0.2705800625217089,
    "vfa_worst_episode": 0.2705800625217089,
    "overall_score": 0.8674948229796036,
    "score_worst": 0.8674948229796036,
    "score_cvar95": -0.8674948229796036,
    "terminated_rate": 0.0,
    "ph_mean": 7.252115102100463,
    "vfa_max_mean": 0.1967596900448388,
    "n_episodes": 10
  }
}