{
  "record": {
    "obs_mode": "full",
    "train_scenario": "nominal_high_load_shock_load_low_load_temperature_drop_cold_winter",
    "test_scenario": "high_load",
    "algo": "sac",
    "reward_config": "safety_first",
    "seed": 123,
    "reward_mean": 0.3949659076182657,
    "reward_std": 5.851389114294502e-17,
    "ch4_avg": 1747.6191684683195,
    "ch4_std": 0.0,
    "violation_rate": 0.2295936088919764,
    "violation_rate_std": 0.0,
    "vfa_cvar95": 0.2295936088919764,
    "vfa_worst_episode": 0.2295936088919764,
    "overall_score": 0.8435254298822088,
    "score_worst": 0.8435254298822087,
    "score_cvar95": -0.8435254298822087,
    "terminated_rate": 0.0,
    "ph_mean": 7.248683214483707,
    "vfa_max_mean": 0.18771736420580104,
    "n_episodes": 10
  },
  "raw": {
    "reward_mean": 0.3949659076182657,
    "reward_std": 5.851389114294502e-17,
    "ch4_avg": 1747.6191684683195,
    "ch4_std": 0.0,
    "violation_rate": 0.2295936088919764,
    "violation_rate_std": 0.0,
    "vfa_cvar95": 0.2295936088919764,
    "vfa_worst_episode": 0.2295936088919764,
    "overall_score": 0.8435254298822088,
    "score_worst": 0.8435254298822087,
    "score_cvar95": -0.8435254298822087,
    "terminated_rate": 0.0,
    "ph_mean": 7.248683214483707,
    "vfa_max_mean": 0.18771736420580104,
    "n_episodes": 10
  }
}