{
  "record": {
    "obs_mode": "simple",
    "train_scenario": "nominal_high_load_shock_load_low_load_temperature_drop_cold_winter",
    "test_scenario": "low_load",
    "algo": "sac",
    "reward_config": "safety_first",
    "seed": 123,
    "reward_mean": 0.45205268118854214,
    "reward_std": 0.0,
    "ch4_avg": 1079.570440103847,
    "ch4_std": 0.0,
    "violation_rate": 0.0,
    "violation_rate_std": 0.0,
    "vfa_cvar95": 0.0,
    "vfa_worst_episode": 0.0,
    "overall_score": 0.6951769647179356,
    "score_worst": 0.6951769647179354,
    "score_cvar95": -0.6951769647179354,
    "terminated_rate": 0.0,
    "ph_mean": 7.1829927771353805,
    "vfa_max_mean": 0.18225435425233893,
    "n_episodes": 10
  },
  "raw": {
    "reward_mean": 0.45205268118854214,
    "reward_std": 0.0,
    "ch4_avg": 1079.570440103847,
    "ch4_std": 0.0,
    "violation_rate": 0.0,
    "violation_rate_std": 0.0,
    "vfa_cvar95": 0.0,
    "vfa_worst_episode": 0.0,
    "overall_score": 0.6951769647179356,
    "score_worst": 0.6951769647179354,
    "score_cvar95": -0.6951769647179354,
    "terminated_rate": 0.0,
    "ph_mean": 7.1829927771353805,
    "vfa_max_mean": 0.18225435425233893,
    "n_episodes": 10
  }
}