{
  "record": {
    "obs_mode": "simple",
    "train_scenario": "nominal_high_load_shock_load_low_load_temperature_drop_cold_winter",
    "test_scenario": "high_load",
    "algo": "sac",
    "reward_config": "safety_first",
    "seed": 789,
    "reward_mean": 0.29876027794175675,
    "reward_std": 0.0,
    "ch4_avg": 1979.8059887296909,
    "ch4_std": 2.396728981215028e-13,
    "violation_rate": 0.36748871135811045,
    "violation_rate_std": 0.0,
    "vfa_cvar95": 0.36748871135811045,
    "vfa_worst_episode": 0.36748871135811045,
    "overall_score": 0.8362343665048932,
    "score_worst": 0.8362343665048932,
    "score_cvar95": -0.8362343665048932,
    "terminated_rate": 0.0,
    "ph_mean": 7.2483041308630956,
    "vfa_max_mean": 0.21890321781421948,
    "n_episodes": 10
  },
  "raw": {
    "reward_mean": 0.29876027794175675,
    "reward_std": 0.0,
    "ch4_avg": 1979.8059887296909,
    "ch4_std": 2.396728981215028e-13,
    "violation_rate": 0.36748871135811045,
    "violation_rate_std": 0.0,
    "vfa_cvar95": 0.36748871135811045,
    "vfa_worst_episode": 0.36748871135811045,
    "overall_score": 0.8362343665048932,
    "score_worst": 0.8362343665048932,
    "score_cvar95": -0.8362343665048932,
    "terminated_rate": 0.0,
    "ph_mean": 7.2483041308630956,
    "vfa_max_mean": 0.21890321781421948,
    "n_episodes": 10
  }
}