{
  "record": {
    "obs_mode": "full",
    "train_scenario": "nominal_high_load_shock_load_low_load_temperature_drop_cold_winter",
    "test_scenario": "temperature_drop",
    "algo": "sac",
    "reward_config": "safety_first",
    "seed": 42,
    "reward_mean": 0.7134944524436919,
    "reward_std": 0.0,
    "ch4_avg": 1650.9134434226748,
    "ch4_std": 0.0,
    "violation_rate": 0.0,
    "violation_rate_std": 0.0,
    "vfa_cvar95": 0.0,
    "vfa_worst_episode": 0.0,
    "overall_score": 0.9034798857447616,
    "score_worst": 0.9034798857447616,
    "score_cvar95": -0.9034798857447616,
    "terminated_rate": 0.0,
    "ph_mean": 7.222177212496992,
    "vfa_max_mean": 0.17541597154997782,
    "n_episodes": 10
  },
  "raw": {
    "reward_mean": 0.7134944524436919,
    "reward_std": 0.0,
    "ch4_avg": 1650.9134434226748,
    "ch4_std": 0.0,
    "violation_rate": 0.0,
    "violation_rate_std": 0.0,
    "vfa_cvar95": 0.0,
    "vfa_worst_episode": 0.0,
    "overall_score": 0.9034798857447616,
    "score_worst": 0.9034798857447616,
    "score_cvar95": -0.9034798857447616,
    "terminated_rate": 0.0,
    "ph_mean": 7.222177212496992,
    "vfa_max_mean": 0.17541597154997782,
    "n_episodes": 10
  }
}