{
  "record": {
    "obs_mode": "simple",
    "train_scenario": "nominal_high_load_shock_load_low_load_temperature_drop_cold_winter",
    "test_scenario": "cold_winter",
    "algo": "sac",
    "reward_config": "safety_first",
    "seed": 789,
    "reward_mean": 0.3583809467724386,
    "reward_std": 0.0,
    "ch4_avg": 781.5917054212234,
    "ch4_std": 1.198364490607514e-13,
    "violation_rate": 0.005904828065300452,
    "violation_rate_std": 0.0,
    "vfa_cvar95": 0.005904828065300452,
    "vfa_worst_episode": 0.005904828065300452,
    "overall_score": 0.6284112293943486,
    "score_worst": 0.6284112293943486,
    "score_cvar95": -0.6284112293943486,
    "terminated_rate": 0.0,
    "ph_mean": 7.230838206135293,
    "vfa_max_mean": 0.20792174693956206,
    "n_episodes": 10
  },
  "raw": {
    "reward_mean": 0.3583809467724386,
    "reward_std": 0.0,
    "ch4_avg": 781.5917054212234,
    "ch4_std": 1.198364490607514e-13,
    "violation_rate": 0.005904828065300452,
    "violation_rate_std": 0.0,
    "vfa_cvar95": 0.005904828065300452,
    "vfa_worst_episode": 0.005904828065300452,
    "overall_score": 0.6284112293943486,
    "score_worst": 0.6284112293943486,
    "score_cvar95": -0.6284112293943486,
    "terminated_rate": 0.0,
    "ph_mean": 7.230838206135293,
    "vfa_max_mean": 0.20792174693956206,
    "n_episodes": 10
  }
}