{
  "record": {
    "obs_mode": "full",
    "train_scenario": "nominal_high_load_shock_load_low_load_temperature_drop_cold_winter",
    "test_scenario": "low_load",
    "algo": "sac",
    "reward_config": "safety_first",
    "seed": 456,
    "reward_mean": 0.49156531375271395,
    "reward_std": 5.851389114294502e-17,
    "ch4_avg": 1162.6164583063821,
    "ch4_std": 0.0,
    "violation_rate": 0.0,
    "violation_rate_std": 0.0,
    "vfa_cvar95": 0.0,
    "vfa_worst_episode": 0.0,
    "overall_score": 0.7456203121634314,
    "score_worst": 0.7456203121634313,
    "score_cvar95": -0.7456203121634313,
    "terminated_rate": 0.0,
    "ph_mean": 7.193968837411957,
    "vfa_max_mean": 0.17062101923839815,
    "n_episodes": 10
  },
  "raw": {
    "reward_mean": 0.49156531375271395,
    "reward_std": 5.851389114294502e-17,
    "ch4_avg": 1162.6164583063821,
    "ch4_std": 0.0,
    "violation_rate": 0.0,
    "violation_rate_std": 0.0,
    "vfa_cvar95": 0.0,
    "vfa_worst_episode": 0.0,
    "overall_score": 0.7456203121634314,
    "score_worst": 0.7456203121634313,
    "score_cvar95": -0.7456203121634313,
    "terminated_rate": 0.0,
    "ph_mean": 7.193968837411957,
    "vfa_max_mean": 0.17062101923839815,
    "n_episodes": 10
  }
}