{
  "record": {
    "obs_mode": "full",
    "train_scenario": "nominal_high_load_shock_load_low_load_temperature_drop_cold_winter",
    "test_scenario": "shock_load",
    "algo": "sac",
    "reward_config": "safety_first",
    "seed": 123,
    "reward_mean": 0.7172869375960635,
    "reward_std": 0.0,
    "ch4_avg": 1708.2923800511367,
    "ch4_std": 2.396728981215028e-13,
    "violation_rate": 0.0,
    "violation_rate_std": 0.0,
    "vfa_cvar95": 0.0,
    "vfa_worst_episode": 0.0,
    "overall_score": 0.9266353767753891,
    "score_worst": 0.9266353767753891,
    "score_cvar95": -0.9266353767753891,
    "terminated_rate": 0.0,
    "ph_mean": 7.224423887726404,
    "vfa_max_mean": 0.18040002854746237,
    "n_episodes": 10
  },
  "raw": {
    "reward_mean": 0.7172869375960635,
    "reward_std": 0.0,
    "ch4_avg": 1708.2923800511367,
    "ch4_std": 2.396728981215028e-13,
    "violation_rate": 0.0,
    "violation_rate_std": 0.0,
    "vfa_cvar95": 0.0,
    "vfa_worst_episode": 0.0,
    "overall_score": 0.9266353767753891,
    "score_worst": 0.9266353767753891,
    "score_cvar95": -0.9266353767753891,
    "terminated_rate": 0.0,
    "ph_mean": 7.224423887726404,
    "vfa_max_mean": 0.18040002854746237,
    "n_episodes": 10
  }
}