{
  "record": {
    "obs_mode": "full",
    "train_scenario": "nominal_high_load_shock_load_low_load_temperature_drop_cold_winter",
    "test_scenario": "nominal",
    "algo": "sac",
    "reward_config": "safety_first",
    "seed": 456,
    "reward_mean": 0.7654041029410472,
    "reward_std": 1.1702778228589004e-16,
    "ch4_avg": 1763.6071533956042,
    "ch4_std": 0.0,
    "violation_rate": 0.0,
    "violation_rate_std": 0.0,
    "vfa_cvar95": 0.0,
    "vfa_worst_episode": 0.0,
    "overall_score": 0.9205324746994897,
    "score_worst": 0.9205324746994896,
    "score_cvar95": -0.9205324746994896,
    "terminated_rate": 0.0,
    "ph_mean": 7.238961900734113,
    "vfa_max_mean": 0.19132072045548348,
    "n_episodes": 10
  },
  "raw": {
    "reward_mean": 0.7654041029410472,
    "reward_std": 1.1702778228589004e-16,
    "ch4_avg": 1763.6071533956042,
    "ch4_std": 0.0,
    "violation_rate": 0.0,
    "violation_rate_std": 0.0,
    "vfa_cvar95": 0.0,
    "vfa_worst_episode": 0.0,
    "overall_score": 0.9205324746994897,
    "score_worst": 0.9205324746994896,
    "score_cvar95": -0.9205324746994896,
    "terminated_rate": 0.0,
    "ph_mean": 7.238961900734113,
    "vfa_max_mean": 0.19132072045548348,
    "n_episodes": 10
  }
}