{
  "record": {
    "obs_mode": "simple",
    "train_scenario": "nominal_high_load_shock_load_low_load_temperature_drop_cold_winter",
    "test_scenario": "cold_winter",
    "algo": "sac",
    "reward_config": "safety_first",
    "seed": 123,
    "reward_mean": 0.39950456441899374,
    "reward_std": 5.851389114294502e-17,
    "ch4_avg": 857.1998882964086,
    "ch4_std": 0.0,
    "violation_rate": 0.0,
    "violation_rate_std": 0.0,
    "vfa_cvar95": 0.0,
    "vfa_worst_episode": 0.0,
    "overall_score": 0.6418296184429721,
    "score_worst": 0.6418296184429721,
    "score_cvar95": -0.6418296184429721,
    "terminated_rate": 0.0,
    "ph_mean": 7.224352068341057,
    "vfa_max_mean": 0.1920989702793419,
    "n_episodes": 10
  },
  "raw": {
    "reward_mean": 0.39950456441899374,
    "reward_std": 5.851389114294502e-17,
    "ch4_avg": 857.1998882964086,
    "ch4_std": 0.0,
    "violation_rate": 0.0,
    "violation_rate_std": 0.0,
    "vfa_cvar95": 0.0,
    "vfa_worst_episode": 0.0,
    "overall_score": 0.6418296184429721,
    "score_worst": 0.6418296184429721,
    "score_cvar95": -0.6418296184429721,
    "terminated_rate": 0.0,
    "ph_mean": 7.224352068341057,
    "vfa_max_mean": 0.1920989702793419,
    "n_episodes": 10
  }
}