{
  "record": {
    "obs_mode": "full",
    "train_scenario": "nominal_high_load_shock_load_low_load_temperature_drop_cold_winter",
    "test_scenario": "cold_winter",
    "algo": "sac",
    "reward_config": "safety_first",
    "seed": 1234,
    "reward_mean": 0.45325231951550615,
    "reward_std": 5.851389114294502e-17,
    "ch4_avg": 1006.4742617615393,
    "ch4_std": 0.0,
    "violation_rate": 0.002431399791594304,
    "violation_rate_std": 4.57139774554258e-19,
    "vfa_cvar95": 0.0024313997915943034,
    "vfa_worst_episode": 0.0024313997915943034,
    "overall_score": 0.6815559404349489,
    "score_worst": 0.6815559404349489,
    "score_cvar95": -0.6815559404349489,
    "terminated_rate": 0.0,
    "ph_mean": 7.200866657244825,
    "vfa_max_mean": 0.2059135220351343,
    "n_episodes": 10
  },
  "raw": {
    "reward_mean": 0.45325231951550615,
    "reward_std": 5.851389114294502e-17,
    "ch4_avg": 1006.4742617615393,
    "ch4_std": 0.0,
    "violation_rate": 0.002431399791594304,
    "violation_rate_std": 4.57139774554258e-19,
    "vfa_cvar95": 0.0024313997915943034,
    "vfa_worst_episode": 0.0024313997915943034,
    "overall_score": 0.6815559404349489,
    "score_worst": 0.6815559404349489,
    "score_cvar95": -0.6815559404349489,
    "terminated_rate": 0.0,
    "ph_mean": 7.200866657244825,
    "vfa_max_mean": 0.2059135220351343,
    "n_episodes": 10
  }
}