{
  "record": {
    "obs_mode": "simple",
    "train_scenario": "nominal_high_load_shock_load_low_load_temperature_drop_cold_winter",
    "test_scenario": "shock_load",
    "algo": "sac",
    "reward_config": "safety_first",
    "seed": 42,
    "reward_mean": 0.482217071470472,
    "reward_std": 5.851389114294502e-17,
    "ch4_avg": 1086.8110943716601,
    "ch4_std": 0.0,
    "violation_rate": 0.0,
    "violation_rate_std": 0.0,
    "vfa_cvar95": 0.0,
    "vfa_worst_episode": 0.0,
    "overall_score": 0.7683130217026293,
    "score_worst": 0.7683130217026294,
    "score_cvar95": -0.7683130217026294,
    "terminated_rate": 0.0,
    "ph_mean": 7.205325635346924,
    "vfa_max_mean": 0.13406893718839227,
    "n_episodes": 10
  },
  "raw": {
    "reward_mean": 0.482217071470472,
    "reward_std": 5.851389114294502e-17,
    "ch4_avg": 1086.8110943716601,
    "ch4_std": 0.0,
    "violation_rate": 0.0,
    "violation_rate_std": 0.0,
    "vfa_cvar95": 0.0,
    "vfa_worst_episode": 0.0,
    "overall_score": 0.7683130217026293,
    "score_worst": 0.7683130217026294,
    "score_cvar95": -0.7683130217026294,
    "terminated_rate": 0.0,
    "ph_mean": 7.205325635346924,
    "vfa_max_mean": 0.13406893718839227,
    "n_episodes": 10
  }
}