{
  "record": {
    "obs_mode": "full",
    "train_scenario": "nominal_high_load_shock_load_low_load_temperature_drop_cold_winter",
    "test_scenario": "low_load",
    "algo": "sac",
    "reward_config": "safety_first",
    "seed": 1234,
    "reward_mean": 0.6526985460246546,
    "reward_std": 0.0,
    "ch4_avg": 1573.219046203008,
    "ch4_std": 0.0,
    "violation_rate": 0.0,
    "violation_rate_std": 0.0,
    "vfa_cvar95": 0.0,
    "vfa_worst_episode": 0.0,
    "overall_score": 0.8590466927780598,
    "score_worst": 0.8590466927780598,
    "score_cvar95": -0.8590466927780598,
    "terminated_rate": 0.0,
    "ph_mean": 7.177337832129426,
    "vfa_max_mean": 0.1914661203100683,
    "n_episodes": 10
  },
  "raw": {
    "reward_mean": 0.6526985460246546,
    "reward_std": 0.0,
    "ch4_avg": 1573.219046203008,
    "ch4_std": 0.0,
    "violation_rate": 0.0,
    "violation_rate_std": 0.0,
    "vfa_cvar95": 0.0,
    "vfa_worst_episode": 0.0,
    "overall_score": 0.8590466927780598,
    "score_worst": 0.8590466927780598,
    "score_cvar95": -0.8590466927780598,
    "terminated_rate": 0.0,
    "ph_mean": 7.177337832129426,
    "vfa_max_mean": 0.1914661203100683,
    "n_episodes": 10
  }
}