{
  "record": {
    "obs_mode": "full",
    "train_scenario": "nominal_high_load_shock_load_low_load_temperature_drop_cold_winter",
    "test_scenario": "high_load",
    "algo": "sac",
    "reward_config": "safety_first",
    "seed": 42,
    "reward_mean": 0.13858156586487352,
    "reward_std": 0.0,
    "ch4_avg": 1858.4148065801342,
    "ch4_std": 0.0,
    "violation_rate": 0.4300104202848211,
    "violation_rate_std": 0.0,
    "vfa_cvar95": 0.4300104202848211,
    "vfa_worst_episode": 0.4300104202848211,
    "overall_score": 0.7750093941947213,
    "score_worst": 0.7750093941947213,
    "score_cvar95": -0.7750093941947213,
    "terminated_rate": 0.0,
    "ph_mean": 7.2526937223223396,
    "vfa_max_mean": 0.21116821653856827,
    "n_episodes": 10
  },
  "raw": {
    "reward_mean": 0.13858156586487352,
    "reward_std": 0.0,
    "ch4_avg": 1858.4148065801342,
    "ch4_std": 0.0,
    "violation_rate": 0.4300104202848211,
    "violation_rate_std": 0.0,
    "vfa_cvar95": 0.4300104202848211,
    "vfa_worst_episode": 0.4300104202848211,
    "overall_score": 0.7750093941947213,
    "score_worst": 0.7750093941947213,
    "score_cvar95": -0.7750093941947213,
    "terminated_rate": 0.0,
    "ph_mean": 7.2526937223223396,
    "vfa_max_mean": 0.21116821653856827,
    "n_episodes": 10
  }
}