{
  "record": {
    "obs_mode": "simple",
    "train_scenario": "nominal_high_load_shock_load_low_load_temperature_drop_cold_winter",
    "test_scenario": "temperature_drop",
    "algo": "sac",
    "reward_config": "safety_first",
    "seed": 1234,
    "reward_mean": 0.7053021325852712,
    "reward_std": 0.0,
    "ch4_avg": 1653.120093340745,
    "ch4_std": 2.396728981215028e-13,
    "violation_rate": 0.0,
    "violation_rate_std": 0.0,
    "vfa_cvar95": 0.0,
    "vfa_worst_episode": 0.0,
    "overall_score": 0.9171133899925614,
    "score_worst": 0.9171133899925614,
    "score_cvar95": -0.9171133899925614,
    "terminated_rate": 0.0,
    "ph_mean": 7.225573684933467,
    "vfa_max_mean": 0.1868644530912136,
    "n_episodes": 10
  },
  "raw": {
    "reward_mean": 0.7053021325852712,
    "reward_std": 0.0,
    "ch4_avg": 1653.120093340745,
    "ch4_std": 2.396728981215028e-13,
    "violation_rate": 0.0,
    "violation_rate_std": 0.0,
    "vfa_cvar95": 0.0,
    "vfa_worst_episode": 0.0,
    "overall_score": 0.9171133899925614,
    "score_worst": 0.9171133899925614,
    "score_cvar95": -0.9171133899925614,
    "terminated_rate": 0.0,
    "ph_mean": 7.225573684933467,
    "vfa_max_mean": 0.1868644530912136,
    "n_episodes": 10
  }
}