{
  "record": {
    "obs_mode": "full",
    "train_scenario": "nominal_high_load_shock_load_low_load_temperature_drop_cold_winter",
    "test_scenario": "nominal",
    "algo": "sac",
    "reward_config": "safety_first",
    "seed": 42,
    "reward_mean": 0.7132566099980451,
    "reward_std": 0.0,
    "ch4_avg": 1650.6132228620313,
    "ch4_std": 0.0,
    "violation_rate": 0.0,
    "violation_rate_std": 0.0,
    "vfa_cvar95": 0.0,
    "vfa_worst_episode": 0.0,
    "overall_score": 0.9034210752697222,
    "score_worst": 0.903421075269722,
    "score_cvar95": -0.903421075269722,
    "terminated_rate": 0.0,
    "ph_mean": 7.222088328384364,
    "vfa_max_mean": 0.17541597154997782,
    "n_episodes": 10
  },
  "raw": {
    "reward_mean": 0.7132566099980451,
    "reward_std": 0.0,
    "ch4_avg": 1650.6132228620313,
    "ch4_std": 0.0,
    "violation_rate": 0.0,
    "violation_rate_std": 0.0,
    "vfa_cvar95": 0.0,
    "vfa_worst_episode": 0.0,
    "overall_score": 0.9034210752697222,
    "score_worst": 0.903421075269722,
    "score_cvar95": -0.903421075269722,
    "terminated_rate": 0.0,
    "ph_mean": 7.222088328384364,
    "vfa_max_mean": 0.17541597154997782,
    "n_episodes": 10
  }
}