{
  "record": {
    "obs_mode": "full",
    "train_scenario": "nominal_high_load_shock_load_low_load_temperature_drop_cold_winter",
    "test_scenario": "temperature_drop",
    "algo": "sac",
    "reward_config": "safety_first",
    "seed": 123,
    "reward_mean": 0.7169199456860949,
    "reward_std": 1.1702778228589004e-16,
    "ch4_avg": 1707.532243972622,
    "ch4_std": 0.0,
    "violation_rate": 0.0,
    "violation_rate_std": 0.0,
    "vfa_cvar95": 0.0,
    "vfa_worst_episode": 0.0,
    "overall_score": 0.926472539859248,
    "score_worst": 0.9264725398592482,
    "score_cvar95": -0.9264725398592482,
    "terminated_rate": 0.0,
    "ph_mean": 7.224760504678615,
    "vfa_max_mean": 0.18175598247669286,
    "n_episodes": 10
  },
  "raw": {
    "reward_mean": 0.7169199456860949,
    "reward_std": 1.1702778228589004e-16,
    "ch4_avg": 1707.532243972622,
    "ch4_std": 0.0,
    "violation_rate": 0.0,
    "violation_rate_std": 0.0,
    "vfa_cvar95": 0.0,
    "vfa_worst_episode": 0.0,
    "overall_score": 0.926472539859248,
    "score_worst": 0.9264725398592482,
    "score_cvar95": -0.9264725398592482,
    "terminated_rate": 0.0,
    "ph_mean": 7.224760504678615,
    "vfa_max_mean": 0.18175598247669286,
    "n_episodes": 10
  }
}