{
  "record": {
    "obs_mode": "simple",
    "train_scenario": "nominal_high_load_shock_load_low_load_temperature_drop_cold_winter",
    "test_scenario": "nominal",
    "algo": "sac",
    "reward_config": "safety_first",
    "seed": 42,
    "reward_mean": 0.4806263908920155,
    "reward_std": 5.851389114294502e-17,
    "ch4_avg": 1083.3581416632755,
    "ch4_std": 0.0,
    "violation_rate": 0.0,
    "violation_rate_std": 0.0,
    "vfa_cvar95": 0.0,
    "vfa_worst_episode": 0.0,
    "overall_score": 0.7676177236199775,
    "score_worst": 0.7676177236199774,
    "score_cvar95": -0.7676177236199774,
    "terminated_rate": 0.0,
    "ph_mean": 7.204723870562371,
    "vfa_max_mean": 0.1344295483707505,
    "n_episodes": 10
  },
  "raw": {
    "reward_mean": 0.4806263908920155,
    "reward_std": 5.851389114294502e-17,
    "ch4_avg": 1083.3581416632755,
    "ch4_std": 0.0,
    "violation_rate": 0.0,
    "violation_rate_std": 0.0,
    "vfa_cvar95": 0.0,
    "vfa_worst_episode": 0.0,
    "overall_score": 0.7676177236199775,
    "score_worst": 0.7676177236199774,
    "score_cvar95": -0.7676177236199774,
    "terminated_rate": 0.0,
    "ph_mean": 7.204723870562371,
    "vfa_max_mean": 0.1344295483707505,
    "n_episodes": 10
  }
}