{
  "record": {
    "obs_mode": "full",
    "train_scenario": "nominal_high_load_shock_load_low_load_temperature_drop_cold_winter",
    "test_scenario": "high_load",
    "algo": "sac",
    "reward_config": "safety_first",
    "seed": 789,
    "reward_mean": -0.17122917550758157,
    "reward_std": 2.925694557147251e-17,
    "ch4_avg": 1864.7866175407885,
    "ch4_std": 2.396728981215028e-13,
    "violation_rate": 0.63841611670719,
    "violation_rate_std": 0.0,
    "vfa_cvar95": 0.63841611670719,
    "vfa_worst_episode": 0.63841611670719,
    "overall_score": 0.6900215151307559,
    "score_worst": 0.690021515130756,
    "score_cvar95": -0.690021515130756,
    "terminated_rate": 0.0,
    "ph_mean": 7.2621787436085,
    "vfa_max_mean": 0.2052274048515368,
    "n_episodes": 10
  },
  "raw": {
    "reward_mean": -0.17122917550758157,
    "reward_std": 2.925694557147251e-17,
    "ch4_avg": 1864.7866175407885,
    "ch4_std": 2.396728981215028e-13,
    "violation_rate": 0.63841611670719,
    "violation_rate_std": 0.0,
    "vfa_cvar95": 0.63841611670719,
    "vfa_worst_episode": 0.63841611670719,
    "overall_score": 0.6900215151307559,
    "score_worst": 0.690021515130756,
    "score_cvar95": -0.690021515130756,
    "terminated_rate": 0.0,
    "ph_mean": 7.2621787436085,
    "vfa_max_mean": 0.2052274048515368,
    "n_episodes": 10
  }
}