{
  "record": {
    "obs_mode": "full",
    "train_scenario": "nominal_high_load_shock_load_low_load_temperature_drop_cold_winter",
    "test_scenario": "cold_winter",
    "algo": "sac",
    "reward_config": "safety_first",
    "seed": 123,
    "reward_mean": 0.25778859803446885,
    "reward_std": 0.0,
    "ch4_avg": 552.2900001108711,
    "ch4_std": 0.0,
    "violation_rate": 0.0,
    "violation_rate_std": 0.0,
    "vfa_cvar95": 0.0,
    "vfa_worst_episode": 0.0,
    "overall_score": 0.580145155876938,
    "score_worst": 0.580145155876938,
    "score_cvar95": -0.580145155876938,
    "terminated_rate": 0.0,
    "ph_mean": 7.226665372661725,
    "vfa_max_mean": 0.17971235329333898,
    "n_episodes": 10
  },
  "raw": {
    "reward_mean": 0.25778859803446885,
    "reward_std": 0.0,
    "ch4_avg": 552.2900001108711,
    "ch4_std": 0.0,
    "violation_rate": 0.0,
    "violation_rate_std": 0.0,
    "vfa_cvar95": 0.0,
    "vfa_worst_episode": 0.0,
    "overall_score": 0.580145155876938,
    "score_worst": 0.580145155876938,
    "score_cvar95": -0.580145155876938,
    "terminated_rate": 0.0,
    "ph_mean": 7.226665372661725,
    "vfa_max_mean": 0.17971235329333898,
    "n_episodes": 10
  }
}