{
  "record": {
    "obs_mode": "simple",
    "train_scenario": "nominal_high_load_shock_load_low_load_temperature_drop_cold_winter",
    "test_scenario": "temperature_drop",
    "algo": "sac",
    "reward_config": "safety_first",
    "seed": 42,
    "reward_mean": 0.48057386009818187,
    "reward_std": 0.0,
    "ch4_avg": 1083.2470604709092,
    "ch4_std": 0.0,
    "violation_rate": 0.0,
    "violation_rate_std": 0.0,
    "vfa_cvar95": 0.0,
    "vfa_worst_episode": 0.0,
    "overall_score": 0.7675927600082005,
    "score_worst": 0.7675927600082004,
    "score_cvar95": -0.7675927600082004,
    "terminated_rate": 0.0,
    "ph_mean": 7.204650023817871,
    "vfa_max_mean": 0.13451143402503082,
    "n_episodes": 10
  },
  "raw": {
    "reward_mean": 0.48057386009818187,
    "reward_std": 0.0,
    "ch4_avg": 1083.2470604709092,
    "ch4_std": 0.0,
    "violation_rate": 0.0,
    "violation_rate_std": 0.0,
    "vfa_cvar95": 0.0,
    "vfa_worst_episode": 0.0,
    "overall_score": 0.7675927600082005,
    "score_worst": 0.7675927600082004,
    "score_cvar95": -0.7675927600082004,
    "terminated_rate": 0.0,
    "ph_mean": 7.204650023817871,
    "vfa_max_mean": 0.13451143402503082,
    "n_episodes": 10
  }
}