{
  "record": {
    "obs_mode": "full",
    "train_scenario": "cold_winter",
    "test_scenario": "high_load",
    "algo": "sac",
    "reward_config": "sf_constant_only",
    "seed": 42,
    "reward_mean": -0.9285713069868484,
    "reward_std": 0.0,
    "ch4_avg": 2075.8754303751957,
    "ch4_std": 0.0,
    "violation_rate": 0.930531434525877,
    "violation_rate_std": 0.0,
    "vfa_cvar95": 0.930531434525877,
    "vfa_worst_episode": 0.930531434525877,
    "overall_score": 0.6252314012454278,
    "score_worst": 0.6252314012454279,
    "score_cvar95": -0.6252314012454279,
    "terminated_rate": 0.0,
    "ph_mean": 7.285438594929319,
    "vfa_max_mean": 0.24986710904238704,
    "n_episodes": 10
  },
  "raw": {
    "reward_mean": -0.9285713069868484,
    "reward_std": 0.0,
    "ch4_avg": 2075.8754303751957,
    "ch4_std": 0.0,
    "violation_rate": 0.930531434525877,
    "violation_rate_std": 0.0,
    "vfa_cvar95": 0.930531434525877,
    "vfa_worst_episode": 0.930531434525877,
    "overall_score": 0.6252314012454278,
    "score_worst": 0.6252314012454279,
    "score_cvar95": -0.6252314012454279,
    "terminated_rate": 0.0,
    "ph_mean": 7.285438594929319,
    "vfa_max_mean": 0.24986710904238704,
    "n_episodes": 10
  }
}