{
  "record": {
    "obs_mode": "full",
    "train_scenario": "high_load",
    "test_scenario": "high_load",
    "algo": "sac",
    "reward_config": "sf_constant_only",
    "seed": 42,
    "reward_mean": 0.30671783757233356,
    "reward_std": 0.0,
    "ch4_avg": 1463.500407548257,
    "ch4_std": 0.0,
    "violation_rate": 0.19868009725599167,
    "violation_rate_std": 0.0,
    "vfa_cvar95": 0.19868009725599167,
    "vfa_worst_episode": 0.19868009725599167,
    "overall_score": 0.7785994343838512,
    "score_worst": 0.7785994343838512,
    "score_cvar95": -0.7785994343838512,
    "terminated_rate": 0.0,
    "ph_mean": 7.252857227839923,
    "vfa_max_mean": 0.15989576773584524,
    "n_episodes": 10
  },
  "raw": {
    "reward_mean": 0.30671783757233356,
    "reward_std": 0.0,
    "ch4_avg": 1463.500407548257,
    "ch4_std": 0.0,
    "violation_rate": 0.19868009725599167,
    "violation_rate_std": 0.0,
    "vfa_cvar95": 0.19868009725599167,
    "vfa_worst_episode": 0.19868009725599167,
    "overall_score": 0.7785994343838512,
    "score_worst": 0.7785994343838512,
    "score_cvar95": -0.7785994343838512,
    "terminated_rate": 0.0,
    "ph_mean": 7.252857227839923,
    "vfa_max_mean": 0.15989576773584524,
    "n_episodes": 10
  }
}