{
  "record": {
    "obs_mode": "full",
    "train_scenario": "cold_winter",
    "test_scenario": "high_load",
    "algo": "sac",
    "reward_config": "sf_constant_only",
    "seed": 456,
    "reward_mean": 0.14233060892400679,
    "reward_std": 0.0,
    "ch4_avg": 1279.1822207127304,
    "ch4_std": 2.396728981215028e-13,
    "violation_rate": 0.28030566168808607,
    "violation_rate_std": 5.851389114294502e-17,
    "vfa_cvar95": 0.2803056616880861,
    "vfa_worst_episode": 0.2803056616880861,
    "overall_score": 0.6303659779450765,
    "score_worst": 0.6303659779450765,
    "score_cvar95": -0.6303659779450765,
    "terminated_rate": 0.0,
    "ph_mean": 7.260761045802494,
    "vfa_max_mean": 0.20368134705191382,
    "n_episodes": 10
  },
  "raw": {
    "reward_mean": 0.14233060892400679,
    "reward_std": 0.0,
    "ch4_avg": 1279.1822207127304,
    "ch4_std": 2.396728981215028e-13,
    "violation_rate": 0.28030566168808607,
    "violation_rate_std": 5.851389114294502e-17,
    "vfa_cvar95": 0.2803056616880861,
    "vfa_worst_episode": 0.2803056616880861,
    "overall_score": 0.6303659779450765,
    "score_worst": 0.6303659779450765,
    "score_cvar95": -0.6303659779450765,
    "terminated_rate": 0.0,
    "ph_mean": 7.260761045802494,
    "vfa_max_mean": 0.20368134705191382,
    "n_episodes": 10
  }
}