{
  "record": {
    "obs_mode": "full",
    "train_scenario": "nominal",
    "test_scenario": "nominal",
    "algo": "sac",
    "reward_config": "sf_constant_only",
    "seed": 123,
    "reward_mean": 0.7437237630899451,
    "reward_std": 0.0,
    "ch4_avg": 1715.182721176992,
    "ch4_std": 0.0,
    "violation_rate": 0.0,
    "violation_rate_std": 0.0,
    "vfa_cvar95": 0.0,
    "vfa_worst_episode": 0.0,
    "overall_score": 0.9187123140232979,
    "score_worst": 0.9187123140232979,
    "score_cvar95": -0.9187123140232979,
    "terminated_rate": 0.0,
    "ph_mean": 7.2327180470102,
    "vfa_max_mean": 0.1867917513494546,
    "n_episodes": 10
  },
  "raw": {
    "reward_mean": 0.7437237630899451,
    "reward_std": 0.0,
    "ch4_avg": 1715.182721176992,
    "ch4_std": 0.0,
    "violation_rate": 0.0,
    "violation_rate_std": 0.0,
    "vfa_cvar95": 0.0,
    "vfa_worst_episode": 0.0,
    "overall_score": 0.9187123140232979,
    "score_worst": 0.9187123140232979,
    "score_cvar95": -0.9187123140232979,
    "terminated_rate": 0.0,
    "ph_mean": 7.2327180470102,
    "vfa_max_mean": 0.1867917513494546,
    "n_episodes": 10
  }
}