{
  "record": {
    "obs_mode": "full",
    "train_scenario": "cold_winter",
    "test_scenario": "cold_winter",
    "algo": "sac",
    "reward_config": "sf_constant_only",
    "seed": 42,
    "reward_mean": 0.40198745311105527,
    "reward_std": 5.851389114294502e-17,
    "ch4_avg": 855.2374995422363,
    "ch4_std": 1.198364490607514e-13,
    "violation_rate": 0.0,
    "violation_rate_std": 0.0,
    "vfa_cvar95": 0.0,
    "vfa_worst_episode": 0.0,
    "overall_score": 0.6547989425299029,
    "score_worst": 0.654798942529903,
    "score_cvar95": -0.654798942529903,
    "terminated_rate": 0.0,
    "ph_mean": 7.212451335427636,
    "vfa_max_mean": 0.17054994247644628,
    "n_episodes": 10
  },
  "raw": {
    "reward_mean": 0.40198745311105527,
    "reward_std": 5.851389114294502e-17,
    "ch4_avg": 855.2374995422363,
    "ch4_std": 1.198364490607514e-13,
    "violation_rate": 0.0,
    "violation_rate_std": 0.0,
    "vfa_cvar95": 0.0,
    "vfa_worst_episode": 0.0,
    "overall_score": 0.6547989425299029,
    "score_worst": 0.654798942529903,
    "score_cvar95": -0.654798942529903,
    "terminated_rate": 0.0,
    "ph_mean": 7.212451335427636,
    "vfa_max_mean": 0.17054994247644628,
    "n_episodes": 10
  }
}