{
  "record": {
    "obs_mode": "full",
    "train_scenario": "cold_winter",
    "test_scenario": "nominal",
    "algo": "sac",
    "reward_config": "sf_constant_only",
    "seed": 123,
    "reward_mean": -0.14408823294086542,
    "reward_std": 2.925694557147251e-17,
    "ch4_avg": 1980.5452775598067,
    "ch4_std": 2.396728981215028e-13,
    "violation_rate": 0.5817992358457797,
    "violation_rate_std": 0.0,
    "vfa_cvar95": 0.5817992358457797,
    "vfa_worst_episode": 0.5817992358457797,
    "overall_score": 0.737868245916963,
    "score_worst": 0.737868245916963,
    "score_cvar95": -0.737868245916963,
    "terminated_rate": 0.0,
    "ph_mean": 7.258681781730497,
    "vfa_max_mean": 0.2133232852303757,
    "n_episodes": 10
  },
  "raw": {
    "reward_mean": -0.14408823294086542,
    "reward_std": 2.925694557147251e-17,
    "ch4_avg": 1980.5452775598067,
    "ch4_std": 2.396728981215028e-13,
    "violation_rate": 0.5817992358457797,
    "violation_rate_std": 0.0,
    "vfa_cvar95": 0.5817992358457797,
    "vfa_worst_episode": 0.5817992358457797,
    "overall_score": 0.737868245916963,
    "score_worst": 0.737868245916963,
    "score_cvar95": -0.737868245916963,
    "terminated_rate": 0.0,
    "ph_mean": 7.258681781730497,
    "vfa_max_mean": 0.2133232852303757,
    "n_episodes": 10
  }
}