{
  "record": {
    "obs_mode": "full",
    "train_scenario": "nominal",
    "test_scenario": "nominal",
    "algo": "sac",
    "reward_config": "sf_constant_only",
    "seed": 42,
    "reward_mean": 0.7066519210215951,
    "reward_std": 0.0,
    "ch4_avg": 1642.4377365885962,
    "ch4_std": 2.396728981215028e-13,
    "violation_rate": 0.0,
    "violation_rate_std": 0.0,
    "vfa_cvar95": 0.0,
    "vfa_worst_episode": 0.0,
    "overall_score": 0.9003711200623986,
    "score_worst": 0.9003711200623986,
    "score_cvar95": -0.9003711200623986,
    "terminated_rate": 0.0,
    "ph_mean": 7.229531207360344,
    "vfa_max_mean": 0.19045627604942597,
    "n_episodes": 10
  },
  "raw": {
    "reward_mean": 0.7066519210215951,
    "reward_std": 0.0,
    "ch4_avg": 1642.4377365885962,
    "ch4_std": 2.396728981215028e-13,
    "violation_rate": 0.0,
    "violation_rate_std": 0.0,
    "vfa_cvar95": 0.0,
    "vfa_worst_episode": 0.0,
    "overall_score": 0.9003711200623986,
    "score_worst": 0.9003711200623986,
    "score_cvar95": -0.9003711200623986,
    "terminated_rate": 0.0,
    "ph_mean": 7.229531207360344,
    "vfa_max_mean": 0.19045627604942597,
    "n_episodes": 10
  }
}