{
  "record": {
    "obs_mode": "full",
    "train_scenario": "cold_winter",
    "test_scenario": "nominal",
    "algo": "sac",
    "reward_config": "sf_constant_only",
    "seed": 42,
    "reward_mean": 0.306931365004356,
    "reward_std": 0.0,
    "ch4_avg": 1806.151556261626,
    "ch4_std": 0.0,
    "violation_rate": 0.32511288641889546,
    "violation_rate_std": 0.0,
    "vfa_cvar95": 0.32511288641889546,
    "vfa_worst_episode": 0.32511288641889546,
    "overall_score": 0.8039427020659085,
    "score_worst": 0.8039427020659086,
    "score_cvar95": -0.8039427020659086,
    "terminated_rate": 0.0,
    "ph_mean": 7.246970489107627,
    "vfa_max_mean": 0.20112456208033058,
    "n_episodes": 10
  },
  "raw": {
    "reward_mean": 0.306931365004356,
    "reward_std": 0.0,
    "ch4_avg": 1806.151556261626,
    "ch4_std": 0.0,
    "violation_rate": 0.32511288641889546,
    "violation_rate_std": 0.0,
    "vfa_cvar95": 0.32511288641889546,
    "vfa_worst_episode": 0.32511288641889546,
    "overall_score": 0.8039427020659085,
    "score_worst": 0.8039427020659086,
    "score_cvar95": -0.8039427020659086,
    "terminated_rate": 0.0,
    "ph_mean": 7.246970489107627,
    "vfa_max_mean": 0.20112456208033058,
    "n_episodes": 10
  }
}