{
  "record": {
    "obs_mode": "full",
    "train_scenario": "cold_winter",
    "test_scenario": "cold_winter",
    "algo": "sac",
    "reward_config": "sf_constant_only",
    "seed": 123,
    "reward_mean": 0.45605891263256354,
    "reward_std": 5.851389114294502e-17,
    "ch4_avg": 981.3301799770919,
    "ch4_std": 0.0,
    "violation_rate": 0.002431399791594304,
    "violation_rate_std": 4.57139774554258e-19,
    "vfa_cvar95": 0.0024313997915943034,
    "vfa_worst_episode": 0.0024313997915943034,
    "overall_score": 0.6797180042776478,
    "score_worst": 0.6797180042776478,
    "score_cvar95": -0.6797180042776478,
    "terminated_rate": 0.0,
    "ph_mean": 7.217094517407402,
    "vfa_max_mean": 0.20505985008590696,
    "n_episodes": 10
  },
  "raw": {
    "reward_mean": 0.45605891263256354,
    "reward_std": 5.851389114294502e-17,
    "ch4_avg": 981.3301799770919,
    "ch4_std": 0.0,
    "violation_rate": 0.002431399791594304,
    "violation_rate_std": 4.57139774554258e-19,
    "vfa_cvar95": 0.0024313997915943034,
    "vfa_worst_episode": 0.0024313997915943034,
    "overall_score": 0.6797180042776478,
    "score_worst": 0.6797180042776478,
    "score_cvar95": -0.6797180042776478,
    "terminated_rate": 0.0,
    "ph_mean": 7.217094517407402,
    "vfa_max_mean": 0.20505985008590696,
    "n_episodes": 10
  }
}