{
  "record": {
    "obs_mode": "full",
    "train_scenario": "nominal",
    "test_scenario": "cold_winter",
    "algo": "sac",
    "reward_config": "sf_constant_only",
    "seed": 42,
    "reward_mean": 0.31195296703552416,
    "reward_std": 5.851389114294502e-17,
    "ch4_avg": 676.8280075037883,
    "ch4_std": 0.0,
    "violation_rate": 0.0,
    "violation_rate_std": 0.0,
    "vfa_cvar95": 0.0,
    "vfa_worst_episode": 0.0,
    "overall_score": 0.5858527633527981,
    "score_worst": 0.5858527633527981,
    "score_cvar95": -0.5858527633527981,
    "terminated_rate": 0.0,
    "ph_mean": 7.217692150264446,
    "vfa_max_mean": 0.14495598807623894,
    "n_episodes": 10
  },
  "raw": {
    "reward_mean": 0.31195296703552416,
    "reward_std": 5.851389114294502e-17,
    "ch4_avg": 676.8280075037883,
    "ch4_std": 0.0,
    "violation_rate": 0.0,
    "violation_rate_std": 0.0,
    "vfa_cvar95": 0.0,
    "vfa_worst_episode": 0.0,
    "overall_score": 0.5858527633527981,
    "score_worst": 0.5858527633527981,
    "score_cvar95": -0.5858527633527981,
    "terminated_rate": 0.0,
    "ph_mean": 7.217692150264446,
    "vfa_max_mean": 0.14495598807623894,
    "n_episodes": 10
  }
}