{
  "record": {
    "obs_mode": "full",
    "train_scenario": "nominal",
    "test_scenario": "high_load",
    "algo": "sac",
    "reward_config": "sf_constant_only",
    "seed": 42,
    "reward_mean": 0.28938563553502394,
    "reward_std": 0.0,
    "ch4_avg": 1853.9415327499087,
    "ch4_std": 0.0,
    "violation_rate": 0.33379645710316075,
    "violation_rate_std": 5.851389114294502e-17,
    "vfa_cvar95": 0.3337964571031608,
    "vfa_worst_episode": 0.3337964571031608,
    "overall_score": 0.8225881561803028,
    "score_worst": 0.8225881561803028,
    "score_cvar95": -0.8225881561803028,
    "terminated_rate": 0.0,
    "ph_mean": 7.25485855563259,
    "vfa_max_mean": 0.19825961206669823,
    "n_episodes": 10
  },
  "raw": {
    "reward_mean": 0.28938563553502394,
    "reward_std": 0.0,
    "ch4_avg": 1853.9415327499087,
    "ch4_std": 0.0,
    "violation_rate": 0.33379645710316075,
    "violation_rate_std": 5.851389114294502e-17,
    "vfa_cvar95": 0.3337964571031608,
    "vfa_worst_episode": 0.3337964571031608,
    "overall_score": 0.8225881561803028,
    "score_worst": 0.8225881561803028,
    "score_cvar95": -0.8225881561803028,
    "terminated_rate": 0.0,
    "ph_mean": 7.25485855563259,
    "vfa_max_mean": 0.19825961206669823,
    "n_episodes": 10
  }
}