{
  "record": {
    "obs_mode": "full",
    "train_scenario": "high_load",
    "test_scenario": "nominal",
    "algo": "sac",
    "reward_config": "sf_constant_only",
    "seed": 456,
    "reward_mean": 0.4042135099421844,
    "reward_std": 0.0,
    "ch4_avg": 909.4922898274348,
    "ch4_std": 1.198364490607514e-13,
    "violation_rate": 0.0,
    "violation_rate_std": 0.0,
    "vfa_cvar95": 0.0,
    "vfa_worst_episode": 0.0,
    "overall_score": 0.6955198743297466,
    "score_worst": 0.6955198743297466,
    "score_cvar95": -0.6955198743297466,
    "terminated_rate": 0.0,
    "ph_mean": 7.225904622652207,
    "vfa_max_mean": 0.13373076610147844,
    "n_episodes": 10
  },
  "raw": {
    "reward_mean": 0.4042135099421844,
    "reward_std": 0.0,
    "ch4_avg": 909.4922898274348,
    "ch4_std": 1.198364490607514e-13,
    "violation_rate": 0.0,
    "violation_rate_std": 0.0,
    "vfa_cvar95": 0.0,
    "vfa_worst_episode": 0.0,
    "overall_score": 0.6955198743297466,
    "score_worst": 0.6955198743297466,
    "score_cvar95": -0.6955198743297466,
    "terminated_rate": 0.0,
    "ph_mean": 7.225904622652207,
    "vfa_max_mean": 0.13373076610147844,
    "n_episodes": 10
  }
}