{
  "record": {
    "obs_mode": "full",
    "train_scenario": "cold_winter",
    "test_scenario": "nominal",
    "algo": "sac",
    "reward_config": "sf_linear_only",
    "seed": 123,
    "reward_mean": 0.5061465668924872,
    "reward_std": 0.0,
    "ch4_avg": 1196.7379252967205,
    "ch4_std": 0.0,
    "violation_rate": 0.9624869746439735,
    "violation_rate_std": 1.1702778228589004e-16,
    "vfa_cvar95": 0.9624869746439736,
    "vfa_worst_episode": 0.9624869746439736,
    "overall_score": 0.3960389321828127,
    "score_worst": 0.3960389321828128,
    "score_cvar95": -0.3960389321828128,
    "terminated_rate": 0.0,
    "ph_mean": 7.300314246021105,
    "vfa_max_mean": 0.13692164989964056,
    "n_episodes": 10
  },
  "raw": {
    "reward_mean": 0.5061465668924872,
    "reward_std": 0.0,
    "ch4_avg": 1196.7379252967205,
    "ch4_std": 0.0,
    "violation_rate": 0.9624869746439735,
    "violation_rate_std": 1.1702778228589004e-16,
    "vfa_cvar95": 0.9624869746439736,
    "vfa_worst_episode": 0.9624869746439736,
    "overall_score": 0.3960389321828127,
    "score_worst": 0.3960389321828128,
    "score_cvar95": -0.3960389321828128,
    "terminated_rate": 0.0,
    "ph_mean": 7.300314246021105,
    "vfa_max_mean": 0.13692164989964056,
    "n_episodes": 10
  }
}