{
  "record": {
    "obs_mode": "full",
    "train_scenario": "cold_winter",
    "test_scenario": "nominal",
    "algo": "sac",
    "reward_config": "sf_linear_only",
    "seed": 42,
    "reward_mean": 0.4728247899231818,
    "reward_std": 1.1702778228589004e-16,
    "ch4_avg": 1105.1422546985991,
    "ch4_std": 2.396728981215028e-13,
    "violation_rate": 0.662730114623133,
    "violation_rate_std": 0.0,
    "vfa_cvar95": 0.662730114623133,
    "vfa_worst_episode": 0.662730114623133,
    "overall_score": 0.45343415951648974,
    "score_worst": 0.4534341595164898,
    "score_cvar95": -0.4534341595164898,
    "terminated_rate": 0.0,
    "ph_mean": 7.2743200855543595,
    "vfa_max_mean": 0.18484934847771223,
    "n_episodes": 10
  },
  "raw": {
    "reward_mean": 0.4728247899231818,
    "reward_std": 1.1702778228589004e-16,
    "ch4_avg": 1105.1422546985991,
    "ch4_std": 2.396728981215028e-13,
    "violation_rate": 0.662730114623133,
    "violation_rate_std": 0.0,
    "vfa_cvar95": 0.662730114623133,
    "vfa_worst_episode": 0.662730114623133,
    "overall_score": 0.45343415951648974,
    "score_worst": 0.4534341595164898,
    "score_cvar95": -0.4534341595164898,
    "terminated_rate": 0.0,
    "ph_mean": 7.2743200855543595,
    "vfa_max_mean": 0.18484934847771223,
    "n_episodes": 10
  }
}