{
  "record": {
    "obs_mode": "full",
    "train_scenario": "high_load",
    "test_scenario": "cold_winter",
    "algo": "sac",
    "reward_config": "sf_linear_only",
    "seed": 123,
    "reward_mean": -0.18947645040619238,
    "reward_std": 0.0,
    "ch4_avg": 1076.2542780112483,
    "ch4_std": 2.396728981215028e-13,
    "violation_rate": 0.4407780479333102,
    "violation_rate_std": 5.851389114294502e-17,
    "vfa_cvar95": 0.44077804793331016,
    "vfa_worst_episode": 0.44077804793331016,
    "overall_score": 0.5128967352991805,
    "score_worst": 0.5128967352991805,
    "score_cvar95": -0.5128967352991805,
    "terminated_rate": 0.0,
    "ph_mean": 7.146768524711058,
    "vfa_max_mean": 0.6306063551056804,
    "n_episodes": 10
  },
  "raw": {
    "reward_mean": -0.18947645040619238,
    "reward_std": 0.0,
    "ch4_avg": 1076.2542780112483,
    "ch4_std": 2.396728981215028e-13,
    "violation_rate": 0.4407780479333102,
    "violation_rate_std": 5.851389114294502e-17,
    "vfa_cvar95": 0.44077804793331016,
    "vfa_worst_episode": 0.44077804793331016,
    "overall_score": 0.5128967352991805,
    "score_worst": 0.5128967352991805,
    "score_cvar95": -0.5128967352991805,
    "terminated_rate": 0.0,
    "ph_mean": 7.146768524711058,
    "vfa_max_mean": 0.6306063551056804,
    "n_episodes": 10
  }
}