{
  "record": {
    "obs_mode": "full",
    "train_scenario": "nominal",
    "test_scenario": "high_load",
    "algo": "sac",
    "reward_config": "sf_linear_only",
    "seed": 42,
    "reward_mean": 0.44086882502383007,
    "reward_std": 5.851389114294502e-17,
    "ch4_avg": 2231.243965283732,
    "ch4_std": 4.793457962430056e-13,
    "violation_rate": 0.9739492879472038,
    "violation_rate_std": 1.1702778228589004e-16,
    "vfa_cvar95": 0.9739492879472039,
    "vfa_worst_episode": 0.9739492879472039,
    "overall_score": 0.6427886667035396,
    "score_worst": 0.6427886667035396,
    "score_cvar95": -0.6427886667035396,
    "terminated_rate": 0.0,
    "ph_mean": 7.309024587124737,
    "vfa_max_mean": 0.34654518883403085,
    "n_episodes": 10
  },
  "raw": {
    "reward_mean": 0.44086882502383007,
    "reward_std": 5.851389114294502e-17,
    "ch4_avg": 2231.243965283732,
    "ch4_std": 4.793457962430056e-13,
    "violation_rate": 0.9739492879472038,
    "violation_rate_std": 1.1702778228589004e-16,
    "vfa_cvar95": 0.9739492879472039,
    "vfa_worst_episode": 0.9739492879472039,
    "overall_score": 0.6427886667035396,
    "score_worst": 0.6427886667035396,
    "score_cvar95": -0.6427886667035396,
    "terminated_rate": 0.0,
    "ph_mean": 7.309024587124737,
    "vfa_max_mean": 0.34654518883403085,
    "n_episodes": 10
  }
}