{
  "record": {
    "obs_mode": "full",
    "train_scenario": "high_load",
    "test_scenario": "nominal",
    "algo": "sac",
    "reward_config": "sf_linear_only",
    "seed": 123,
    "reward_mean": 0.6580112414925704,
    "reward_std": 1.1702778228589004e-16,
    "ch4_avg": 1560.0158027179598,
    "ch4_std": 2.396728981215028e-13,
    "violation_rate": 0.3942341090656479,
    "violation_rate_std": 5.851389114294502e-17,
    "vfa_cvar95": 0.3942341090656478,
    "vfa_worst_episode": 0.3942341090656478,
    "overall_score": 0.6725051672916011,
    "score_worst": 0.6725051672916011,
    "score_cvar95": -0.6725051672916011,
    "terminated_rate": 0.0,
    "ph_mean": 7.254450789797927,
    "vfa_max_mean": 0.2540410271750893,
    "n_episodes": 10
  },
  "raw": {
    "reward_mean": 0.6580112414925704,
    "reward_std": 1.1702778228589004e-16,
    "ch4_avg": 1560.0158027179598,
    "ch4_std": 2.396728981215028e-13,
    "violation_rate": 0.3942341090656479,
    "violation_rate_std": 5.851389114294502e-17,
    "vfa_cvar95": 0.3942341090656478,
    "vfa_worst_episode": 0.3942341090656478,
    "overall_score": 0.6725051672916011,
    "score_worst": 0.6725051672916011,
    "score_cvar95": -0.6725051672916011,
    "terminated_rate": 0.0,
    "ph_mean": 7.254450789797927,
    "vfa_max_mean": 0.2540410271750893,
    "n_episodes": 10
  }
}