{
  "record": {
    "obs_mode": "full",
    "train_scenario": "cold_winter",
    "test_scenario": "nominal",
    "algo": "sac",
    "reward_config": "sf_linear_only",
    "seed": 456,
    "reward_mean": 0.8178504882398208,
    "reward_std": 1.1702778228589004e-16,
    "ch4_avg": 1890.464469310768,
    "ch4_std": 2.396728981215028e-13,
    "violation_rate": 0.8346648141715873,
    "violation_rate_std": 0.0,
    "vfa_cvar95": 0.8346648141715873,
    "vfa_worst_episode": 0.8346648141715873,
    "overall_score": 0.609646128361601,
    "score_worst": 0.609646128361601,
    "score_cvar95": -0.609646128361601,
    "terminated_rate": 0.0,
    "ph_mean": 7.277100772264073,
    "vfa_max_mean": 0.20998616239179038,
    "n_episodes": 10
  },
  "raw": {
    "reward_mean": 0.8178504882398208,
    "reward_std": 1.1702778228589004e-16,
    "ch4_avg": 1890.464469310768,
    "ch4_std": 2.396728981215028e-13,
    "violation_rate": 0.8346648141715873,
    "violation_rate_std": 0.0,
    "vfa_cvar95": 0.8346648141715873,
    "vfa_worst_episode": 0.8346648141715873,
    "overall_score": 0.609646128361601,
    "score_worst": 0.609646128361601,
    "score_cvar95": -0.609646128361601,
    "terminated_rate": 0.0,
    "ph_mean": 7.277100772264073,
    "vfa_max_mean": 0.20998616239179038,
    "n_episodes": 10
  }
}