{
  "record": {
    "controller": "CascadedPID",
    "controller_type": "cascaded_pid",
    "scenario": "temperature_drop",
    "seed": 42,
    "Q_HEX_bias": 500.0,
    "production_score": 0.8823777318140323,
    "safety_score": 0.07849947898575893,
    "stability_score": 0.7926589355958307,
    "overall_score": 0.5428826714390826,
    "violation_rate": 0.9215005210142411,
    "avg_ch4": 1764.7554636280647,
    "terminated_early": false
  },
  "full_metrics": {
    "episode_info": {
      "steps": 2879,
      "duration_days": 29.989583333333332,
      "terminated_early": false,
      "termination_step": null
    },
    "reward": {
      "total": 2309.046251506197,
      "mean": 0.8020306535276822,
      "std": 0.18514130853537902,
      "min": -0.8719949968193843,
      "max": 1.1025024087785247,
      "median": 0.8364333948264651
    },
    "production": {
      "total_ch4_m3": 52924.281039429145,
      "avg_ch4_flow": 1764.7554636280647,
      "std_ch4_flow": 365.9062762417163,
      "min_ch4_flow": 632.3662590110416,
      "max_ch4_flow": 2355.210268714072,
      "volumetric_productivity": 0.5190457245964896
    },
    "safety": {
      "total_violations": 3030,
      "steps_with_violation": 2653,
      "violation_rate": 0.9215005210142411,
      "ph_violation_count": 0,
      "vfa_violation_count": 452,
      "nh3_violation_count": 2578,
      "ph_max_magnitude": 0.0,
      "vfa_max_magnitude": 0.038296113238553586,
      "nh3_max_magnitude": 0.0006582385170511244,
      "ph_max_duration": 0,
      "vfa_max_duration": 45,
      "nh3_max_duration": 2492,
      "ph_mean": 7.279327183299832,
      "ph_std": 0.01603238617910447,
      "ph_min": 7.239210009947908,
      "ph_max": 7.315696588645217,
      "vfa_mean": 0.1551749023023159,
      "vfa_max": 0.2382961132385536,
      "nh3_mean": 0.0022544647792640047,
      "nh3_max": 0.0026582385170511244
    },
    "stability": {
      "ch4_volatility": 9.249200286079684,
      "ph_volatility": 0.000377350161183699,
      "vfa_volatility": 0.0012551929025217674,
      "ch4_coefficient_of_variation": 0.20734106440416933
    },
    "control": {
      "q_ad_mean": 178.0,
      "q_ad_std": 0.0,
      "q_ad_min": 178.0,
      "q_ad_max": 178.0,
      "q_ad_effort": 0.0,
      "feed_mult_mean": 1.2055126129856288,
      "feed_mult_std": 0.1530176672338062,
      "feed_mult_effort": 0.004830213161373072
    },
    "economics": {
      "ch4_energy_kwh": 529242.8103942914,
      "pump_energy_kwh": 719.75,
      "net_energy_kwh": 528523.0603942914,
      "energy_efficiency_ratio": 735.3147765116935
    },
    "summary": {
      "production_score": 0.8823777318140323,
      "safety_score": 0.07849947898575893,
      "stability_score": 0.7926589355958307,
      "overall_score": 0.5428826714390826
    }
  }
}