{
  "record": {
    "controller": "CascadedPID",
    "controller_type": "cascaded_pid",
    "scenario": "temperature_drop",
    "seed": 42,
    "num_steps": 2880,
    "production_score": 0.8828221291894396,
    "safety_score": 0.08023619312261199,
    "stability_score": 0.7926228734502265,
    "overall_score": 0.543747903614866,
    "violation_rate": 0.919763806877388,
    "avg_ch4": 1765.6442583788792,
    "terminated_early": false
  },
  "full_metrics": {
    "episode_info": {
      "steps": 2879,
      "duration_days": 29.989583333333332,
      "terminated_early": false,
      "termination_step": null
    },
    "reward": {
      "total": 2310.3631449931568,
      "mean": 0.8024880670347887,
      "std": 0.18527128710769689,
      "min": -0.8719907096788408,
      "max": 1.1030735667790403,
      "median": 0.8373405829397801
    },
    "production": {
      "total_ch4_m3": 52950.93562367492,
      "avg_ch4_flow": 1765.6442583788792,
      "std_ch4_flow": 366.15423281171763,
      "min_ch4_flow": 632.541236888091,
      "max_ch4_flow": 2355.8776686758665,
      "volumetric_productivity": 0.5193071348173174
    },
    "safety": {
      "total_violations": 3024,
      "steps_with_violation": 2648,
      "violation_rate": 0.919763806877388,
      "ph_violation_count": 0,
      "vfa_violation_count": 452,
      "nh3_violation_count": 2572,
      "ph_max_magnitude": 0.0,
      "vfa_max_magnitude": 0.03810488123959199,
      "nh3_max_magnitude": 0.0006530307734122433,
      "ph_max_duration": 0,
      "vfa_max_duration": 45,
      "nh3_max_duration": 1459,
      "ph_mean": 7.2793900809020355,
      "ph_std": 0.016071680106946904,
      "ph_min": 7.239210300303231,
      "ph_max": 7.315820453011127,
      "vfa_mean": 0.15514225444960192,
      "vfa_max": 0.238104881239592,
      "nh3_mean": 0.0022513378132246725,
      "nh3_max": 0.0026530307734122433
    },
    "stability": {
      "ch4_volatility": 9.23761316668375,
      "ph_volatility": 0.00037646864943563957,
      "vfa_volatility": 0.0012524308076283833,
      "ch4_coefficient_of_variation": 0.20737712654977342
    },
    "control": {
      "q_ad_mean": 178.0,
      "q_ad_std": 0.0,
      "q_ad_min": 178.0,
      "q_ad_max": 178.0,
      "q_ad_effort": 0.0,
      "feed_mult_mean": 1.2059869144102815,
      "feed_mult_std": 0.15244852261398126,
      "feed_mult_effort": 0.004806220966382852
    },
    "economics": {
      "ch4_energy_kwh": 529509.3562367492,
      "pump_energy_kwh": 719.75,
      "net_energy_kwh": 528789.6062367492,
      "energy_efficiency_ratio": 735.6851076578662
    },
    "summary": {
      "production_score": 0.8828221291894396,
      "safety_score": 0.08023619312261199,
      "stability_score": 0.7926228734502265,
      "overall_score": 0.543747903614866
    }
  }
}