{
  "record": {
    "controller": "CascadedPID",
    "controller_type": "cascaded_pid",
    "scenario": "nominal",
    "seed": 42,
    "num_steps": 2880,
    "production_score": 0.8826943384335888,
    "safety_score": 0.07919416464050022,
    "stability_score": 0.7926404012826578,
    "overall_score": 0.5432834814861672,
    "violation_rate": 0.9208058353594998,
    "avg_ch4": 1765.3886768671775,
    "terminated_early": false
  },
  "full_metrics": {
    "episode_info": {
      "steps": 2879,
      "duration_days": 29.989583333333332,
      "terminated_early": false,
      "termination_step": null
    },
    "reward": {
      "total": 2309.9833805197522,
      "mean": 0.8023561585688614,
      "std": 0.18522878758752215,
      "min": -0.8719907096788408,
      "max": 1.1030735667790403,
      "median": 0.8370433969508693
    },
    "production": {
      "total_ch4_m3": 52943.27084063129,
      "avg_ch4_flow": 1765.3886768671775,
      "std_ch4_flow": 366.07028761531774,
      "min_ch4_flow": 632.4994197163062,
      "max_ch4_flow": 2355.8776686758665,
      "volumetric_productivity": 0.519231963784464
    },
    "safety": {
      "total_violations": 3027,
      "steps_with_violation": 2651,
      "violation_rate": 0.9208058353594998,
      "ph_violation_count": 0,
      "vfa_violation_count": 452,
      "nh3_violation_count": 2575,
      "ph_max_magnitude": 0.0,
      "vfa_max_magnitude": 0.03810488123959199,
      "nh3_max_magnitude": 0.0006550847002999567,
      "ph_max_duration": 0,
      "vfa_max_duration": 45,
      "nh3_max_duration": 2491,
      "ph_mean": 7.279377950869179,
      "ph_std": 0.016060144808053047,
      "ph_min": 7.239210300303231,
      "ph_max": 7.3157966242179375,
      "vfa_mean": 0.15514881551514273,
      "vfa_max": 0.238104881239592,
      "nh3_mean": 0.0022521909131264224,
      "nh3_max": 0.0026550847002999567
    },
    "stability": {
      "ch4_volatility": 9.241336737678582,
      "ph_volatility": 0.0003767188736317761,
      "vfa_volatility": 0.0012532390498051983,
      "ch4_coefficient_of_variation": 0.20735959871734225
    },
    "control": {
      "q_ad_mean": 178.0,
      "q_ad_std": 0.0,
      "q_ad_min": 178.0,
      "q_ad_max": 178.0,
      "q_ad_effort": 0.0,
      "feed_mult_mean": 1.2058500395586358,
      "feed_mult_std": 0.1526364781456743,
      "feed_mult_effort": 0.004812470320780465
    },
    "economics": {
      "ch4_energy_kwh": 529432.7084063129,
      "pump_energy_kwh": 719.75,
      "net_energy_kwh": 528712.9584063129,
      "energy_efficiency_ratio": 735.5786153613238
    },
    "summary": {
      "production_score": 0.8826943384335888,
      "safety_score": 0.07919416464050022,
      "stability_score": 0.7926404012826578,
      "overall_score": 0.5432834814861672
    }
  }
}