{
  "record": {
    "controller": "ConstantThermal",
    "controller_type": "constant_thermal",
    "scenario": "cold_winter",
    "seed": 42,
    "num_steps": 2880,
    "Q_HEX_bias": 2400.0,
    "production_score": 0.611883751582222,
    "safety_score": 0.668054110301769,
    "stability_score": 0.6426129224522272,
    "overall_score": -0.3595022707559581,
    "violation_rate": 0.331945889698231,
    "avg_ch4": 1223.767503164444,
    "terminated_early": true
  },
  "full_metrics": {
    "episode_info": {
      "steps": 1922,
      "duration_days": 20.020833333333332,
      "terminated_early": true,
      "termination_step": 1921
    },
    "reward": {
      "total": 968.7860403524672,
      "mean": 0.5040510095486302,
      "std": 0.29156980090608414,
      "min": -0.8708719494046792,
      "max": 0.8409696416162543,
      "median": 0.5930799493274624
    },
    "production": {
      "total_ch4_m3": 24500.845219604806,
      "avg_ch4_flow": 1223.767503164444,
      "std_ch4_flow": 437.35869155387536,
      "min_ch4_flow": 520.7535519134079,
      "max_ch4_flow": 1822.7864126219365,
      "volumetric_productivity": 0.35993161857777767
    },
    "safety": {
      "total_violations": 638,
      "steps_with_violation": 638,
      "violation_rate": 0.331945889698231,
      "ph_violation_count": 0,
      "vfa_violation_count": 638,
      "nh3_violation_count": 0,
      "ph_max_magnitude": 0.0,
      "vfa_max_magnitude": 0.60042053116654,
      "nh3_max_magnitude": 0.0,
      "ph_max_duration": 0,
      "vfa_max_duration": 229,
      "nh3_max_duration": 0,
      "ph_mean": 7.1500924466463225,
      "ph_std": 0.08882401032015397,
      "ph_min": 6.883475478807348,
      "ph_max": 7.26354001713096,
      "vfa_mean": 0.2088926112054527,
      "vfa_max": 0.80042053116654,
      "nh3_mean": 0.0010787625862688514,
      "nh3_max": 0.001883338815873958
    },
    "stability": {
      "ch4_volatility": 3.10301881245575,
      "ph_volatility": 0.0002932796480415534,
      "vfa_volatility": 0.0009160164009018795,
      "ch4_coefficient_of_variation": 0.35738707754777277
    },
    "control": {
      "q_ad_mean": 178.0,
      "q_ad_std": 0.0,
      "q_ad_min": 178.0,
      "q_ad_max": 178.0,
      "q_ad_effort": 0.0,
      "feed_mult_mean": 1.0,
      "feed_mult_std": 0.0,
      "feed_mult_effort": 0.0
    },
    "economics": {
      "ch4_energy_kwh": 245008.45219604805,
      "pump_energy_kwh": 480.5,
      "net_energy_kwh": 244527.95219604805,
      "energy_efficiency_ratio": 509.90312631851833
    },
    "summary": {
      "production_score": 0.611883751582222,
      "safety_score": 0.668054110301769,
      "stability_score": 0.6426129224522272,
      "overall_score": -0.3595022707559581
    }
  }
}