{
  "record": {
    "controller": "ConstantThermal",
    "controller_type": "constant_thermal",
    "scenario": "temperature_drop",
    "seed": 42,
    "num_steps": 2880,
    "Q_HEX_bias": 500.0,
    "production_score": 0.745299229062467,
    "safety_score": 0.8364015283084404,
    "stability_score": 0.7686852430500755,
    "overall_score": 0.7864173515583781,
    "violation_rate": 0.16359847169155958,
    "avg_ch4": 1490.598458124934,
    "terminated_early": false
  },
  "full_metrics": {
    "episode_info": {
      "steps": 2879,
      "duration_days": 29.989583333333332,
      "terminated_early": false,
      "termination_step": null
    },
    "reward": {
      "total": 1925.56553563754,
      "mean": 0.6688313774357555,
      "std": 0.17534883046275576,
      "min": -0.8719852413348316,
      "max": 0.8990892661936256,
      "median": 0.7245830905815113
    },
    "production": {
      "total_ch4_m3": 44702.42667647589,
      "avg_ch4_flow": 1490.598458124934,
      "std_ch4_flow": 344.7974200511015,
      "min_ch4_flow": 501.672255442364,
      "max_ch4_flow": 1939.5267737648198,
      "volumetric_productivity": 0.4384113112132159
    },
    "safety": {
      "total_violations": 471,
      "steps_with_violation": 471,
      "violation_rate": 0.16359847169155958,
      "ph_violation_count": 0,
      "vfa_violation_count": 0,
      "nh3_violation_count": 471,
      "ph_max_magnitude": 0.0,
      "vfa_max_magnitude": 0.0,
      "nh3_max_magnitude": 9.796202258262028e-05,
      "ph_max_duration": 0,
      "vfa_max_duration": 0,
      "nh3_max_duration": 333,
      "ph_mean": 7.2417059840059,
      "ph_std": 0.023690149854965512,
      "ph_min": 7.19704124746948,
      "ph_max": 7.277136925880792,
      "vfa_mean": 0.1252866637200522,
      "vfa_max": 0.17841408136162615,
      "nh3_mean": 0.0017758323138310674,
      "nh3_max": 0.0020979620225826203
    },
    "stability": {
      "ch4_volatility": 5.50401349863455,
      "ph_volatility": 0.00020408955978030207,
      "vfa_volatility": 0.0006352740659580194,
      "ch4_coefficient_of_variation": 0.2313147569499246
    },
    "control": {
      "q_ad_mean": 178.0,
      "q_ad_std": 0.0,
      "q_ad_min": 178.0,
      "q_ad_max": 178.0,
      "q_ad_effort": 0.0,
      "feed_mult_mean": 1.0,
      "feed_mult_std": 0.0,
      "feed_mult_effort": 0.0
    },
    "economics": {
      "ch4_energy_kwh": 447024.26676475885,
      "pump_energy_kwh": 719.75,
      "net_energy_kwh": 446304.51676475885,
      "energy_efficiency_ratio": 621.0826908853892
    },
    "summary": {
      "production_score": 0.745299229062467,
      "safety_score": 0.8364015283084404,
      "stability_score": 0.7686852430500755,
      "overall_score": 0.7864173515583781
    }
  }
}