{
  "record": {
    "controller": "Constant",
    "controller_type": "constant",
    "scenario": "low_load",
    "seed": 42,
    "num_steps": 2880,
    "production_score": 0.5251522865655694,
    "safety_score": 1.0,
    "stability_score": 0.7620993617249863,
    "overall_score": 0.7624807869712251,
    "violation_rate": 0.0,
    "avg_ch4": 1050.3045731311388,
    "terminated_early": false
  },
  "full_metrics": {
    "episode_info": {
      "steps": 2879,
      "duration_days": 29.989583333333332,
      "terminated_early": false,
      "termination_step": null
    },
    "reward": {
      "total": 1296.9049946194782,
      "mean": 0.4504706476622015,
      "std": 0.12732368061255425,
      "min": -0.8719173080117152,
      "max": 0.7298251888172591,
      "median": 0.48713528645114085
    },
    "production": {
      "total_ch4_m3": 31498.196521297377,
      "avg_ch4_flow": 1050.3045731311388,
      "std_ch4_flow": 249.86812833106376,
      "min_ch4_flow": 366.97382279591454,
      "max_ch4_flow": 1603.0168382456523,
      "volumetric_productivity": 0.3089131097444526
    },
    "safety": {
      "total_violations": 0,
      "steps_with_violation": 0,
      "violation_rate": 0.0,
      "ph_violation_count": 0,
      "vfa_violation_count": 0,
      "nh3_violation_count": 0,
      "ph_max_magnitude": 0.0,
      "vfa_max_magnitude": 0.0,
      "nh3_max_magnitude": 0.0,
      "ph_max_duration": 0,
      "vfa_max_duration": 0,
      "nh3_max_duration": 0,
      "ph_mean": 7.167562830844118,
      "ph_std": 0.06183867434970062,
      "ph_min": 7.08952726030426,
      "ph_max": 7.2732474578894974,
      "vfa_mean": 0.09480928522522068,
      "vfa_max": 0.1435309018038279,
      "nh3_mean": 0.0012108987992765438,
      "nh3_max": 0.0019190698010727034
    },
    "stability": {
      "ch4_volatility": 3.717244771869131,
      "ph_volatility": 0.00014183347054692346,
      "vfa_volatility": 0.00042720801219347994,
      "ch4_coefficient_of_variation": 0.23790063827501373
    },
    "control": {
      "q_ad_mean": 178.0,
      "q_ad_std": 0.0,
      "q_ad_min": 178.0,
      "q_ad_max": 178.0,
      "q_ad_effort": 0.0,
      "feed_mult_mean": 1.0,
      "feed_mult_std": 0.0,
      "feed_mult_effort": 0.0
    },
    "economics": {
      "ch4_energy_kwh": 314981.96521297377,
      "pump_energy_kwh": 719.75,
      "net_energy_kwh": 314262.21521297377,
      "energy_efficiency_ratio": 437.6269054713078
    },
    "summary": {
      "production_score": 0.5251522865655694,
      "safety_score": 1.0,
      "stability_score": 0.7620993617249863,
      "overall_score": 0.7624807869712251
    }
  }
}