{
  "record": {
    "controller": "FullPID",
    "controller_type": "full_pid",
    "scenario": "temperature_drop",
    "seed": 42,
    "num_steps": 2880,
    "Q_HEX_bias": 500.0,
    "production_score": 0.8373242316235116,
    "safety_score": 0.3862452240361236,
    "stability_score": 0.7717279069873462,
    "overall_score": 0.6437733636613233,
    "violation_rate": 0.6137547759638764,
    "avg_ch4": 1674.648463247023,
    "terminated_early": false
  },
  "full_metrics": {
    "episode_info": {
      "steps": 2879,
      "duration_days": 29.989583333333332,
      "terminated_early": false,
      "termination_step": null
    },
    "reward": {
      "total": 2188.446517556431,
      "mean": 0.7601412009574265,
      "std": 0.1943218725344,
      "min": -0.8719928769644689,
      "max": 1.0133920811853583,
      "median": 0.8135524659693921
    },
    "production": {
      "total_ch4_m3": 50222.009642585195,
      "avg_ch4_flow": 1674.648463247023,
      "std_ch4_flow": 382.2755097658223,
      "min_ch4_flow": 561.9467470848506,
      "max_ch4_flow": 2167.940393458407,
      "volumetric_productivity": 0.4925436656608891
    },
    "safety": {
      "total_violations": 1773,
      "steps_with_violation": 1767,
      "violation_rate": 0.6137547759638764,
      "ph_violation_count": 0,
      "vfa_violation_count": 16,
      "nh3_violation_count": 1757,
      "ph_max_magnitude": 0.0,
      "vfa_max_magnitude": 0.0017939642856730775,
      "nh3_max_magnitude": 0.0003784911827537348,
      "ph_max_duration": 0,
      "vfa_max_duration": 10,
      "nh3_max_duration": 1212,
      "ph_mean": 7.26636818724317,
      "ph_std": 0.016371773173247162,
      "ph_min": 7.233414411539223,
      "ph_max": 7.3016176627966045,
      "vfa_mean": 0.14418800712127158,
      "vfa_max": 0.2017939642856731,
      "nh3_mean": 0.002069785660578651,
      "nh3_max": 0.002378491182753735
    },
    "stability": {
      "ch4_volatility": 6.217961565889871,
      "ph_volatility": 0.00024251323516272938,
      "vfa_volatility": 0.0007568030610731348,
      "ch4_coefficient_of_variation": 0.22827209301265386
    },
    "control": {
      "q_ad_mean": 178.0,
      "q_ad_std": 0.0,
      "q_ad_min": 178.0,
      "q_ad_max": 178.0,
      "q_ad_effort": 0.0,
      "feed_mult_mean": 1.132639453907152,
      "feed_mult_std": 0.010217775372512837,
      "feed_mult_effort": 0.000152511137736349
    },
    "economics": {
      "ch4_energy_kwh": 502220.0964258519,
      "pump_energy_kwh": 719.75,
      "net_energy_kwh": 501500.3464258519,
      "energy_efficiency_ratio": 697.7701930195929
    },
    "summary": {
      "production_score": 0.8373242316235116,
      "safety_score": 0.3862452240361236,
      "stability_score": 0.7717279069873462,
      "overall_score": 0.6437733636613233
    }
  }
}