{
  "record": {
    "controller": "FullPID",
    "controller_type": "full_pid",
    "scenario": "cold_winter",
    "seed": 42,
    "num_steps": 2880,
    "Q_HEX_bias": 2400.0,
    "production_score": 0.6304236338106181,
    "safety_score": 0.6544327931363203,
    "stability_score": 0.5578406527823562,
    "overall_score": -0.37448929866475344,
    "violation_rate": 0.3455672068636797,
    "avg_ch4": 1260.8472676212361,
    "terminated_early": true
  },
  "full_metrics": {
    "episode_info": {
      "steps": 2098,
      "duration_days": 21.854166666666664,
      "terminated_early": true,
      "termination_step": 2097
    },
    "reward": {
      "total": 1053.5442672088734,
      "mean": 0.502165999622914,
      "std": 0.37451343819623,
      "min": -0.8708797179865094,
      "max": 0.9446459605613925,
      "median": 0.5976795293146296
    },
    "production": {
      "total_ch4_m3": 27554.766327805763,
      "avg_ch4_flow": 1260.8472676212361,
      "std_ch4_flow": 557.4954047925556,
      "min_ch4_flow": 437.28839458068666,
      "max_ch4_flow": 2030.323126485681,
      "volumetric_productivity": 0.37083743165330474
    },
    "safety": {
      "total_violations": 725,
      "steps_with_violation": 725,
      "violation_rate": 0.3455672068636797,
      "ph_violation_count": 0,
      "vfa_violation_count": 725,
      "nh3_violation_count": 0,
      "ph_max_magnitude": 0.0,
      "vfa_max_magnitude": 0.6000127084611935,
      "nh3_max_magnitude": 0.0,
      "ph_max_duration": 0,
      "vfa_max_duration": 353,
      "nh3_max_duration": 0,
      "ph_mean": 7.156986252499704,
      "ph_std": 0.10069951248005847,
      "ph_min": 6.886600403525227,
      "ph_max": 7.263254636556823,
      "vfa_mean": 0.21805262681442936,
      "vfa_max": 0.8000127084611934,
      "nh3_mean": 0.0011324986882497448,
      "nh3_max": 0.0018833335585528186
    },
    "stability": {
      "ch4_volatility": 3.453988949521632,
      "ph_volatility": 0.00028552207689737163,
      "vfa_volatility": 0.0009047544438223372,
      "ch4_coefficient_of_variation": 0.4421593472176438
    },
    "control": {
      "q_ad_mean": 178.0,
      "q_ad_std": 0.0,
      "q_ad_min": 178.0,
      "q_ad_max": 178.0,
      "q_ad_effort": 0.0,
      "feed_mult_mean": 0.9902332166868579,
      "feed_mult_std": 0.139478808541534,
      "feed_mult_effort": 0.0002935262424467175
    },
    "economics": {
      "ch4_energy_kwh": 275547.66327805765,
      "pump_energy_kwh": 524.5,
      "net_energy_kwh": 275023.16327805765,
      "energy_efficiency_ratio": 525.3530281755151
    },
    "summary": {
      "production_score": 0.6304236338106181,
      "safety_score": 0.6544327931363203,
      "stability_score": 0.5578406527823562,
      "overall_score": -0.37448929866475344
    }
  }
}