{
  "record": {
    "controller": "PID",
    "controller_type": "pid",
    "scenario": "low_load",
    "seed": 42,
    "num_steps": 2880,
    "production_score": 0.5390247070523818,
    "safety_score": 1.0,
    "stability_score": 0.6947517724627323,
    "overall_score": 0.7545602373134992,
    "violation_rate": 0.0,
    "avg_ch4": 1078.0494141047636,
    "terminated_early": false
  },
  "full_metrics": {
    "episode_info": {
      "steps": 2879,
      "duration_days": 29.989583333333332,
      "terminated_early": false,
      "termination_step": null
    },
    "reward": {
      "total": 1335.876675737436,
      "mean": 0.464007181569099,
      "std": 0.16571310550827886,
      "min": -0.8719226995556971,
      "max": 0.7694165911141844,
      "median": 0.3924776365063004
    },
    "production": {
      "total_ch4_m3": 32330.252741745982,
      "avg_ch4_flow": 1078.0494141047636,
      "std_ch4_flow": 329.0726728530689,
      "min_ch4_flow": 432.41238395447573,
      "max_ch4_flow": 1679.9313899407748,
      "volumetric_productivity": 0.31707335708963635
    },
    "safety": {
      "total_violations": 0,
      "steps_with_violation": 0,
      "violation_rate": 0.0,
      "ph_violation_count": 0,
      "vfa_violation_count": 0,
      "nh3_violation_count": 0,
      "ph_max_magnitude": 0.0,
      "vfa_max_magnitude": 0.0,
      "nh3_max_magnitude": 0.0,
      "ph_max_duration": 0,
      "vfa_max_duration": 0,
      "nh3_max_duration": 0,
      "ph_mean": 7.190903040191386,
      "ph_std": 0.0624110469289771,
      "ph_min": 7.078278128669086,
      "ph_max": 7.268370661853597,
      "vfa_mean": 0.091195258742913,
      "vfa_max": 0.13892067754620535,
      "nh3_mean": 0.0013763282863326033,
      "nh3_max": 0.0019046668083563354
    },
    "stability": {
      "ch4_volatility": 4.053244313386586,
      "ph_volatility": 0.00015031682491919773,
      "vfa_volatility": 0.0004378149087320564,
      "ch4_coefficient_of_variation": 0.3052482275372676
    },
    "control": {
      "q_ad_mean": 178.0,
      "q_ad_std": 0.0,
      "q_ad_min": 178.0,
      "q_ad_max": 178.0,
      "q_ad_effort": 0.0,
      "feed_mult_mean": 1.0348580772365783,
      "feed_mult_std": 0.22105284783541268,
      "feed_mult_effort": 0.00028152926420486164
    },
    "economics": {
      "ch4_energy_kwh": 323302.5274174598,
      "pump_energy_kwh": 719.75,
      "net_energy_kwh": 322582.7774174598,
      "energy_efficiency_ratio": 449.1872558769848
    },
    "summary": {
      "production_score": 0.5390247070523818,
      "safety_score": 1.0,
      "stability_score": 0.6947517724627323,
      "overall_score": 0.7545602373134992
    }
  }
}