{
  "record": {
    "controller": "PID",
    "controller_type": "pid",
    "scenario": "temperature_drop",
    "seed": 42,
    "num_steps": 2880,
    "production_score": 0.9093822014794434,
    "safety_score": 0.06182702327196943,
    "stability_score": 0.7734514654993212,
    "overall_score": 0.5431739830004294,
    "violation_rate": 0.9381729767280306,
    "avg_ch4": 1818.7644029588866,
    "terminated_early": false
  },
  "full_metrics": {
    "episode_info": {
      "steps": 2879,
      "duration_days": 29.989583333333332,
      "terminated_early": false,
      "termination_step": null
    },
    "reward": {
      "total": 2393.7952964604524,
      "mean": 0.8314676264190526,
      "std": 0.2091627204752939,
      "min": -0.8719886529173361,
      "max": 1.094643826409351,
      "median": 0.8885236036574433
    },
    "production": {
      "total_ch4_m3": 54543.986626235775,
      "avg_ch4_flow": 1818.7644029588866,
      "std_ch4_flow": 412.03841009233787,
      "min_ch4_flow": 608.0586227187798,
      "max_ch4_flow": 2335.229750026823,
      "volumetric_productivity": 0.5349307067526137
    },
    "safety": {
      "total_violations": 3481,
      "steps_with_violation": 2701,
      "violation_rate": 0.9381729767280306,
      "ph_violation_count": 0,
      "vfa_violation_count": 873,
      "nh3_violation_count": 2608,
      "ph_max_magnitude": 0.0,
      "vfa_max_magnitude": 0.04069690854801569,
      "nh3_max_magnitude": 0.0007613502959455047,
      "ph_max_duration": 0,
      "vfa_max_duration": 137,
      "nh3_max_duration": 2608,
      "ph_mean": 7.282739348798987,
      "ph_std": 0.017315085699705374,
      "ph_min": 7.24448980077299,
      "ph_max": 7.321204949889117,
      "vfa_mean": 0.16410980153068597,
      "vfa_max": 0.2406969085480157,
      "nh3_mean": 0.0023224013735817788,
      "nh3_max": 0.0027613502959455047
    },
    "stability": {
      "ch4_volatility": 6.674506834931382,
      "ph_volatility": 0.0002777229987786199,
      "vfa_volatility": 0.0008661899549152629,
      "ch4_coefficient_of_variation": 0.22654853450067883
    },
    "control": {
      "q_ad_mean": 178.0,
      "q_ad_std": 0.0,
      "q_ad_min": 178.0,
      "q_ad_max": 178.0,
      "q_ad_effort": 0.0,
      "feed_mult_mean": 1.2402733659197698,
      "feed_mult_std": 0.015447453329255505,
      "feed_mult_effort": 0.00020456086272079967
    },
    "economics": {
      "ch4_energy_kwh": 545439.8662623578,
      "pump_energy_kwh": 719.75,
      "net_energy_kwh": 544720.1162623578,
      "energy_efficiency_ratio": 757.8185012328695
    },
    "summary": {
      "production_score": 0.9093822014794434,
      "safety_score": 0.06182702327196943,
      "stability_score": 0.7734514654993212,
      "overall_score": 0.5431739830004294
    }
  }
}