{
  "controller": "MPC",
  "train_scenario": "temperature_drop",
  "test_scenario": "temperature_drop",
  "obs_mode": "full",
  "seed": 42,
  "horizon": 4,
  "max_iter": 10,
  "disturbance_model": "persistent",
  "episode_steps": 2879,
  "terminated_early": false,
  "termination_step": null,
  "episode_duration_s": 1764.6,
  "overall_score": 0.40085414736148073,
  "score_worst": 0.40085414736148073,
  "score_cvar95": 0.40085414736148073,
  "avg_ch4_flow": 991.9052643358436,
  "total_ch4_m3": 29746.82558357181,
  "violation_rate": 0.8641889544980896,
  "ph_violation_count": 0,
  "vfa_violation_count": 0,
  "nh3_violation_count": 2488,
  "production_score": 0.49595263216792185,
  "safety_score": 0.13581104550191037,
  "stability_score": 0.7407433814677392
}