{
  "controller": "MPC",
  "train_scenario": "nominal",
  "test_scenario": "nominal",
  "obs_mode": "full",
  "seed": 123,
  "horizon": 4,
  "max_iter": 10,
  "disturbance_model": "persistent",
  "episode_steps": 2879,
  "terminated_early": false,
  "termination_step": null,
  "episode_duration_s": 1819.9,
  "overall_score": 0.4050497581203455,
  "score_worst": 0.4050497581203455,
  "score_cvar95": 0.4050497581203455,
  "avg_ch4_flow": 989.5351916028983,
  "total_ch4_m3": 29675.748089841087,
  "violation_rate": 0.8516846127127475,
  "ph_violation_count": 0,
  "vfa_violation_count": 0,
  "nh3_violation_count": 2452,
  "production_score": 0.49476759580144913,
  "safety_score": 0.14831538728725246,
  "stability_score": 0.7390828244243243
}