{
  "controller": "MPC",
  "train_scenario": "shock_load",
  "test_scenario": "shock_load",
  "obs_mode": "full",
  "seed": 123,
  "horizon": 4,
  "max_iter": 10,
  "disturbance_model": "persistent",
  "episode_steps": 2879,
  "terminated_early": false,
  "termination_step": null,
  "episode_duration_s": 1720.1,
  "overall_score": 0.3945084926020055,
  "score_worst": 0.3945084926020055,
  "score_cvar95": 0.3945084926020055,
  "avg_ch4_flow": 991.140607916375,
  "total_ch4_m3": 29723.893856158786,
  "violation_rate": 0.8798193817297673,
  "ph_violation_count": 0,
  "vfa_violation_count": 0,
  "nh3_violation_count": 2533,
  "production_score": 0.49557030395818746,
  "safety_score": 0.12018061827023274,
  "stability_score": 0.7410406185531868
}