{
  "controller": "NMPC",
  "train_scenario": "nominal",
  "test_scenario": "nominal",
  "obs_mode": "full",
  "seed": 456,
  "horizon": 4,
  "max_iter": 10,
  "disturbance_model": "oracle",
  "episode_steps": 2879,
  "terminated_early": false,
  "termination_step": null,
  "episode_duration_s": 1786.1,
  "overall_score": 0.41786120937233373,
  "score_worst": 0.41786120937233373,
  "score_cvar95": 0.41786120937233373,
  "avg_ch4_flow": 983.781376413838,
  "total_ch4_m3": 29503.19356974416,
  "violation_rate": 0.8166029871483154,
  "ph_violation_count": 0,
  "vfa_violation_count": 0,
  "nh3_violation_count": 2351,
  "production_score": 0.491890688206919,
  "safety_score": 0.18339701285168464,
  "stability_score": 0.7387306447444613
}