{
  "record": {
    "obs_mode": "full",
    "train_scenario": "low_load",
    "test_scenario": "nominal",
    "algo": "sac",
    "reward_config": "safety_first",
    "seed": 456,
    "reward_mean": -0.39759703185349116,
    "reward_std": 0.0,
    "ch4_avg": 1907.688403044383,
    "ch4_std": 2.396728981215028e-13,
    "violation_rate": 0.6651615144147274,
    "violation_rate_std": 0.0,
    "vfa_cvar95": 0.6651615144147274,
    "vfa_worst_episode": 0.6651615144147274,
    "overall_score": 0.6791272589726834,
    "score_worst": 0.6791272589726834,
    "score_cvar95": -0.6791272589726834,
    "terminated_rate": 0.0,
    "ph_mean": 7.264956088097291,
    "vfa_max_mean": 0.2239264186071273,
    "n_episodes": 10
  },
  "raw": {
    "reward_mean": -0.39759703185349116,
    "reward_std": 0.0,
    "ch4_avg": 1907.688403044383,
    "ch4_std": 2.396728981215028e-13,
    "violation_rate": 0.6651615144147274,
    "violation_rate_std": 0.0,
    "vfa_cvar95": 0.6651615144147274,
    "vfa_worst_episode": 0.6651615144147274,
    "overall_score": 0.6791272589726834,
    "score_worst": 0.6791272589726834,
    "score_cvar95": -0.6791272589726834,
    "terminated_rate": 0.0,
    "ph_mean": 7.264956088097291,
    "vfa_max_mean": 0.2239264186071273,
    "n_episodes": 10
  }
}