{
  "record": {
    "obs_mode": "simple",
    "train_scenario": "low_load",
    "test_scenario": "low_load",
    "algo": "sac",
    "reward_config": "safety_first",
    "seed": 456,
    "reward_mean": 0.6362759822430025,
    "reward_std": 1.1702778228589004e-16,
    "ch4_avg": 1513.901192220661,
    "ch4_std": 0.0,
    "violation_rate": 0.0,
    "violation_rate_std": 0.0,
    "vfa_cvar95": 0.0,
    "vfa_worst_episode": 0.0,
    "overall_score": 0.8684290787137148,
    "score_worst": 0.8684290787137148,
    "score_cvar95": -0.8684290787137148,
    "terminated_rate": 0.0,
    "ph_mean": 7.1917697192059595,
    "vfa_max_mean": 0.18377644709678614,
    "n_episodes": 10
  },
  "raw": {
    "reward_mean": 0.6362759822430025,
    "reward_std": 1.1702778228589004e-16,
    "ch4_avg": 1513.901192220661,
    "ch4_std": 0.0,
    "violation_rate": 0.0,
    "violation_rate_std": 0.0,
    "vfa_cvar95": 0.0,
    "vfa_worst_episode": 0.0,
    "overall_score": 0.8684290787137148,
    "score_worst": 0.8684290787137148,
    "score_cvar95": -0.8684290787137148,
    "terminated_rate": 0.0,
    "ph_mean": 7.1917697192059595,
    "vfa_max_mean": 0.18377644709678614,
    "n_episodes": 10
  }
}