{
  "record": {
    "obs_mode": "full",
    "train_scenario": "shock_load",
    "test_scenario": "high_load",
    "algo": "sac",
    "reward_config": "safety_first",
    "seed": 42,
    "reward_mean": 0.5843326571317011,
    "reward_std": 1.1702778228589004e-16,
    "ch4_avg": 1969.6427886298472,
    "ch4_std": 2.396728981215028e-13,
    "violation_rate": 0.17193469954845433,
    "violation_rate_std": 0.0,
    "vfa_cvar95": 0.17193469954845433,
    "vfa_worst_episode": 0.17193469954845433,
    "overall_score": 0.9101642501172215,
    "score_worst": 0.9101642501172215,
    "score_cvar95": -0.9101642501172215,
    "terminated_rate": 0.0,
    "ph_mean": 7.2394332803134605,
    "vfa_max_mean": 0.21797377849523897,
    "n_episodes": 10
  },
  "raw": {
    "reward_mean": 0.5843326571317011,
    "reward_std": 1.1702778228589004e-16,
    "ch4_avg": 1969.6427886298472,
    "ch4_std": 2.396728981215028e-13,
    "violation_rate": 0.17193469954845433,
    "violation_rate_std": 0.0,
    "vfa_cvar95": 0.17193469954845433,
    "vfa_worst_episode": 0.17193469954845433,
    "overall_score": 0.9101642501172215,
    "score_worst": 0.9101642501172215,
    "score_cvar95": -0.9101642501172215,
    "terminated_rate": 0.0,
    "ph_mean": 7.2394332803134605,
    "vfa_max_mean": 0.21797377849523897,
    "n_episodes": 10
  }
}