{
  "record": {
    "obs_mode": "full",
    "train_scenario": "shock_load",
    "test_scenario": "low_load",
    "algo": "sac",
    "reward_config": "safety_first",
    "seed": 789,
    "reward_mean": 0.5357221590170022,
    "reward_std": 0.0,
    "ch4_avg": 1297.7099563688557,
    "ch4_std": 2.396728981215028e-13,
    "violation_rate": 0.0,
    "violation_rate_std": 0.0,
    "vfa_cvar95": 0.0,
    "vfa_worst_episode": 0.0,
    "overall_score": 0.8156857163921831,
    "score_worst": 0.8156857163921831,
    "score_cvar95": -0.8156857163921831,
    "terminated_rate": 0.0,
    "ph_mean": 7.1941601091441525,
    "vfa_max_mean": 0.15248405249263047,
    "n_episodes": 10
  },
  "raw": {
    "reward_mean": 0.5357221590170022,
    "reward_std": 0.0,
    "ch4_avg": 1297.7099563688557,
    "ch4_std": 2.396728981215028e-13,
    "violation_rate": 0.0,
    "violation_rate_std": 0.0,
    "vfa_cvar95": 0.0,
    "vfa_worst_episode": 0.0,
    "overall_score": 0.8156857163921831,
    "score_worst": 0.8156857163921831,
    "score_cvar95": -0.8156857163921831,
    "terminated_rate": 0.0,
    "ph_mean": 7.1941601091441525,
    "vfa_max_mean": 0.15248405249263047,
    "n_episodes": 10
  }
}