{
  "record": {
    "obs_mode": "full",
    "train_scenario": "nominal",
    "test_scenario": "low_load",
    "algo": "sac",
    "reward_config": "safety_first",
    "seed": 123,
    "reward_mean": 0.586424739979255,
    "reward_std": 1.1702778228589004e-16,
    "ch4_avg": 1613.7604642815581,
    "ch4_std": 2.396728981215028e-13,
    "violation_rate": 0.06703716568252864,
    "violation_rate_std": 1.4628472785736255e-17,
    "vfa_cvar95": 0.06703716568252865,
    "vfa_worst_episode": 0.06703716568252865,
    "overall_score": 0.8410188892873356,
    "score_worst": 0.8410188892873356,
    "score_cvar95": -0.8410188892873356,
    "terminated_rate": 0.0,
    "ph_mean": 7.174117457884646,
    "vfa_max_mean": 0.2172812948548984,
    "n_episodes": 10
  },
  "raw": {
    "reward_mean": 0.586424739979255,
    "reward_std": 1.1702778228589004e-16,
    "ch4_avg": 1613.7604642815581,
    "ch4_std": 2.396728981215028e-13,
    "violation_rate": 0.06703716568252864,
    "violation_rate_std": 1.4628472785736255e-17,
    "vfa_cvar95": 0.06703716568252865,
    "vfa_worst_episode": 0.06703716568252865,
    "overall_score": 0.8410188892873356,
    "score_worst": 0.8410188892873356,
    "score_cvar95": -0.8410188892873356,
    "terminated_rate": 0.0,
    "ph_mean": 7.174117457884646,
    "vfa_max_mean": 0.2172812948548984,
    "n_episodes": 10
  }
}