{
  "record": {
    "obs_mode": "simple",
    "train_scenario": "low_load",
    "test_scenario": "high_load",
    "algo": "sac",
    "reward_config": "safety_first",
    "seed": 456,
    "reward_mean": -2.394004321770794,
    "reward_std": 0.0,
    "ch4_avg": 2246.9278155500315,
    "ch4_std": 0.0,
    "violation_rate": 0.976728030566169,
    "violation_rate_std": 1.1702778228589004e-16,
    "vfa_cvar95": 0.9767280305661689,
    "vfa_worst_episode": 0.9767280305661689,
    "overall_score": 0.6380925544485322,
    "score_worst": 0.6380925544485323,
    "score_cvar95": -0.6380925544485323,
    "terminated_rate": 0.0,
    "ph_mean": 7.318946361478572,
    "vfa_max_mean": 0.6655054515943553,
    "n_episodes": 10
  },
  "raw": {
    "reward_mean": -2.394004321770794,
    "reward_std": 0.0,
    "ch4_avg": 2246.9278155500315,
    "ch4_std": 0.0,
    "violation_rate": 0.976728030566169,
    "violation_rate_std": 1.1702778228589004e-16,
    "vfa_cvar95": 0.9767280305661689,
    "vfa_worst_episode": 0.9767280305661689,
    "overall_score": 0.6380925544485322,
    "score_worst": 0.6380925544485323,
    "score_cvar95": -0.6380925544485323,
    "terminated_rate": 0.0,
    "ph_mean": 7.318946361478572,
    "vfa_max_mean": 0.6655054515943553,
    "n_episodes": 10
  }
}