{
  "record": {
    "obs_mode": "simple",
    "train_scenario": "cold_winter",
    "test_scenario": "nominal",
    "algo": "sac",
    "reward_config": "safety_first",
    "seed": 789,
    "reward_mean": -0.2910417317798387,
    "reward_std": 0.0,
    "ch4_avg": 1840.8442226396007,
    "ch4_std": 0.0,
    "violation_rate": 0.64397360194512,
    "violation_rate_std": 1.1702778228589004e-16,
    "vfa_cvar95": 0.6439736019451199,
    "vfa_worst_episode": 0.6439736019451199,
    "overall_score": 0.6779403946662469,
    "score_worst": 0.6779403946662469,
    "score_cvar95": -0.6779403946662469,
    "terminated_rate": 0.0,
    "ph_mean": 7.264118225466691,
    "vfa_max_mean": 0.22060439582902278,
    "n_episodes": 10
  },
  "raw": {
    "reward_mean": -0.2910417317798387,
    "reward_std": 0.0,
    "ch4_avg": 1840.8442226396007,
    "ch4_std": 0.0,
    "violation_rate": 0.64397360194512,
    "violation_rate_std": 1.1702778228589004e-16,
    "vfa_cvar95": 0.6439736019451199,
    "vfa_worst_episode": 0.6439736019451199,
    "overall_score": 0.6779403946662469,
    "score_worst": 0.6779403946662469,
    "score_cvar95": -0.6779403946662469,
    "terminated_rate": 0.0,
    "ph_mean": 7.264118225466691,
    "vfa_max_mean": 0.22060439582902278,
    "n_episodes": 10
  }
}