{
  "record": {
    "obs_mode": "full",
    "train_scenario": "high_load",
    "test_scenario": "shock_load",
    "algo": "sac",
    "reward_config": "safety_first",
    "seed": 456,
    "reward_mean": 0.3586136580398449,
    "reward_std": 0.0,
    "ch4_avg": 837.9433020176078,
    "ch4_std": 0.0,
    "violation_rate": 0.0,
    "violation_rate_std": 0.0,
    "vfa_cvar95": 0.0,
    "vfa_worst_episode": 0.0,
    "overall_score": 0.6413967660427552,
    "score_worst": 0.6413967660427553,
    "score_cvar95": -0.6413967660427553,
    "terminated_rate": 0.0,
    "ph_mean": 7.191565037265026,
    "vfa_max_mean": 0.1345170776473892,
    "n_episodes": 10
  },
  "raw": {
    "reward_mean": 0.3586136580398449,
    "reward_std": 0.0,
    "ch4_avg": 837.9433020176078,
    "ch4_std": 0.0,
    "violation_rate": 0.0,
    "violation_rate_std": 0.0,
    "vfa_cvar95": 0.0,
    "vfa_worst_episode": 0.0,
    "overall_score": 0.6413967660427552,
    "score_worst": 0.6413967660427553,
    "score_cvar95": -0.6413967660427553,
    "terminated_rate": 0.0,
    "ph_mean": 7.191565037265026,
    "vfa_max_mean": 0.1345170776473892,
    "n_episodes": 10
  }
}