{
  "record": {
    "obs_mode": "simple",
    "train_scenario": "high_load",
    "test_scenario": "cold_winter",
    "algo": "sac",
    "reward_config": "safety_first",
    "seed": 42,
    "reward_mean": 0.24765136029239562,
    "reward_std": 2.925694557147251e-17,
    "ch4_avg": 536.9843529613788,
    "ch4_std": 0.0,
    "violation_rate": 0.0,
    "violation_rate_std": 0.0,
    "vfa_cvar95": 0.0,
    "vfa_worst_episode": 0.0,
    "overall_score": 0.589630234601389,
    "score_worst": 0.5896302346013891,
    "score_cvar95": -0.5896302346013891,
    "terminated_rate": 0.0,
    "ph_mean": 7.190694256287647,
    "vfa_max_mean": 0.13316485937527994,
    "n_episodes": 10
  },
  "raw": {
    "reward_mean": 0.24765136029239562,
    "reward_std": 2.925694557147251e-17,
    "ch4_avg": 536.9843529613788,
    "ch4_std": 0.0,
    "violation_rate": 0.0,
    "violation_rate_std": 0.0,
    "vfa_cvar95": 0.0,
    "vfa_worst_episode": 0.0,
    "overall_score": 0.589630234601389,
    "score_worst": 0.5896302346013891,
    "score_cvar95": -0.5896302346013891,
    "terminated_rate": 0.0,
    "ph_mean": 7.190694256287647,
    "vfa_max_mean": 0.13316485937527994,
    "n_episodes": 10
  }
}