{
  "record": {
    "obs_mode": "simple",
    "train_scenario": "temperature_drop",
    "test_scenario": "cold_winter",
    "algo": "sac",
    "reward_config": "safety_first",
    "seed": 123,
    "reward_mean": 0.40947341318282077,
    "reward_std": 0.0,
    "ch4_avg": 857.4642339915939,
    "ch4_std": 0.0,
    "violation_rate": 0.0,
    "violation_rate_std": 0.0,
    "vfa_cvar95": 0.0,
    "vfa_worst_episode": 0.0,
    "overall_score": 0.6623882809941841,
    "score_worst": 0.662388280994184,
    "score_cvar95": -0.662388280994184,
    "terminated_rate": 0.0,
    "ph_mean": 7.264395436397299,
    "vfa_max_mean": 0.1845084588225234,
    "n_episodes": 10
  },
  "raw": {
    "reward_mean": 0.40947341318282077,
    "reward_std": 0.0,
    "ch4_avg": 857.4642339915939,
    "ch4_std": 0.0,
    "violation_rate": 0.0,
    "violation_rate_std": 0.0,
    "vfa_cvar95": 0.0,
    "vfa_worst_episode": 0.0,
    "overall_score": 0.6623882809941841,
    "score_worst": 0.662388280994184,
    "score_cvar95": -0.662388280994184,
    "terminated_rate": 0.0,
    "ph_mean": 7.264395436397299,
    "vfa_max_mean": 0.1845084588225234,
    "n_episodes": 10
  }
}