{
  "record": {
    "obs_mode": "full",
    "train_scenario": "low_load",
    "test_scenario": "low_load",
    "algo": "sac",
    "reward_config": "safety_first",
    "seed": 42,
    "reward_mean": 0.6257830940520244,
    "reward_std": 0.0,
    "ch4_avg": 1496.83588978608,
    "ch4_std": 0.0,
    "violation_rate": 0.0,
    "violation_rate_std": 0.0,
    "vfa_cvar95": 0.0,
    "vfa_worst_episode": 0.0,
    "overall_score": 0.8674515401752343,
    "score_worst": 0.8674515401752343,
    "score_cvar95": -0.8674515401752343,
    "terminated_rate": 0.0,
    "ph_mean": 7.1924019535749775,
    "vfa_max_mean": 0.1615976827054279,
    "n_episodes": 10
  },
  "raw": {
    "reward_mean": 0.6257830940520244,
    "reward_std": 0.0,
    "ch4_avg": 1496.83588978608,
    "ch4_std": 0.0,
    "violation_rate": 0.0,
    "violation_rate_std": 0.0,
    "vfa_cvar95": 0.0,
    "vfa_worst_episode": 0.0,
    "overall_score": 0.8674515401752343,
    "score_worst": 0.8674515401752343,
    "score_cvar95": -0.8674515401752343,
    "terminated_rate": 0.0,
    "ph_mean": 7.1924019535749775,
    "vfa_max_mean": 0.1615976827054279,
    "n_episodes": 10
  }
}