{
  "record": {
    "obs_mode": "full",
    "train_scenario": "low_load",
    "test_scenario": "temperature_drop",
    "algo": "sac",
    "reward_config": "safety_first",
    "seed": 456,
    "reward_mean": -0.3928517274395772,
    "reward_std": 0.0,
    "ch4_avg": 1903.4919103929228,
    "ch4_std": 2.396728981215028e-13,
    "violation_rate": 0.662730114623133,
    "violation_rate_std": 0.0,
    "vfa_cvar95": 0.662730114623133,
    "vfa_worst_episode": 0.662730114623133,
    "overall_score": 0.6786964921428673,
    "score_worst": 0.6786964921428673,
    "score_cvar95": -0.6786964921428673,
    "terminated_rate": 0.0,
    "ph_mean": 7.264810105727757,
    "vfa_max_mean": 0.2239264186071273,
    "n_episodes": 10
  },
  "raw": {
    "reward_mean": -0.3928517274395772,
    "reward_std": 0.0,
    "ch4_avg": 1903.4919103929228,
    "ch4_std": 2.396728981215028e-13,
    "violation_rate": 0.662730114623133,
    "violation_rate_std": 0.0,
    "vfa_cvar95": 0.662730114623133,
    "vfa_worst_episode": 0.662730114623133,
    "overall_score": 0.6786964921428673,
    "score_worst": 0.6786964921428673,
    "score_cvar95": -0.6786964921428673,
    "terminated_rate": 0.0,
    "ph_mean": 7.264810105727757,
    "vfa_max_mean": 0.2239264186071273,
    "n_episodes": 10
  }
}