{
  "record": {
    "obs_mode": "full",
    "train_scenario": "high_load",
    "test_scenario": "high_load",
    "algo": "sac",
    "reward_config": "safety_first",
    "seed": 42,
    "reward_mean": -0.24430351885978024,
    "reward_std": 2.925694557147251e-17,
    "ch4_avg": 2164.773656077329,
    "ch4_std": 0.0,
    "violation_rate": 0.6936436262591179,
    "violation_rate_std": 1.1702778228589004e-16,
    "vfa_cvar95": 0.6936436262591178,
    "vfa_worst_episode": 0.6936436262591178,
    "overall_score": 0.7095079658989716,
    "score_worst": 0.7095079658989715,
    "score_cvar95": -0.7095079658989715,
    "terminated_rate": 0.0,
    "ph_mean": 7.177487408520361,
    "vfa_max_mean": 0.32718490645806064,
    "n_episodes": 10
  },
  "raw": {
    "reward_mean": -0.24430351885978024,
    "reward_std": 2.925694557147251e-17,
    "ch4_avg": 2164.773656077329,
    "ch4_std": 0.0,
    "violation_rate": 0.6936436262591179,
    "violation_rate_std": 1.1702778228589004e-16,
    "vfa_cvar95": 0.6936436262591178,
    "vfa_worst_episode": 0.6936436262591178,
    "overall_score": 0.7095079658989716,
    "score_worst": 0.7095079658989715,
    "score_cvar95": -0.7095079658989715,
    "terminated_rate": 0.0,
    "ph_mean": 7.177487408520361,
    "vfa_max_mean": 0.32718490645806064,
    "n_episodes": 10
  }
}