{
  "record": {
    "obs_mode": "simple",
    "train_scenario": "low_load",
    "test_scenario": "temperature_drop",
    "algo": "sac",
    "reward_config": "safety_first",
    "seed": 42,
    "reward_mean": -0.474183399437624,
    "reward_std": 5.851389114294502e-17,
    "ch4_avg": 1937.3760728080022,
    "ch4_std": 0.0,
    "violation_rate": 0.7165682528655782,
    "violation_rate_std": 1.1702778228589004e-16,
    "vfa_cvar95": 0.7165682528655783,
    "vfa_worst_episode": 0.7165682528655783,
    "overall_score": 0.6780964559592304,
    "score_worst": 0.6780964559592304,
    "score_cvar95": -0.6780964559592304,
    "terminated_rate": 0.0,
    "ph_mean": 7.270136877148326,
    "vfa_max_mean": 0.24104174837881892,
    "n_episodes": 10
  },
  "raw": {
    "reward_mean": -0.474183399437624,
    "reward_std": 5.851389114294502e-17,
    "ch4_avg": 1937.3760728080022,
    "ch4_std": 0.0,
    "violation_rate": 0.7165682528655782,
    "violation_rate_std": 1.1702778228589004e-16,
    "vfa_cvar95": 0.7165682528655783,
    "vfa_worst_episode": 0.7165682528655783,
    "overall_score": 0.6780964559592304,
    "score_worst": 0.6780964559592304,
    "score_cvar95": -0.6780964559592304,
    "terminated_rate": 0.0,
    "ph_mean": 7.270136877148326,
    "vfa_max_mean": 0.24104174837881892,
    "n_episodes": 10
  }
}