{
  "record": {
    "obs_mode": "simple",
    "train_scenario": "cold_winter",
    "test_scenario": "shock_load",
    "algo": "sac",
    "reward_config": "safety_first",
    "seed": 789,
    "reward_mean": -0.30865383898762266,
    "reward_std": 5.851389114294502e-17,
    "ch4_avg": 1845.0562368520539,
    "ch4_std": 0.0,
    "violation_rate": 0.6502257728377909,
    "violation_rate_std": 0.0,
    "vfa_cvar95": 0.6502257728377909,
    "vfa_worst_episode": 0.6502257728377909,
    "overall_score": 0.6761130838176213,
    "score_worst": 0.6761130838176213,
    "score_cvar95": -0.6761130838176213,
    "terminated_rate": 0.0,
    "ph_mean": 7.264845800069199,
    "vfa_max_mean": 0.22381110869970205,
    "n_episodes": 10
  },
  "raw": {
    "reward_mean": -0.30865383898762266,
    "reward_std": 5.851389114294502e-17,
    "ch4_avg": 1845.0562368520539,
    "ch4_std": 0.0,
    "violation_rate": 0.6502257728377909,
    "violation_rate_std": 0.0,
    "vfa_cvar95": 0.6502257728377909,
    "vfa_worst_episode": 0.6502257728377909,
    "overall_score": 0.6761130838176213,
    "score_worst": 0.6761130838176213,
    "score_cvar95": -0.6761130838176213,
    "terminated_rate": 0.0,
    "ph_mean": 7.264845800069199,
    "vfa_max_mean": 0.22381110869970205,
    "n_episodes": 10
  }
}