{
  "record": {
    "obs_mode": "full",
    "train_scenario": "shock_load",
    "test_scenario": "shock_load",
    "algo": "sac",
    "reward_config": "safety_first",
    "seed": 456,
    "reward_mean": 0.7276074672189011,
    "reward_std": 1.1702778228589004e-16,
    "ch4_avg": 1656.4769691872775,
    "ch4_std": 2.396728981215028e-13,
    "violation_rate": 0.0,
    "violation_rate_std": 0.0,
    "vfa_cvar95": 0.0,
    "vfa_worst_episode": 0.0,
    "overall_score": 0.9068097916943417,
    "score_worst": 0.9068097916943417,
    "score_cvar95": -0.9068097916943417,
    "terminated_rate": 0.0,
    "ph_mean": 7.244610939621848,
    "vfa_max_mean": 0.1803888430722594,
    "n_episodes": 10
  },
  "raw": {
    "reward_mean": 0.7276074672189011,
    "reward_std": 1.1702778228589004e-16,
    "ch4_avg": 1656.4769691872775,
    "ch4_std": 2.396728981215028e-13,
    "violation_rate": 0.0,
    "violation_rate_std": 0.0,
    "vfa_cvar95": 0.0,
    "vfa_worst_episode": 0.0,
    "overall_score": 0.9068097916943417,
    "score_worst": 0.9068097916943417,
    "score_cvar95": -0.9068097916943417,
    "terminated_rate": 0.0,
    "ph_mean": 7.244610939621848,
    "vfa_max_mean": 0.1803888430722594,
    "n_episodes": 10
  }
}