{
  "record": {
    "obs_mode": "full",
    "train_scenario": "low_load",
    "test_scenario": "nominal",
    "algo": "sac",
    "reward_config": "safety_first",
    "seed": 123,
    "reward_mean": -0.9324055656360615,
    "reward_std": 1.1702778228589004e-16,
    "ch4_avg": 2005.2140365090854,
    "ch4_std": 0.0,
    "violation_rate": 0.8589788120875304,
    "violation_rate_std": 0.0,
    "vfa_cvar95": 0.8589788120875304,
    "vfa_worst_episode": 0.8589788120875304,
    "overall_score": 0.6304712057135282,
    "score_worst": 0.6304712057135282,
    "score_cvar95": -0.6304712057135282,
    "terminated_rate": 0.0,
    "ph_mean": 7.278871870201075,
    "vfa_max_mean": 0.23682074775681375,
    "n_episodes": 10
  },
  "raw": {
    "reward_mean": -0.9324055656360615,
    "reward_std": 1.1702778228589004e-16,
    "ch4_avg": 2005.2140365090854,
    "ch4_std": 0.0,
    "violation_rate": 0.8589788120875304,
    "violation_rate_std": 0.0,
    "vfa_cvar95": 0.8589788120875304,
    "vfa_worst_episode": 0.8589788120875304,
    "overall_score": 0.6304712057135282,
    "score_worst": 0.6304712057135282,
    "score_cvar95": -0.6304712057135282,
    "terminated_rate": 0.0,
    "ph_mean": 7.278871870201075,
    "vfa_max_mean": 0.23682074775681375,
    "n_episodes": 10
  }
}