{
  "record": {
    "obs_mode": "simple",
    "train_scenario": "shock_load",
    "test_scenario": "low_load",
    "algo": "sac",
    "reward_config": "safety_first",
    "seed": 456,
    "reward_mean": 0.622253247362704,
    "reward_std": 1.1702778228589004e-16,
    "ch4_avg": 1469.6669324302607,
    "ch4_std": 2.396728981215028e-13,
    "violation_rate": 0.0,
    "violation_rate_std": 0.0,
    "vfa_cvar95": 0.0,
    "vfa_worst_episode": 0.0,
    "overall_score": 0.8542172536888462,
    "score_worst": 0.8542172536888462,
    "score_cvar95": -0.8542172536888462,
    "terminated_rate": 0.0,
    "ph_mean": 7.189730219534155,
    "vfa_max_mean": 0.17185518478722825,
    "n_episodes": 10
  },
  "raw": {
    "reward_mean": 0.622253247362704,
    "reward_std": 1.1702778228589004e-16,
    "ch4_avg": 1469.6669324302607,
    "ch4_std": 2.396728981215028e-13,
    "violation_rate": 0.0,
    "violation_rate_std": 0.0,
    "vfa_cvar95": 0.0,
    "vfa_worst_episode": 0.0,
    "overall_score": 0.8542172536888462,
    "score_worst": 0.8542172536888462,
    "score_cvar95": -0.8542172536888462,
    "terminated_rate": 0.0,
    "ph_mean": 7.189730219534155,
    "vfa_max_mean": 0.17185518478722825,
    "n_episodes": 10
  }
}