{
  "record": {
    "obs_mode": "full",
    "train_scenario": "shock_load",
    "test_scenario": "shock_load",
    "algo": "sac",
    "reward_config": "safety_first",
    "seed": 1234,
    "reward_mean": 0.7912465875168093,
    "reward_std": 0.0,
    "ch4_avg": 1828.793181274766,
    "ch4_std": 2.396728981215028e-13,
    "violation_rate": 0.0,
    "violation_rate_std": 0.0,
    "vfa_cvar95": 0.0,
    "vfa_worst_episode": 0.0,
    "overall_score": 0.9401086798168171,
    "score_worst": 0.9401086798168172,
    "score_cvar95": -0.9401086798168172,
    "terminated_rate": 0.0,
    "ph_mean": 7.238322010487349,
    "vfa_max_mean": 0.18941331361310548,
    "n_episodes": 10
  },
  "raw": {
    "reward_mean": 0.7912465875168093,
    "reward_std": 0.0,
    "ch4_avg": 1828.793181274766,
    "ch4_std": 2.396728981215028e-13,
    "violation_rate": 0.0,
    "violation_rate_std": 0.0,
    "vfa_cvar95": 0.0,
    "vfa_worst_episode": 0.0,
    "overall_score": 0.9401086798168171,
    "score_worst": 0.9401086798168172,
    "score_cvar95": -0.9401086798168172,
    "terminated_rate": 0.0,
    "ph_mean": 7.238322010487349,
    "vfa_max_mean": 0.18941331361310548,
    "n_episodes": 10
  }
}