{
  "record": {
    "obs_mode": "simple",
    "train_scenario": "high_load",
    "test_scenario": "nominal",
    "algo": "sac",
    "reward_config": "safety_first",
    "seed": 123,
    "reward_mean": 0.6548837349473665,
    "reward_std": 1.1702778228589004e-16,
    "ch4_avg": 1598.45188099722,
    "ch4_std": 2.396728981215028e-13,
    "violation_rate": 0.0,
    "violation_rate_std": 0.0,
    "vfa_cvar95": 0.0,
    "vfa_worst_episode": 0.0,
    "overall_score": 0.8938915861613065,
    "score_worst": 0.8938915861613065,
    "score_cvar95": -0.8938915861613065,
    "terminated_rate": 0.0,
    "ph_mean": 7.17950195873141,
    "vfa_max_mean": 0.1851832875982375,
    "n_episodes": 10
  },
  "raw": {
    "reward_mean": 0.6548837349473665,
    "reward_std": 1.1702778228589004e-16,
    "ch4_avg": 1598.45188099722,
    "ch4_std": 2.396728981215028e-13,
    "violation_rate": 0.0,
    "violation_rate_std": 0.0,
    "vfa_cvar95": 0.0,
    "vfa_worst_episode": 0.0,
    "overall_score": 0.8938915861613065,
    "score_worst": 0.8938915861613065,
    "score_cvar95": -0.8938915861613065,
    "terminated_rate": 0.0,
    "ph_mean": 7.17950195873141,
    "vfa_max_mean": 0.1851832875982375,
    "n_episodes": 10
  }
}