{
  "record": {
    "obs_mode": "simple",
    "train_scenario": "cold_winter",
    "test_scenario": "temperature_drop",
    "algo": "sac",
    "reward_config": "safety_first",
    "seed": 1234,
    "reward_mean": -0.8478484563406627,
    "reward_std": 0.0,
    "ch4_avg": 1378.825676574224,
    "ch4_std": 0.0,
    "violation_rate": 0.9204584925321292,
    "violation_rate_std": 0.0,
    "vfa_cvar95": 0.9204584925321292,
    "vfa_worst_episode": 0.9204584925321292,
    "overall_score": 0.4247477070144874,
    "score_worst": 0.4247477070144874,
    "score_cvar95": -0.4247477070144874,
    "terminated_rate": 0.0,
    "ph_mean": 7.302480725363511,
    "vfa_max_mean": 0.2080397807152361,
    "n_episodes": 10
  },
  "raw": {
    "reward_mean": -0.8478484563406627,
    "reward_std": 0.0,
    "ch4_avg": 1378.825676574224,
    "ch4_std": 0.0,
    "violation_rate": 0.9204584925321292,
    "violation_rate_std": 0.0,
    "vfa_cvar95": 0.9204584925321292,
    "vfa_worst_episode": 0.9204584925321292,
    "overall_score": 0.4247477070144874,
    "score_worst": 0.4247477070144874,
    "score_cvar95": -0.4247477070144874,
    "terminated_rate": 0.0,
    "ph_mean": 7.302480725363511,
    "vfa_max_mean": 0.2080397807152361,
    "n_episodes": 10
  }
}