{
  "record": {
    "obs_mode": "full",
    "train_scenario": "shock_load",
    "test_scenario": "cold_winter",
    "algo": "sac",
    "reward_config": "safety_first",
    "seed": 456,
    "reward_mean": 0.3137116617991786,
    "reward_std": 0.0,
    "ch4_avg": 665.9273124656437,
    "ch4_std": 0.0,
    "violation_rate": 0.0,
    "violation_rate_std": 0.0,
    "vfa_cvar95": 0.0,
    "vfa_worst_episode": 0.0,
    "overall_score": 0.589779017642808,
    "score_worst": 0.589779017642808,
    "score_cvar95": -0.589779017642808,
    "terminated_rate": 0.0,
    "ph_mean": 7.2334329862422235,
    "vfa_max_mean": 0.13318724884986796,
    "n_episodes": 10
  },
  "raw": {
    "reward_mean": 0.3137116617991786,
    "reward_std": 0.0,
    "ch4_avg": 665.9273124656437,
    "ch4_std": 0.0,
    "violation_rate": 0.0,
    "violation_rate_std": 0.0,
    "vfa_cvar95": 0.0,
    "vfa_worst_episode": 0.0,
    "overall_score": 0.589779017642808,
    "score_worst": 0.589779017642808,
    "score_cvar95": -0.589779017642808,
    "terminated_rate": 0.0,
    "ph_mean": 7.2334329862422235,
    "vfa_max_mean": 0.13318724884986796,
    "n_episodes": 10
  }
}