{
  "record": {
    "obs_mode": "full",
    "train_scenario": "low_load",
    "test_scenario": "high_load",
    "algo": "sac",
    "reward_config": "safety_first",
    "seed": 123,
    "reward_mean": -2.0294938247000465,
    "reward_std": 0.0,
    "ch4_avg": 2148.8072403607994,
    "ch4_std": 0.0,
    "violation_rate": 0.9687391455366446,
    "violation_rate_std": 0.0,
    "vfa_cvar95": 0.9687391455366446,
    "vfa_worst_episode": 0.9687391455366446,
    "overall_score": 0.6262364411689528,
    "score_worst": 0.6262364411689529,
    "score_cvar95": -0.6262364411689529,
    "terminated_rate": 0.0,
    "ph_mean": 7.32168599112902,
    "vfa_max_mean": 0.4006910249569918,
    "n_episodes": 10
  },
  "raw": {
    "reward_mean": -2.0294938247000465,
    "reward_std": 0.0,
    "ch4_avg": 2148.8072403607994,
    "ch4_std": 0.0,
    "violation_rate": 0.9687391455366446,
    "violation_rate_std": 0.0,
    "vfa_cvar95": 0.9687391455366446,
    "vfa_worst_episode": 0.9687391455366446,
    "overall_score": 0.6262364411689528,
    "score_worst": 0.6262364411689529,
    "score_cvar95": -0.6262364411689529,
    "terminated_rate": 0.0,
    "ph_mean": 7.32168599112902,
    "vfa_max_mean": 0.4006910249569918,
    "n_episodes": 10
  }
}