{
  "record": {
    "obs_mode": "simple",
    "train_scenario": "low_load",
    "test_scenario": "cold_winter",
    "algo": "sac",
    "reward_config": "safety_first",
    "seed": 42,
    "reward_mean": 0.37179878064269334,
    "reward_std": 0.0,
    "ch4_avg": 785.7694188554176,
    "ch4_std": 1.198364490607514e-13,
    "violation_rate": 0.0,
    "violation_rate_std": 0.0,
    "vfa_cvar95": 0.0,
    "vfa_worst_episode": 0.0,
    "overall_score": 0.6355326185387578,
    "score_worst": 0.6355326185387579,
    "score_cvar95": -0.6355326185387579,
    "terminated_rate": 0.0,
    "ph_mean": 7.255055982716132,
    "vfa_max_mean": 0.15619292331102413,
    "n_episodes": 10
  },
  "raw": {
    "reward_mean": 0.37179878064269334,
    "reward_std": 0.0,
    "ch4_avg": 785.7694188554176,
    "ch4_std": 1.198364490607514e-13,
    "violation_rate": 0.0,
    "violation_rate_std": 0.0,
    "vfa_cvar95": 0.0,
    "vfa_worst_episode": 0.0,
    "overall_score": 0.6355326185387578,
    "score_worst": 0.6355326185387579,
    "score_cvar95": -0.6355326185387579,
    "terminated_rate": 0.0,
    "ph_mean": 7.255055982716132,
    "vfa_max_mean": 0.15619292331102413,
    "n_episodes": 10
  }
}