{
  "record": {
    "obs_mode": "simple",
    "train_scenario": "nominal",
    "test_scenario": "shock_load",
    "algo": "sac",
    "reward_config": "safety_first",
    "seed": 42,
    "reward_mean": 0.6802455772592093,
    "reward_std": 1.1702778228589004e-16,
    "ch4_avg": 1580.003627217924,
    "ch4_std": 0.0,
    "violation_rate": 0.0,
    "violation_rate_std": 0.0,
    "vfa_cvar95": 0.0,
    "vfa_worst_episode": 0.0,
    "overall_score": 0.879860618373678,
    "score_worst": 0.879860618373678,
    "score_cvar95": -0.879860618373678,
    "terminated_rate": 0.0,
    "ph_mean": 7.206555798240072,
    "vfa_max_mean": 0.17798169143483816,
    "n_episodes": 10
  },
  "raw": {
    "reward_mean": 0.6802455772592093,
    "reward_std": 1.1702778228589004e-16,
    "ch4_avg": 1580.003627217924,
    "ch4_std": 0.0,
    "violation_rate": 0.0,
    "violation_rate_std": 0.0,
    "vfa_cvar95": 0.0,
    "vfa_worst_episode": 0.0,
    "overall_score": 0.879860618373678,
    "score_worst": 0.879860618373678,
    "score_cvar95": -0.879860618373678,
    "terminated_rate": 0.0,
    "ph_mean": 7.206555798240072,
    "vfa_max_mean": 0.17798169143483816,
    "n_episodes": 10
  }
}