{
  "record": {
    "obs_mode": "full",
    "train_scenario": "cold_winter",
    "test_scenario": "high_load",
    "algo": "sac",
    "reward_config": "safety_first",
    "seed": 456,
    "reward_mean": -1.4166753405111536,
    "reward_std": 0.0,
    "ch4_avg": 2071.1393546353033,
    "ch4_std": 0.0,
    "violation_rate": 0.9534560611323377,
    "violation_rate_std": 1.1702778228589004e-16,
    "vfa_cvar95": 0.9534560611323376,
    "vfa_worst_episode": 0.9534560611323376,
    "overall_score": 0.6213249491041182,
    "score_worst": 0.6213249491041181,
    "score_cvar95": -0.6213249491041181,
    "terminated_rate": 0.0,
    "ph_mean": 7.313319162078767,
    "vfa_max_mean": 0.25141325890211796,
    "n_episodes": 10
  },
  "raw": {
    "reward_mean": -1.4166753405111536,
    "reward_std": 0.0,
    "ch4_avg": 2071.1393546353033,
    "ch4_std": 0.0,
    "violation_rate": 0.9534560611323377,
    "violation_rate_std": 1.1702778228589004e-16,
    "vfa_cvar95": 0.9534560611323376,
    "vfa_worst_episode": 0.9534560611323376,
    "overall_score": 0.6213249491041182,
    "score_worst": 0.6213249491041181,
    "score_cvar95": -0.6213249491041181,
    "terminated_rate": 0.0,
    "ph_mean": 7.313319162078767,
    "vfa_max_mean": 0.25141325890211796,
    "n_episodes": 10
  }
}