{
  "record": {
    "obs_mode": "simple",
    "train_scenario": "cold_winter",
    "test_scenario": "low_load",
    "algo": "sac",
    "reward_config": "safety_first",
    "seed": 456,
    "reward_mean": 0.3261049944407949,
    "reward_std": 5.851389114294502e-17,
    "ch4_avg": 835.8742857603809,
    "ch4_std": 0.0,
    "violation_rate": 0.0,
    "violation_rate_std": 0.0,
    "vfa_cvar95": 0.0,
    "vfa_worst_episode": 0.0,
    "overall_score": 0.6754506523358399,
    "score_worst": 0.6754506523358398,
    "score_cvar95": -0.6754506523358398,
    "terminated_rate": 0.0,
    "ph_mean": 7.083878616034309,
    "vfa_max_mean": 0.14389316899192522,
    "n_episodes": 10
  },
  "raw": {
    "reward_mean": 0.3261049944407949,
    "reward_std": 5.851389114294502e-17,
    "ch4_avg": 835.8742857603809,
    "ch4_std": 0.0,
    "violation_rate": 0.0,
    "violation_rate_std": 0.0,
    "vfa_cvar95": 0.0,
    "vfa_worst_episode": 0.0,
    "overall_score": 0.6754506523358399,
    "score_worst": 0.6754506523358398,
    "score_cvar95": -0.6754506523358398,
    "terminated_rate": 0.0,
    "ph_mean": 7.083878616034309,
    "vfa_max_mean": 0.14389316899192522,
    "n_episodes": 10
  }
}