{
  "record": {
    "obs_mode": "full",
    "train_scenario": "high_load",
    "test_scenario": "nominal",
    "algo": "sac",
    "reward_config": "safety_first",
    "seed": 456,
    "reward_mean": 0.35665475671919805,
    "reward_std": 5.851389114294502e-17,
    "ch4_avg": 833.8381493365939,
    "ch4_std": 1.198364490607514e-13,
    "violation_rate": 0.0,
    "violation_rate_std": 0.0,
    "vfa_cvar95": 0.0,
    "vfa_worst_episode": 0.0,
    "overall_score": 0.6404734139587539,
    "score_worst": 0.640473413958754,
    "score_cvar95": -0.640473413958754,
    "terminated_rate": 0.0,
    "ph_mean": 7.19082131094058,
    "vfa_max_mean": 0.1345170776473892,
    "n_episodes": 10
  },
  "raw": {
    "reward_mean": 0.35665475671919805,
    "reward_std": 5.851389114294502e-17,
    "ch4_avg": 833.8381493365939,
    "ch4_std": 1.198364490607514e-13,
    "violation_rate": 0.0,
    "violation_rate_std": 0.0,
    "vfa_cvar95": 0.0,
    "vfa_worst_episode": 0.0,
    "overall_score": 0.6404734139587539,
    "score_worst": 0.640473413958754,
    "score_cvar95": -0.640473413958754,
    "terminated_rate": 0.0,
    "ph_mean": 7.19082131094058,
    "vfa_max_mean": 0.1345170776473892,
    "n_episodes": 10
  }
}