{
  "record": {
    "obs_mode": "simple",
    "train_scenario": "nominal",
    "test_scenario": "low_load",
    "algo": "sac",
    "reward_config": "safety_first",
    "seed": 123,
    "reward_mean": 0.38357909114571165,
    "reward_std": 0.0,
    "ch4_avg": 857.0163045380272,
    "ch4_std": 1.198364490607514e-13,
    "violation_rate": 0.0,
    "violation_rate_std": 0.0,
    "vfa_cvar95": 0.0,
    "vfa_worst_episode": 0.0,
    "overall_score": 0.6687725457368952,
    "score_worst": 0.6687725457368952,
    "score_cvar95": -0.6687725457368952,
    "terminated_rate": 0.0,
    "ph_mean": 7.226071162629,
    "vfa_max_mean": 0.13317774400634358,
    "n_episodes": 10
  },
  "raw": {
    "reward_mean": 0.38357909114571165,
    "reward_std": 0.0,
    "ch4_avg": 857.0163045380272,
    "ch4_std": 1.198364490607514e-13,
    "violation_rate": 0.0,
    "violation_rate_std": 0.0,
    "vfa_cvar95": 0.0,
    "vfa_worst_episode": 0.0,
    "overall_score": 0.6687725457368952,
    "score_worst": 0.6687725457368952,
    "score_cvar95": -0.6687725457368952,
    "terminated_rate": 0.0,
    "ph_mean": 7.226071162629,
    "vfa_max_mean": 0.13317774400634358,
    "n_episodes": 10
  }
}