{
  "record": {
    "obs_mode": "full",
    "train_scenario": "temperature_drop",
    "test_scenario": "low_load",
    "algo": "sac",
    "reward_config": "safety_first",
    "seed": 456,
    "reward_mean": 0.41237220437684974,
    "reward_std": 0.0,
    "ch4_avg": 966.9106278050283,
    "ch4_std": 1.198364490607514e-13,
    "violation_rate": 0.0,
    "violation_rate_std": 0.0,
    "vfa_cvar95": 0.0,
    "vfa_worst_episode": 0.0,
    "overall_score": 0.6548649650068874,
    "score_worst": 0.6548649650068873,
    "score_cvar95": -0.6548649650068873,
    "terminated_rate": 0.0,
    "ph_mean": 7.204970079151144,
    "vfa_max_mean": 0.17215462217418193,
    "n_episodes": 10
  },
  "raw": {
    "reward_mean": 0.41237220437684974,
    "reward_std": 0.0,
    "ch4_avg": 966.9106278050283,
    "ch4_std": 1.198364490607514e-13,
    "violation_rate": 0.0,
    "violation_rate_std": 0.0,
    "vfa_cvar95": 0.0,
    "vfa_worst_episode": 0.0,
    "overall_score": 0.6548649650068874,
    "score_worst": 0.6548649650068873,
    "score_cvar95": -0.6548649650068873,
    "terminated_rate": 0.0,
    "ph_mean": 7.204970079151144,
    "vfa_max_mean": 0.17215462217418193,
    "n_episodes": 10
  }
}