{
  "record": {
    "obs_mode": "simple",
    "train_scenario": "shock_load",
    "test_scenario": "shock_load",
    "algo": "sac",
    "reward_config": "safety_first",
    "seed": 123,
    "reward_mean": 0.7541303080182313,
    "reward_std": 0.0,
    "ch4_avg": 1730.3177329705118,
    "ch4_std": 0.0,
    "violation_rate": 0.0,
    "violation_rate_std": 0.0,
    "vfa_cvar95": 0.0,
    "vfa_worst_episode": 0.0,
    "overall_score": 0.926086583820009,
    "score_worst": 0.926086583820009,
    "score_cvar95": -0.926086583820009,
    "terminated_rate": 0.0,
    "ph_mean": 7.236809495925428,
    "vfa_max_mean": 0.18422794680515592,
    "n_episodes": 10
  },
  "raw": {
    "reward_mean": 0.7541303080182313,
    "reward_std": 0.0,
    "ch4_avg": 1730.3177329705118,
    "ch4_std": 0.0,
    "violation_rate": 0.0,
    "violation_rate_std": 0.0,
    "vfa_cvar95": 0.0,
    "vfa_worst_episode": 0.0,
    "overall_score": 0.926086583820009,
    "score_worst": 0.926086583820009,
    "score_cvar95": -0.926086583820009,
    "terminated_rate": 0.0,
    "ph_mean": 7.236809495925428,
    "vfa_max_mean": 0.18422794680515592,
    "n_episodes": 10
  }
}