{
  "record": {
    "obs_mode": "full",
    "train_scenario": "low_load",
    "test_scenario": "high_load",
    "algo": "sac",
    "reward_config": "safety_first",
    "seed": 42,
    "reward_mean": -1.2161331271601306,
    "reward_std": 0.0,
    "ch4_avg": 1914.2314160421236,
    "ch4_std": 0.0,
    "violation_rate": 0.9569294894060437,
    "violation_rate_std": 0.0,
    "vfa_cvar95": 0.9569294894060437,
    "vfa_worst_episode": 0.9569294894060437,
    "overall_score": 0.5778535806907951,
    "score_worst": 0.5778535806907951,
    "score_cvar95": -0.5778535806907951,
    "terminated_rate": 0.0,
    "ph_mean": 7.319541608837879,
    "vfa_max_mean": 0.274059481642109,
    "n_episodes": 10
  },
  "raw": {
    "reward_mean": -1.2161331271601306,
    "reward_std": 0.0,
    "ch4_avg": 1914.2314160421236,
    "ch4_std": 0.0,
    "violation_rate": 0.9569294894060437,
    "violation_rate_std": 0.0,
    "vfa_cvar95": 0.9569294894060437,
    "vfa_worst_episode": 0.9569294894060437,
    "overall_score": 0.5778535806907951,
    "score_worst": 0.5778535806907951,
    "score_cvar95": -0.5778535806907951,
    "terminated_rate": 0.0,
    "ph_mean": 7.319541608837879,
    "vfa_max_mean": 0.274059481642109,
    "n_episodes": 10
  }
}