{
  "record": {
    "obs_mode": "full",
    "train_scenario": "high_load",
    "test_scenario": "temperature_drop",
    "algo": "sac",
    "reward_config": "safety_first",
    "seed": 42,
    "reward_mean": 0.04165521079057065,
    "reward_std": 0.0,
    "ch4_avg": 1663.5897866824732,
    "ch4_std": 0.0,
    "violation_rate": 0.4213268496005558,
    "violation_rate_std": 0.0,
    "vfa_cvar95": 0.4213268496005558,
    "vfa_worst_episode": 0.4213268496005558,
    "overall_score": 0.7172979469224272,
    "score_worst": 0.7172979469224272,
    "score_cvar95": -0.7172979469224272,
    "terminated_rate": 0.0,
    "ph_mean": 7.10113734935684,
    "vfa_max_mean": 0.29995016735503244,
    "n_episodes": 10
  },
  "raw": {
    "reward_mean": 0.04165521079057065,
    "reward_std": 0.0,
    "ch4_avg": 1663.5897866824732,
    "ch4_std": 0.0,
    "violation_rate": 0.4213268496005558,
    "violation_rate_std": 0.0,
    "vfa_cvar95": 0.4213268496005558,
    "vfa_worst_episode": 0.4213268496005558,
    "overall_score": 0.7172979469224272,
    "score_worst": 0.7172979469224272,
    "score_cvar95": -0.7172979469224272,
    "terminated_rate": 0.0,
    "ph_mean": 7.10113734935684,
    "vfa_max_mean": 0.29995016735503244,
    "n_episodes": 10
  }
}