{
  "record": {
    "obs_mode": "full",
    "train_scenario": "cold_winter",
    "test_scenario": "nominal",
    "algo": "sac",
    "reward_config": "safety_first",
    "seed": 456,
    "reward_mean": -0.19346571560089093,
    "reward_std": 0.0,
    "ch4_avg": 1956.9080853102867,
    "ch4_std": 2.396728981215028e-13,
    "violation_rate": 0.6922542549496352,
    "violation_rate_std": 1.1702778228589004e-16,
    "vfa_cvar95": 0.6922542549496353,
    "vfa_worst_episode": 0.6922542549496353,
    "overall_score": 0.6938585599864948,
    "score_worst": 0.6938585599864948,
    "score_cvar95": -0.6938585599864948,
    "terminated_rate": 0.0,
    "ph_mean": 7.268804555150581,
    "vfa_max_mean": 0.20567344832038273,
    "n_episodes": 10
  },
  "raw": {
    "reward_mean": -0.19346571560089093,
    "reward_std": 0.0,
    "ch4_avg": 1956.9080853102867,
    "ch4_std": 2.396728981215028e-13,
    "violation_rate": 0.6922542549496352,
    "violation_rate_std": 1.1702778228589004e-16,
    "vfa_cvar95": 0.6922542549496353,
    "vfa_worst_episode": 0.6922542549496353,
    "overall_score": 0.6938585599864948,
    "score_worst": 0.6938585599864948,
    "score_cvar95": -0.6938585599864948,
    "terminated_rate": 0.0,
    "ph_mean": 7.268804555150581,
    "vfa_max_mean": 0.20567344832038273,
    "n_episodes": 10
  }
}