{
  "record": {
    "obs_mode": "full",
    "train_scenario": "high_load",
    "test_scenario": "nominal",
    "algo": "sac",
    "reward_config": "safety_first",
    "seed": 789,
    "reward_mean": 0.770680624612768,
    "reward_std": 1.1702778228589004e-16,
    "ch4_avg": 1800.999392345855,
    "ch4_std": 0.0,
    "violation_rate": 0.0,
    "violation_rate_std": 0.0,
    "vfa_cvar95": 0.0,
    "vfa_worst_episode": 0.0,
    "overall_score": 0.9343993041154942,
    "score_worst": 0.9343993041154941,
    "score_cvar95": -0.9343993041154941,
    "terminated_rate": 0.0,
    "ph_mean": 7.225839597933456,
    "vfa_max_mean": 0.18889856232765206,
    "n_episodes": 10
  },
  "raw": {
    "reward_mean": 0.770680624612768,
    "reward_std": 1.1702778228589004e-16,
    "ch4_avg": 1800.999392345855,
    "ch4_std": 0.0,
    "violation_rate": 0.0,
    "violation_rate_std": 0.0,
    "vfa_cvar95": 0.0,
    "vfa_worst_episode": 0.0,
    "overall_score": 0.9343993041154942,
    "score_worst": 0.9343993041154941,
    "score_cvar95": -0.9343993041154941,
    "terminated_rate": 0.0,
    "ph_mean": 7.225839597933456,
    "vfa_max_mean": 0.18889856232765206,
    "n_episodes": 10
  }
}