{
  "record": {
    "obs_mode": "full",
    "train_scenario": "shock_load",
    "test_scenario": "shock_load",
    "algo": "sac",
    "reward_config": "safety_first",
    "seed": 123,
    "reward_mean": 0.7104009386184774,
    "reward_std": 1.1702778228589004e-16,
    "ch4_avg": 1658.5928599487008,
    "ch4_std": 0.0,
    "violation_rate": 0.0,
    "violation_rate_std": 0.0,
    "vfa_cvar95": 0.0,
    "vfa_worst_episode": 0.0,
    "overall_score": 0.9193459181569018,
    "score_worst": 0.9193459181569019,
    "score_cvar95": -0.9193459181569019,
    "terminated_rate": 0.0,
    "ph_mean": 7.219750888219204,
    "vfa_max_mean": 0.1776364907245067,
    "n_episodes": 10
  },
  "raw": {
    "reward_mean": 0.7104009386184774,
    "reward_std": 1.1702778228589004e-16,
    "ch4_avg": 1658.5928599487008,
    "ch4_std": 0.0,
    "violation_rate": 0.0,
    "violation_rate_std": 0.0,
    "vfa_cvar95": 0.0,
    "vfa_worst_episode": 0.0,
    "overall_score": 0.9193459181569018,
    "score_worst": 0.9193459181569019,
    "score_cvar95": -0.9193459181569019,
    "terminated_rate": 0.0,
    "ph_mean": 7.219750888219204,
    "vfa_max_mean": 0.1776364907245067,
    "n_episodes": 10
  }
}