{
  "record": {
    "obs_mode": "full",
    "train_scenario": "low_load",
    "test_scenario": "cold_winter",
    "algo": "sac",
    "reward_config": "safety_first",
    "seed": 42,
    "reward_mean": 0.44118744143525496,
    "reward_std": 5.851389114294502e-17,
    "ch4_avg": 1168.2092905775532,
    "ch4_std": 0.0,
    "violation_rate": 0.06599513720041682,
    "violation_rate_std": 0.0,
    "vfa_cvar95": 0.06599513720041682,
    "vfa_worst_episode": 0.06599513720041682,
    "overall_score": 0.7272480343453501,
    "score_worst": 0.7272480343453501,
    "score_cvar95": -0.7272480343453501,
    "terminated_rate": 0.0,
    "ph_mean": 7.194965859610351,
    "vfa_max_mean": 0.2849281275545582,
    "n_episodes": 10
  },
  "raw": {
    "reward_mean": 0.44118744143525496,
    "reward_std": 5.851389114294502e-17,
    "ch4_avg": 1168.2092905775532,
    "ch4_std": 0.0,
    "violation_rate": 0.06599513720041682,
    "violation_rate_std": 0.0,
    "vfa_cvar95": 0.06599513720041682,
    "vfa_worst_episode": 0.06599513720041682,
    "overall_score": 0.7272480343453501,
    "score_worst": 0.7272480343453501,
    "score_cvar95": -0.7272480343453501,
    "terminated_rate": 0.0,
    "ph_mean": 7.194965859610351,
    "vfa_max_mean": 0.2849281275545582,
    "n_episodes": 10
  }
}