{
  "record": {
    "obs_mode": "full",
    "train_scenario": "cold_winter",
    "test_scenario": "low_load",
    "algo": "sac",
    "reward_config": "safety_first",
    "seed": 42,
    "reward_mean": 0.4194908353610386,
    "reward_std": 0.0,
    "ch4_avg": 957.916455326522,
    "ch4_std": 1.198364490607514e-13,
    "violation_rate": 0.0,
    "violation_rate_std": 0.0,
    "vfa_cvar95": 0.0,
    "vfa_worst_episode": 0.0,
    "overall_score": 0.6752592945074216,
    "score_worst": 0.6752592945074216,
    "score_cvar95": -0.6752592945074216,
    "terminated_rate": 0.0,
    "ph_mean": 7.212547956328253,
    "vfa_max_mean": 0.1482524200084498,
    "n_episodes": 10
  },
  "raw": {
    "reward_mean": 0.4194908353610386,
    "reward_std": 0.0,
    "ch4_avg": 957.916455326522,
    "ch4_std": 1.198364490607514e-13,
    "violation_rate": 0.0,
    "violation_rate_std": 0.0,
    "vfa_cvar95": 0.0,
    "vfa_worst_episode": 0.0,
    "overall_score": 0.6752592945074216,
    "score_worst": 0.6752592945074216,
    "score_cvar95": -0.6752592945074216,
    "terminated_rate": 0.0,
    "ph_mean": 7.212547956328253,
    "vfa_max_mean": 0.1482524200084498,
    "n_episodes": 10
  }
}