{
  "record": {
    "obs_mode": "full",
    "train_scenario": "cold_winter",
    "test_scenario": "high_load",
    "algo": "sac",
    "reward_config": "safety_first",
    "seed": 1234,
    "reward_mean": 0.5154096390821332,
    "reward_std": 1.1702778228589004e-16,
    "ch4_avg": 1262.6584240345187,
    "ch4_std": 2.396728981215028e-13,
    "violation_rate": 0.0,
    "violation_rate_std": 0.0,
    "vfa_cvar95": 0.0,
    "vfa_worst_episode": 0.0,
    "overall_score": 0.7854378830322712,
    "score_worst": 0.7854378830322712,
    "score_cvar95": -0.7854378830322712,
    "terminated_rate": 0.0,
    "ph_mean": 7.23500939012437,
    "vfa_max_mean": 0.17152064776033002,
    "n_episodes": 10
  },
  "raw": {
    "reward_mean": 0.5154096390821332,
    "reward_std": 1.1702778228589004e-16,
    "ch4_avg": 1262.6584240345187,
    "ch4_std": 2.396728981215028e-13,
    "violation_rate": 0.0,
    "violation_rate_std": 0.0,
    "vfa_cvar95": 0.0,
    "vfa_worst_episode": 0.0,
    "overall_score": 0.7854378830322712,
    "score_worst": 0.7854378830322712,
    "score_cvar95": -0.7854378830322712,
    "terminated_rate": 0.0,
    "ph_mean": 7.23500939012437,
    "vfa_max_mean": 0.17152064776033002,
    "n_episodes": 10
  }
}