{
  "record": {
    "obs_mode": "full",
    "train_scenario": "high_load",
    "test_scenario": "low_load",
    "algo": "sac",
    "reward_config": "safety_first",
    "seed": 1234,
    "reward_mean": 0.461939175919204,
    "reward_std": 5.851389114294502e-17,
    "ch4_avg": 1201.8766109641567,
    "ch4_std": 0.0,
    "violation_rate": 0.0,
    "violation_rate_std": 0.0,
    "vfa_cvar95": 0.0,
    "vfa_worst_episode": 0.0,
    "overall_score": 0.7864258958620154,
    "score_worst": 0.7864258958620154,
    "score_cvar95": -0.7864258958620154,
    "terminated_rate": 0.0,
    "ph_mean": 7.100603637860713,
    "vfa_max_mean": 0.1824812463258648,
    "n_episodes": 10
  },
  "raw": {
    "reward_mean": 0.461939175919204,
    "reward_std": 5.851389114294502e-17,
    "ch4_avg": 1201.8766109641567,
    "ch4_std": 0.0,
    "violation_rate": 0.0,
    "violation_rate_std": 0.0,
    "vfa_cvar95": 0.0,
    "vfa_worst_episode": 0.0,
    "overall_score": 0.7864258958620154,
    "score_worst": 0.7864258958620154,
    "score_cvar95": -0.7864258958620154,
    "terminated_rate": 0.0,
    "ph_mean": 7.100603637860713,
    "vfa_max_mean": 0.1824812463258648,
    "n_episodes": 10
  }
}