{
  "record": {
    "obs_mode": "simple",
    "train_scenario": "nominal",
    "test_scenario": "nominal",
    "algo": "sac",
    "reward_config": "safety_first",
    "seed": 456,
    "reward_mean": 0.7369629716471301,
    "reward_std": 0.0,
    "ch4_avg": 1738.7122495591946,
    "ch4_std": 2.396728981215028e-13,
    "violation_rate": 0.0,
    "violation_rate_std": 0.0,
    "vfa_cvar95": 0.0,
    "vfa_worst_episode": 0.0,
    "overall_score": 0.9246136761651421,
    "score_worst": 0.9246136761651421,
    "score_cvar95": -0.9246136761651421,
    "terminated_rate": 0.0,
    "ph_mean": 7.2269121944260934,
    "vfa_max_mean": 0.18657561704488224,
    "n_episodes": 10
  },
  "raw": {
    "reward_mean": 0.7369629716471301,
    "reward_std": 0.0,
    "ch4_avg": 1738.7122495591946,
    "ch4_std": 2.396728981215028e-13,
    "violation_rate": 0.0,
    "violation_rate_std": 0.0,
    "vfa_cvar95": 0.0,
    "vfa_worst_episode": 0.0,
    "overall_score": 0.9246136761651421,
    "score_worst": 0.9246136761651421,
    "score_cvar95": -0.9246136761651421,
    "terminated_rate": 0.0,
    "ph_mean": 7.2269121944260934,
    "vfa_max_mean": 0.18657561704488224,
    "n_episodes": 10
  }
}