{
  "record": {
    "obs_mode": "full",
    "train_scenario": "cold_winter",
    "test_scenario": "temperature_drop",
    "algo": "sac",
    "reward_config": "safety_first",
    "seed": 1234,
    "reward_mean": 0.31215172262428315,
    "reward_std": 0.0,
    "ch4_avg": 758.9797736088977,
    "ch4_std": 0.0,
    "violation_rate": 0.0,
    "violation_rate_std": 0.0,
    "vfa_cvar95": 0.0,
    "vfa_worst_episode": 0.0,
    "overall_score": 0.6555835951359266,
    "score_worst": 0.6555835951359266,
    "score_cvar95": -0.6555835951359266,
    "terminated_rate": 0.0,
    "ph_mean": 7.204835921792197,
    "vfa_max_mean": 0.1331895005392026,
    "n_episodes": 10
  },
  "raw": {
    "reward_mean": 0.31215172262428315,
    "reward_std": 0.0,
    "ch4_avg": 758.9797736088977,
    "ch4_std": 0.0,
    "violation_rate": 0.0,
    "violation_rate_std": 0.0,
    "vfa_cvar95": 0.0,
    "vfa_worst_episode": 0.0,
    "overall_score": 0.6555835951359266,
    "score_worst": 0.6555835951359266,
    "score_cvar95": -0.6555835951359266,
    "terminated_rate": 0.0,
    "ph_mean": 7.204835921792197,
    "vfa_max_mean": 0.1331895005392026,
    "n_episodes": 10
  }
}