{
  "record": {
    "obs_mode": "full",
    "train_scenario": "shock_load",
    "test_scenario": "high_load",
    "algo": "sac",
    "reward_config": "safety_first",
    "seed": 789,
    "reward_mean": 0.5460301034976848,
    "reward_std": 1.1702778228589004e-16,
    "ch4_avg": 1913.7523943894853,
    "ch4_std": 2.396728981215028e-13,
    "violation_rate": 0.22264675234456405,
    "violation_rate_std": 2.925694557147251e-17,
    "vfa_cvar95": 0.22264675234456408,
    "vfa_worst_episode": 0.22264675234456408,
    "overall_score": 0.871188568196753,
    "score_worst": 0.8711885681967529,
    "score_cvar95": -0.8711885681967529,
    "terminated_rate": 0.0,
    "ph_mean": 7.243398646566673,
    "vfa_max_mean": 0.2317670152870598,
    "n_episodes": 10
  },
  "raw": {
    "reward_mean": 0.5460301034976848,
    "reward_std": 1.1702778228589004e-16,
    "ch4_avg": 1913.7523943894853,
    "ch4_std": 2.396728981215028e-13,
    "violation_rate": 0.22264675234456405,
    "violation_rate_std": 2.925694557147251e-17,
    "vfa_cvar95": 0.22264675234456408,
    "vfa_worst_episode": 0.22264675234456408,
    "overall_score": 0.871188568196753,
    "score_worst": 0.8711885681967529,
    "score_cvar95": -0.8711885681967529,
    "terminated_rate": 0.0,
    "ph_mean": 7.243398646566673,
    "vfa_max_mean": 0.2317670152870598,
    "n_episodes": 10
  }
}