{
  "record": {
    "obs_mode": "simple",
    "train_scenario": "low_load",
    "test_scenario": "nominal",
    "algo": "sac",
    "reward_config": "safety_first",
    "seed": 123,
    "reward_mean": -1.1984538014930748,
    "reward_std": 0.0,
    "ch4_avg": 2023.3477825868645,
    "ch4_std": 0.0,
    "violation_rate": 0.8971865230982982,
    "violation_rate_std": 1.1702778228589004e-16,
    "vfa_cvar95": 0.897186523098298,
    "vfa_worst_episode": 0.897186523098298,
    "overall_score": 0.6084417488118119,
    "score_worst": 0.608441748811812,
    "score_cvar95": -0.608441748811812,
    "terminated_rate": 0.0,
    "ph_mean": 7.2813735660015215,
    "vfa_max_mean": 0.2802034537415309,
    "n_episodes": 10
  },
  "raw": {
    "reward_mean": -1.1984538014930748,
    "reward_std": 0.0,
    "ch4_avg": 2023.3477825868645,
    "ch4_std": 0.0,
    "violation_rate": 0.8971865230982982,
    "violation_rate_std": 1.1702778228589004e-16,
    "vfa_cvar95": 0.897186523098298,
    "vfa_worst_episode": 0.897186523098298,
    "overall_score": 0.6084417488118119,
    "score_worst": 0.608441748811812,
    "score_cvar95": -0.608441748811812,
    "terminated_rate": 0.0,
    "ph_mean": 7.2813735660015215,
    "vfa_max_mean": 0.2802034537415309,
    "n_episodes": 10
  }
}