{
  "record": {
    "obs_mode": "simple",
    "train_scenario": "shock_load",
    "test_scenario": "temperature_drop",
    "algo": "sac",
    "reward_config": "safety_first",
    "seed": 123,
    "reward_mean": 0.753781273330918,
    "reward_std": 0.0,
    "ch4_avg": 1727.9546335242835,
    "ch4_std": 0.0,
    "violation_rate": 0.0,
    "violation_rate_std": 0.0,
    "vfa_cvar95": 0.0,
    "vfa_worst_episode": 0.0,
    "overall_score": 0.9255493204423197,
    "score_worst": 0.9255493204423197,
    "score_cvar95": -0.9255493204423197,
    "terminated_rate": 0.0,
    "ph_mean": 7.23669216737308,
    "vfa_max_mean": 0.18411431230126363,
    "n_episodes": 10
  },
  "raw": {
    "reward_mean": 0.753781273330918,
    "reward_std": 0.0,
    "ch4_avg": 1727.9546335242835,
    "ch4_std": 0.0,
    "violation_rate": 0.0,
    "violation_rate_std": 0.0,
    "vfa_cvar95": 0.0,
    "vfa_worst_episode": 0.0,
    "overall_score": 0.9255493204423197,
    "score_worst": 0.9255493204423197,
    "score_cvar95": -0.9255493204423197,
    "terminated_rate": 0.0,
    "ph_mean": 7.23669216737308,
    "vfa_max_mean": 0.18411431230126363,
    "n_episodes": 10
  }
}