{
  "record": {
    "obs_mode": "simple",
    "train_scenario": "cold_winter",
    "test_scenario": "shock_load",
    "algo": "sac",
    "reward_config": "safety_first",
    "seed": 1234,
    "reward_mean": -0.8486709198554119,
    "reward_std": 0.0,
    "ch4_avg": 1383.4262310976828,
    "ch4_std": 0.0,
    "violation_rate": 0.9204584925321292,
    "violation_rate_std": 0.0,
    "vfa_cvar95": 0.9204584925321292,
    "vfa_worst_episode": 0.9204584925321292,
    "overall_score": 0.42564095313977635,
    "score_worst": 0.42564095313977635,
    "score_cvar95": -0.42564095313977635,
    "terminated_rate": 0.0,
    "ph_mean": 7.302988956779034,
    "vfa_max_mean": 0.20838480604795057,
    "n_episodes": 10
  },
  "raw": {
    "reward_mean": -0.8486709198554119,
    "reward_std": 0.0,
    "ch4_avg": 1383.4262310976828,
    "ch4_std": 0.0,
    "violation_rate": 0.9204584925321292,
    "violation_rate_std": 0.0,
    "vfa_cvar95": 0.9204584925321292,
    "vfa_worst_episode": 0.9204584925321292,
    "overall_score": 0.42564095313977635,
    "score_worst": 0.42564095313977635,
    "score_cvar95": -0.42564095313977635,
    "terminated_rate": 0.0,
    "ph_mean": 7.302988956779034,
    "vfa_max_mean": 0.20838480604795057,
    "n_episodes": 10
  }
}