{
  "record": {
    "obs_mode": "full",
    "train_scenario": "low_load",
    "test_scenario": "shock_load",
    "algo": "sac",
    "reward_config": "safety_first",
    "seed": 42,
    "reward_mean": -0.33672488981702225,
    "reward_std": 5.851389114294502e-17,
    "ch4_avg": 1752.4893864586052,
    "ch4_std": 0.0,
    "violation_rate": 0.7318513372698854,
    "violation_rate_std": 0.0,
    "vfa_cvar95": 0.7318513372698854,
    "vfa_worst_episode": 0.7318513372698854,
    "overall_score": 0.6279613801325844,
    "score_worst": 0.6279613801325845,
    "score_cvar95": -0.6279613801325845,
    "terminated_rate": 0.0,
    "ph_mean": 7.276243983652672,
    "vfa_max_mean": 0.1936701653867907,
    "n_episodes": 10
  },
  "raw": {
    "reward_mean": -0.33672488981702225,
    "reward_std": 5.851389114294502e-17,
    "ch4_avg": 1752.4893864586052,
    "ch4_std": 0.0,
    "violation_rate": 0.7318513372698854,
    "violation_rate_std": 0.0,
    "vfa_cvar95": 0.7318513372698854,
    "vfa_worst_episode": 0.7318513372698854,
    "overall_score": 0.6279613801325844,
    "score_worst": 0.6279613801325845,
    "score_cvar95": -0.6279613801325845,
    "terminated_rate": 0.0,
    "ph_mean": 7.276243983652672,
    "vfa_max_mean": 0.1936701653867907,
    "n_episodes": 10
  }
}