{
  "record": {
    "obs_mode": "simple",
    "train_scenario": "shock_load",
    "test_scenario": "cold_winter",
    "algo": "sac",
    "reward_config": "safety_first",
    "seed": 456,
    "reward_mean": 0.436337386442189,
    "reward_std": 0.0,
    "ch4_avg": 919.0718474813763,
    "ch4_std": 1.198364490607514e-13,
    "violation_rate": 0.0,
    "violation_rate_std": 0.0,
    "vfa_cvar95": 0.0,
    "vfa_worst_episode": 0.0,
    "overall_score": 0.6775927394482892,
    "score_worst": 0.6775927394482893,
    "score_cvar95": -0.6775927394482893,
    "terminated_rate": 0.0,
    "ph_mean": 7.260808147078305,
    "vfa_max_mean": 0.17654037178209642,
    "n_episodes": 10
  },
  "raw": {
    "reward_mean": 0.436337386442189,
    "reward_std": 0.0,
    "ch4_avg": 919.0718474813763,
    "ch4_std": 1.198364490607514e-13,
    "violation_rate": 0.0,
    "violation_rate_std": 0.0,
    "vfa_cvar95": 0.0,
    "vfa_worst_episode": 0.0,
    "overall_score": 0.6775927394482892,
    "score_worst": 0.6775927394482893,
    "score_cvar95": -0.6775927394482893,
    "terminated_rate": 0.0,
    "ph_mean": 7.260808147078305,
    "vfa_max_mean": 0.17654037178209642,
    "n_episodes": 10
  }
}