{
  "record": {
    "obs_mode": "simple",
    "train_scenario": "temperature_drop",
    "test_scenario": "nominal",
    "algo": "sac",
    "reward_config": "safety_first",
    "seed": 456,
    "reward_mean": 0.6482545700282031,
    "reward_std": 0.0,
    "ch4_avg": 1517.0514356566669,
    "ch4_std": 2.396728981215028e-13,
    "violation_rate": 0.0,
    "violation_rate_std": 0.0,
    "vfa_cvar95": 0.0,
    "vfa_worst_episode": 0.0,
    "overall_score": 0.8824007355745461,
    "score_worst": 0.8824007355745462,
    "score_cvar95": -0.8824007355745462,
    "terminated_rate": 0.0,
    "ph_mean": 7.20315216506304,
    "vfa_max_mean": 0.1853677268774025,
    "n_episodes": 10
  },
  "raw": {
    "reward_mean": 0.6482545700282031,
    "reward_std": 0.0,
    "ch4_avg": 1517.0514356566669,
    "ch4_std": 2.396728981215028e-13,
    "violation_rate": 0.0,
    "violation_rate_std": 0.0,
    "vfa_cvar95": 0.0,
    "vfa_worst_episode": 0.0,
    "overall_score": 0.8824007355745461,
    "score_worst": 0.8824007355745462,
    "score_cvar95": -0.8824007355745462,
    "terminated_rate": 0.0,
    "ph_mean": 7.20315216506304,
    "vfa_max_mean": 0.1853677268774025,
    "n_episodes": 10
  }
}