{
  "record": {
    "obs_mode": "simple",
    "train_scenario": "cold_winter",
    "test_scenario": "high_load",
    "algo": "sac",
    "reward_config": "safety_first",
    "seed": 42,
    "reward_mean": -2.2602796411426396,
    "reward_std": 4.681111291435602e-16,
    "ch4_avg": 2219.7784710014425,
    "ch4_std": 0.0,
    "violation_rate": 0.9812434873219867,
    "violation_rate_std": 1.1702778228589004e-16,
    "vfa_cvar95": 0.9812434873219869,
    "vfa_worst_episode": 0.9812434873219869,
    "overall_score": 0.610242662236917,
    "score_worst": 0.610242662236917,
    "score_cvar95": -0.610242662236917,
    "terminated_rate": 0.0,
    "ph_mean": 7.316731145296711,
    "vfa_max_mean": 0.5820550163386288,
    "n_episodes": 10
  },
  "raw": {
    "reward_mean": -2.2602796411426396,
    "reward_std": 4.681111291435602e-16,
    "ch4_avg": 2219.7784710014425,
    "ch4_std": 0.0,
    "violation_rate": 0.9812434873219867,
    "violation_rate_std": 1.1702778228589004e-16,
    "vfa_cvar95": 0.9812434873219869,
    "vfa_worst_episode": 0.9812434873219869,
    "overall_score": 0.610242662236917,
    "score_worst": 0.610242662236917,
    "score_cvar95": -0.610242662236917,
    "terminated_rate": 0.0,
    "ph_mean": 7.316731145296711,
    "vfa_max_mean": 0.5820550163386288,
    "n_episodes": 10
  }
}