{
  "record": {
    "obs_mode": "full",
    "train_scenario": "shock_load",
    "test_scenario": "nominal",
    "algo": "sac",
    "reward_config": "safety_first",
    "seed": 789,
    "reward_mean": 0.7200209382125288,
    "reward_std": 0.0,
    "ch4_avg": 1675.794124438607,
    "ch4_std": 0.0,
    "violation_rate": 0.0,
    "violation_rate_std": 0.0,
    "vfa_cvar95": 0.0,
    "vfa_worst_episode": 0.0,
    "overall_score": 0.9090501648814181,
    "score_worst": 0.9090501648814182,
    "score_cvar95": -0.9090501648814182,
    "terminated_rate": 0.0,
    "ph_mean": 7.233927997972413,
    "vfa_max_mean": 0.18149804314945958,
    "n_episodes": 10
  },
  "raw": {
    "reward_mean": 0.7200209382125288,
    "reward_std": 0.0,
    "ch4_avg": 1675.794124438607,
    "ch4_std": 0.0,
    "violation_rate": 0.0,
    "violation_rate_std": 0.0,
    "vfa_cvar95": 0.0,
    "vfa_worst_episode": 0.0,
    "overall_score": 0.9090501648814181,
    "score_worst": 0.9090501648814182,
    "score_cvar95": -0.9090501648814182,
    "terminated_rate": 0.0,
    "ph_mean": 7.233927997972413,
    "vfa_max_mean": 0.18149804314945958,
    "n_episodes": 10
  }
}