{
  "record": {
    "obs_mode": "full",
    "train_scenario": "high_load",
    "test_scenario": "cold_winter",
    "algo": "sac",
    "reward_config": "safety_first",
    "seed": 789,
    "reward_mean": 0.5013137864664108,
    "reward_std": 0.0,
    "ch4_avg": 1072.4696654227344,
    "ch4_std": 2.396728981215028e-13,
    "violation_rate": 0.0,
    "violation_rate_std": 0.0,
    "vfa_cvar95": 0.0,
    "vfa_worst_episode": 0.0,
    "overall_score": 0.7222688448047184,
    "score_worst": 0.7222688448047184,
    "score_cvar95": -0.7222688448047184,
    "terminated_rate": 0.0,
    "ph_mean": 7.249301048779455,
    "vfa_max_mean": 0.18589133944375752,
    "n_episodes": 10
  },
  "raw": {
    "reward_mean": 0.5013137864664108,
    "reward_std": 0.0,
    "ch4_avg": 1072.4696654227344,
    "ch4_std": 2.396728981215028e-13,
    "violation_rate": 0.0,
    "violation_rate_std": 0.0,
    "vfa_cvar95": 0.0,
    "vfa_worst_episode": 0.0,
    "overall_score": 0.7222688448047184,
    "score_worst": 0.7222688448047184,
    "score_cvar95": -0.7222688448047184,
    "terminated_rate": 0.0,
    "ph_mean": 7.249301048779455,
    "vfa_max_mean": 0.18589133944375752,
    "n_episodes": 10
  }
}