{
  "record": {
    "obs_mode": "full",
    "train_scenario": "shock_load",
    "test_scenario": "temperature_drop",
    "algo": "sac",
    "reward_config": "safety_first",
    "seed": 1234,
    "reward_mean": 0.7917311739073563,
    "reward_std": 1.1702778228589004e-16,
    "ch4_avg": 1829.496770998204,
    "ch4_std": 2.396728981215028e-13,
    "violation_rate": 0.0,
    "violation_rate_std": 0.0,
    "vfa_cvar95": 0.0,
    "vfa_worst_episode": 0.0,
    "overall_score": 0.9402923363337438,
    "score_worst": 0.9402923363337437,
    "score_cvar95": -0.9402923363337437,
    "terminated_rate": 0.0,
    "ph_mean": 7.2382219336116025,
    "vfa_max_mean": 0.1897956142822484,
    "n_episodes": 10
  },
  "raw": {
    "reward_mean": 0.7917311739073563,
    "reward_std": 1.1702778228589004e-16,
    "ch4_avg": 1829.496770998204,
    "ch4_std": 2.396728981215028e-13,
    "violation_rate": 0.0,
    "violation_rate_std": 0.0,
    "vfa_cvar95": 0.0,
    "vfa_worst_episode": 0.0,
    "overall_score": 0.9402923363337438,
    "score_worst": 0.9402923363337437,
    "score_cvar95": -0.9402923363337437,
    "terminated_rate": 0.0,
    "ph_mean": 7.2382219336116025,
    "vfa_max_mean": 0.1897956142822484,
    "n_episodes": 10
  }
}