{
  "record": {
    "obs_mode": "full",
    "train_scenario": "low_load",
    "test_scenario": "cold_winter",
    "algo": "sac",
    "reward_config": "safety_first",
    "seed": 456,
    "reward_mean": 0.45402044062698305,
    "reward_std": 0.0,
    "ch4_avg": 960.2594282011275,
    "ch4_std": 2.396728981215028e-13,
    "violation_rate": 0.0,
    "violation_rate_std": 0.0,
    "vfa_cvar95": 0.0,
    "vfa_worst_episode": 0.0,
    "overall_score": 0.690638889115814,
    "score_worst": 0.690638889115814,
    "score_cvar95": -0.690638889115814,
    "terminated_rate": 0.0,
    "ph_mean": 7.247108797320881,
    "vfa_max_mean": 0.175930460022435,
    "n_episodes": 10
  },
  "raw": {
    "reward_mean": 0.45402044062698305,
    "reward_std": 0.0,
    "ch4_avg": 960.2594282011275,
    "ch4_std": 2.396728981215028e-13,
    "violation_rate": 0.0,
    "violation_rate_std": 0.0,
    "vfa_cvar95": 0.0,
    "vfa_worst_episode": 0.0,
    "overall_score": 0.690638889115814,
    "score_worst": 0.690638889115814,
    "score_cvar95": -0.690638889115814,
    "terminated_rate": 0.0,
    "ph_mean": 7.247108797320881,
    "vfa_max_mean": 0.175930460022435,
    "n_episodes": 10
  }
}