{
  "record": {
    "obs_mode": "full",
    "train_scenario": "cold_winter",
    "test_scenario": "low_load",
    "algo": "sac",
    "reward_config": "safety_first",
    "seed": 1234,
    "reward_mean": 0.18382828712303761,
    "reward_std": 0.0,
    "ch4_avg": 440.3469553666192,
    "ch4_std": 5.99182245303757e-14,
    "violation_rate": 0.0,
    "violation_rate_std": 0.0,
    "vfa_cvar95": 0.0,
    "vfa_worst_episode": 0.0,
    "overall_score": 0.6135592423003169,
    "score_worst": 0.6135592423003168,
    "score_cvar95": -0.6135592423003168,
    "terminated_rate": 0.0,
    "ph_mean": 7.188132403059315,
    "vfa_max_mean": 0.13317335341317085,
    "n_episodes": 10
  },
  "raw": {
    "reward_mean": 0.18382828712303761,
    "reward_std": 0.0,
    "ch4_avg": 440.3469553666192,
    "ch4_std": 5.99182245303757e-14,
    "violation_rate": 0.0,
    "violation_rate_std": 0.0,
    "vfa_cvar95": 0.0,
    "vfa_worst_episode": 0.0,
    "overall_score": 0.6135592423003169,
    "score_worst": 0.6135592423003168,
    "score_cvar95": -0.6135592423003168,
    "terminated_rate": 0.0,
    "ph_mean": 7.188132403059315,
    "vfa_max_mean": 0.13317335341317085,
    "n_episodes": 10
  }
}