{
  "record": {
    "obs_mode": "simple",
    "train_scenario": "cold_winter",
    "test_scenario": "low_load",
    "algo": "sac",
    "reward_config": "safety_first",
    "seed": 789,
    "reward_mean": 0.5874808205053974,
    "reward_std": 1.1702778228589004e-16,
    "ch4_avg": 1409.2811028976214,
    "ch4_std": 0.0,
    "violation_rate": 0.0,
    "violation_rate_std": 0.0,
    "vfa_cvar95": 0.0,
    "vfa_worst_episode": 0.0,
    "overall_score": 0.8515421018762771,
    "score_worst": 0.8515421018762771,
    "score_cvar95": -0.8515421018762771,
    "terminated_rate": 0.0,
    "ph_mean": 7.181830808540559,
    "vfa_max_mean": 0.1585672914316485,
    "n_episodes": 10
  },
  "raw": {
    "reward_mean": 0.5874808205053974,
    "reward_std": 1.1702778228589004e-16,
    "ch4_avg": 1409.2811028976214,
    "ch4_std": 0.0,
    "violation_rate": 0.0,
    "violation_rate_std": 0.0,
    "vfa_cvar95": 0.0,
    "vfa_worst_episode": 0.0,
    "overall_score": 0.8515421018762771,
    "score_worst": 0.8515421018762771,
    "score_cvar95": -0.8515421018762771,
    "terminated_rate": 0.0,
    "ph_mean": 7.181830808540559,
    "vfa_max_mean": 0.1585672914316485,
    "n_episodes": 10
  }
}