{
  "record": {
    "obs_mode": "simple",
    "train_scenario": "high_load",
    "test_scenario": "low_load",
    "algo": "sac",
    "reward_config": "safety_first",
    "seed": 789,
    "reward_mean": 0.4712999773317141,
    "reward_std": 0.0,
    "ch4_avg": 1157.5878528469652,
    "ch4_std": 2.396728981215028e-13,
    "violation_rate": 0.0,
    "violation_rate_std": 0.0,
    "vfa_cvar95": 0.0,
    "vfa_worst_episode": 0.0,
    "overall_score": 0.7841327336779293,
    "score_worst": 0.7841327336779292,
    "score_cvar95": -0.7841327336779292,
    "terminated_rate": 0.0,
    "ph_mean": 7.1789847370640825,
    "vfa_max_mean": 0.15771865126438445,
    "n_episodes": 10
  },
  "raw": {
    "reward_mean": 0.4712999773317141,
    "reward_std": 0.0,
    "ch4_avg": 1157.5878528469652,
    "ch4_std": 2.396728981215028e-13,
    "violation_rate": 0.0,
    "violation_rate_std": 0.0,
    "vfa_cvar95": 0.0,
    "vfa_worst_episode": 0.0,
    "overall_score": 0.7841327336779293,
    "score_worst": 0.7841327336779292,
    "score_cvar95": -0.7841327336779292,
    "terminated_rate": 0.0,
    "ph_mean": 7.1789847370640825,
    "vfa_max_mean": 0.15771865126438445,
    "n_episodes": 10
  }
}