{
  "record": {
    "obs_mode": "full",
    "train_scenario": "nominal",
    "test_scenario": "high_load",
    "algo": "sac",
    "reward_config": "safety_first",
    "seed": 42,
    "reward_mean": 0.08221208171526032,
    "reward_std": 1.4628472785736255e-17,
    "ch4_avg": 1954.1181238524612,
    "ch4_std": 0.0,
    "violation_rate": 0.4991316429315734,
    "violation_rate_std": 5.851389114294502e-17,
    "vfa_cvar95": 0.49913164293157347,
    "vfa_worst_episode": 0.49913164293157347,
    "overall_score": 0.7790269622938929,
    "score_worst": 0.779026962293893,
    "score_cvar95": -0.779026962293893,
    "terminated_rate": 0.0,
    "ph_mean": 7.256826717058499,
    "vfa_max_mean": 0.2220951354768102,
    "n_episodes": 10
  },
  "raw": {
    "reward_mean": 0.08221208171526032,
    "reward_std": 1.4628472785736255e-17,
    "ch4_avg": 1954.1181238524612,
    "ch4_std": 0.0,
    "violation_rate": 0.4991316429315734,
    "violation_rate_std": 5.851389114294502e-17,
    "vfa_cvar95": 0.49913164293157347,
    "vfa_worst_episode": 0.49913164293157347,
    "overall_score": 0.7790269622938929,
    "score_worst": 0.779026962293893,
    "score_cvar95": -0.779026962293893,
    "terminated_rate": 0.0,
    "ph_mean": 7.256826717058499,
    "vfa_max_mean": 0.2220951354768102,
    "n_episodes": 10
  }
}