{
  "record": {
    "obs_mode": "simple",
    "train_scenario": "nominal",
    "test_scenario": "temperature_drop",
    "algo": "sac",
    "reward_config": "safety_first",
    "seed": 42,
    "reward_mean": 0.6799926319045311,
    "reward_std": 0.0,
    "ch4_avg": 1578.385770095118,
    "ch4_std": 2.396728981215028e-13,
    "violation_rate": 0.0,
    "violation_rate_std": 0.0,
    "vfa_cvar95": 0.0,
    "vfa_worst_episode": 0.0,
    "overall_score": 0.8793013409071726,
    "score_worst": 0.8793013409071726,
    "score_cvar95": -0.8793013409071726,
    "terminated_rate": 0.0,
    "ph_mean": 7.206078463677505,
    "vfa_max_mean": 0.17798169143483816,
    "n_episodes": 10
  },
  "raw": {
    "reward_mean": 0.6799926319045311,
    "reward_std": 0.0,
    "ch4_avg": 1578.385770095118,
    "ch4_std": 2.396728981215028e-13,
    "violation_rate": 0.0,
    "violation_rate_std": 0.0,
    "vfa_cvar95": 0.0,
    "vfa_worst_episode": 0.0,
    "overall_score": 0.8793013409071726,
    "score_worst": 0.8793013409071726,
    "score_cvar95": -0.8793013409071726,
    "terminated_rate": 0.0,
    "ph_mean": 7.206078463677505,
    "vfa_max_mean": 0.17798169143483816,
    "n_episodes": 10
  }
}