{
  "record": {
    "obs_mode": "full",
    "train_scenario": "temperature_drop",
    "test_scenario": "low_load",
    "algo": "sac",
    "reward_config": "safety_first",
    "seed": 42,
    "reward_mean": 0.43889507067545963,
    "reward_std": 5.851389114294502e-17,
    "ch4_avg": 1046.3691326455594,
    "ch4_std": 0.0,
    "violation_rate": 0.0,
    "violation_rate_std": 0.0,
    "vfa_cvar95": 0.0,
    "vfa_worst_episode": 0.0,
    "overall_score": 0.673715022857749,
    "score_worst": 0.673715022857749,
    "score_cvar95": -0.673715022857749,
    "terminated_rate": 0.0,
    "ph_mean": 7.197005574633804,
    "vfa_max_mean": 0.18572975166019973,
    "n_episodes": 10
  },
  "raw": {
    "reward_mean": 0.43889507067545963,
    "reward_std": 5.851389114294502e-17,
    "ch4_avg": 1046.3691326455594,
    "ch4_std": 0.0,
    "violation_rate": 0.0,
    "violation_rate_std": 0.0,
    "vfa_cvar95": 0.0,
    "vfa_worst_episode": 0.0,
    "overall_score": 0.673715022857749,
    "score_worst": 0.673715022857749,
    "score_cvar95": -0.673715022857749,
    "terminated_rate": 0.0,
    "ph_mean": 7.197005574633804,
    "vfa_max_mean": 0.18572975166019973,
    "n_episodes": 10
  }
}