{
  "record": {
    "obs_mode": "full",
    "train_scenario": "high_load",
    "test_scenario": "shock_load",
    "algo": "sac",
    "reward_config": "safety_first",
    "seed": 789,
    "reward_mean": 0.7711676449016764,
    "reward_std": 0.0,
    "ch4_avg": 1802.6651421341073,
    "ch4_std": 0.0,
    "violation_rate": 0.0,
    "violation_rate_std": 0.0,
    "vfa_cvar95": 0.0,
    "vfa_worst_episode": 0.0,
    "overall_score": 0.9349059426287626,
    "score_worst": 0.9349059426287625,
    "score_cvar95": -0.9349059426287625,
    "terminated_rate": 0.0,
    "ph_mean": 7.226534718613318,
    "vfa_max_mean": 0.18889856232765206,
    "n_episodes": 10
  },
  "raw": {
    "reward_mean": 0.7711676449016764,
    "reward_std": 0.0,
    "ch4_avg": 1802.6651421341073,
    "ch4_std": 0.0,
    "violation_rate": 0.0,
    "violation_rate_std": 0.0,
    "vfa_cvar95": 0.0,
    "vfa_worst_episode": 0.0,
    "overall_score": 0.9349059426287626,
    "score_worst": 0.9349059426287625,
    "score_cvar95": -0.9349059426287625,
    "terminated_rate": 0.0,
    "ph_mean": 7.226534718613318,
    "vfa_max_mean": 0.18889856232765206,
    "n_episodes": 10
  }
}