{
  "record": {
    "obs_mode": "simple",
    "train_scenario": "shock_load",
    "test_scenario": "shock_load",
    "algo": "sac",
    "reward_config": "safety_first",
    "seed": 789,
    "reward_mean": 0.6759755417016503,
    "reward_std": 1.1702778228589004e-16,
    "ch4_avg": 1678.810147506599,
    "ch4_std": 2.396728981215028e-13,
    "violation_rate": 0.033692254254949636,
    "violation_rate_std": 0.0,
    "vfa_cvar95": 0.033692254254949636,
    "vfa_worst_episode": 0.033692254254949636,
    "overall_score": 0.8827209587482663,
    "score_worst": 0.8827209587482663,
    "score_cvar95": -0.8827209587482663,
    "terminated_rate": 0.0,
    "ph_mean": 7.217825859809442,
    "vfa_max_mean": 0.21174188754326223,
    "n_episodes": 10
  },
  "raw": {
    "reward_mean": 0.6759755417016503,
    "reward_std": 1.1702778228589004e-16,
    "ch4_avg": 1678.810147506599,
    "ch4_std": 2.396728981215028e-13,
    "violation_rate": 0.033692254254949636,
    "violation_rate_std": 0.0,
    "vfa_cvar95": 0.033692254254949636,
    "vfa_worst_episode": 0.033692254254949636,
    "overall_score": 0.8827209587482663,
    "score_worst": 0.8827209587482663,
    "score_cvar95": -0.8827209587482663,
    "terminated_rate": 0.0,
    "ph_mean": 7.217825859809442,
    "vfa_max_mean": 0.21174188754326223,
    "n_episodes": 10
  }
}