{
  "record": {
    "obs_mode": "simple",
    "train_scenario": "high_load",
    "test_scenario": "shock_load",
    "algo": "sac",
    "reward_config": "safety_first",
    "seed": 789,
    "reward_mean": 0.6101171798922771,
    "reward_std": 1.1702778228589004e-16,
    "ch4_avg": 1422.6670936198277,
    "ch4_std": 0.0,
    "violation_rate": 0.0,
    "violation_rate_std": 0.0,
    "vfa_cvar95": 0.0,
    "vfa_worst_episode": 0.0,
    "overall_score": 0.8542680755590254,
    "score_worst": 0.8542680755590255,
    "score_cvar95": -0.8542680755590255,
    "terminated_rate": 0.0,
    "ph_mean": 7.2160073530824125,
    "vfa_max_mean": 0.15819050152648795,
    "n_episodes": 10
  },
  "raw": {
    "reward_mean": 0.6101171798922771,
    "reward_std": 1.1702778228589004e-16,
    "ch4_avg": 1422.6670936198277,
    "ch4_std": 0.0,
    "violation_rate": 0.0,
    "violation_rate_std": 0.0,
    "vfa_cvar95": 0.0,
    "vfa_worst_episode": 0.0,
    "overall_score": 0.8542680755590254,
    "score_worst": 0.8542680755590255,
    "score_cvar95": -0.8542680755590255,
    "terminated_rate": 0.0,
    "ph_mean": 7.2160073530824125,
    "vfa_max_mean": 0.15819050152648795,
    "n_episodes": 10
  }
}