{
  "record": {
    "obs_mode": "simple",
    "train_scenario": "cold_winter",
    "test_scenario": "temperature_drop",
    "algo": "sac",
    "reward_config": "safety_first",
    "seed": 123,
    "reward_mean": 0.40334845901767286,
    "reward_std": 5.851389114294502e-17,
    "ch4_avg": 1063.1329585749804,
    "ch4_std": 0.0,
    "violation_rate": 0.0,
    "violation_rate_std": 0.0,
    "vfa_cvar95": 0.0,
    "vfa_worst_episode": 0.0,
    "overall_score": 0.7607178578641914,
    "score_worst": 0.7607178578641913,
    "score_cvar95": -0.7607178578641913,
    "terminated_rate": 0.0,
    "ph_mean": 7.183742380405749,
    "vfa_max_mean": 0.14362693157825818,
    "n_episodes": 10
  },
  "raw": {
    "reward_mean": 0.40334845901767286,
    "reward_std": 5.851389114294502e-17,
    "ch4_avg": 1063.1329585749804,
    "ch4_std": 0.0,
    "violation_rate": 0.0,
    "violation_rate_std": 0.0,
    "vfa_cvar95": 0.0,
    "vfa_worst_episode": 0.0,
    "overall_score": 0.7607178578641914,
    "score_worst": 0.7607178578641913,
    "score_cvar95": -0.7607178578641913,
    "terminated_rate": 0.0,
    "ph_mean": 7.183742380405749,
    "vfa_max_mean": 0.14362693157825818,
    "n_episodes": 10
  }
}